code,level,name,description
OBJ-01,رئيسي,تنويع الاقتصاد وتحفيزه (قطاعي السياحة والزراعة والصناعات المرتبطة),دفع عجلة النمو الاقتصادي من خلال تنويع اقتصاد المنطقة وتشجيع استثمارات القطاعين الخاص وغير الربحي في القطاعات المستهدفة (السياحي والزراعي).
OBJ-02,رئيسي,الارتقاء بجودة حياة السكان وتقليل تكلفة الخدمات,تحسين جودة الحياة في المنطقة بما في ذلك رفع جاهزية البنية التحتية للخدمات (مثل الصحة والتعليم)، وزيادة المشاركة المجتمعية.
OBJ-03,رئيسي,الاحتفاظ بالمواهب والكفاءات واستقطابها إلى منطقة الباحة,الاحتفاظ بالكفاءات واستقطابها في منطقة الباحة لضمان استدامة التنمية في المنطقة.
OBJ-04,رئيسي,الحفاظ على الهوية المحلية وتعزيزها,الحفاظ على الهوية المحلية للباحة وتعزيزها من خلال إحياء التراث المادي وغير المادي للمنطقة وتحسين هويتها البصرية والحفاظ عليها.
OBJ-S01,فرعي,تعزيز مكانة الباحة كوجهة للراحة والاستجمام,
OBJ-S02,فرعي,تنمية الطلب السياحي وزيادة عدد والعائد من الزوار,
OBJ-S03,فرعي,تقديم تجربة سياحية متكاملة لزوار الباحة,
OBJ-S04,فرعي,تعظيم إنتاج القطاع الزراعي في منطقة الباحة,
OBJ-S05,فرعي,تعزيز الصناعة الزراعية لزيادة نسبة القيمة المضافة لمنطقة الباحة,
OBJ-S06,فرعي,تحفيز كفاءة استخدام الموارد الطبيعية,
OBJ-S07,فرعي,ترسيخ هوية ثقافية وبصرية وعمرانية أصيلة ومتكاملة لمنطقة الباحة,
OBJ-S08,فرعي,رفع مشاركة وتمكين سكان الباحة في القطاعات ذات الأولوية,
OBJ-S09,فرعي,تعزيز التنظيم الاقتصادي المجتمعي في سلاسل القيمة ذات الأولوية,
OBJ-S10,فرعي,تطوير بنية تحتية اقتصادية داعمة للقطاعات ذات الأولوية,
OBJ-S11,فرعي,تعزيز الجاذبية الاستثمارية للباحة,