code,name,unit,direction,frequency,baseline_value,baseline_year,baseline_raw,baseline_year_raw,owner,objective,data_source,formula,cumulative_in_year,cumulative_annual,description
KPI-02,الناتج المحلي الإجمالي,عدد ( مليار ريال سعودي ),up,annual,26.3,2024,26.3,2024,المكتب الاستراتيجي لتطوير منطقة الباحة,تنويع الاقتصاد وتحفيزه (قطاعي السياحة والزراعة والصناعات المرتبطة),الناتج المحلي الإجمالي (مليار ر.س) = الهيئة العامة للإحصاء – الإحصاءات الاقتصادية / الحسابات القومية والحسابات الإقليمية – نشرة أو جداول الناتج المحلي الإجمالي حسب المنطقة والنشاط الاقتصادي,,non_cumulative,,يقيس المؤشر إجمالي القيمة الاقتصادية المضافة الناتجة عن الأنشطة الاقتصادية داخل منطقة الباحة خلال سنة محددة، وفق منهجية الحسابات الإقليمية المعتمدة لدى الهيئة العامة للإحصاء، ويُستخدم لقياس حجم النشاط الاقتصادي في المنطقة وتطوره السنوي
KPI-03,مساهمة القطاع الخاص في الناتج المحلي,نسبة مئوية,up,annual,46,2023,46%,2023,المكتب الاستراتيجي لتطوير منطقة الباحة,تنويع الاقتصاد وتحفيزه (قطاعي السياحة والزراعة والصناعات المرتبطة),الهيئة العامة للإحصاء – الإحصاءات الاقتصادية / الحسابات القومية والحسابات الإقليمية – نشرة أو جداول الحسابات الإقليمية / الناتج المحلي الإجمالي والقيمة المضافة حسب المنطقة والقطاع أو النشاط الاقتصادي,,non_cumulative,,يقيس نسبة مساهمة الأنشطة الاقتصادية التي يقودها القطاع الخاص في الناتج المحلي الإجمالي لمنطقة الباحة، ويعكس مدى تطور الاقتصاد القائم على الاستثمار وريادة الأعمال، ودور القطاع الخاص في خلق القيمة الاقتصادية وفرص العمل في المنطقة
KPI-04,نسبة المحتوى المحلي في مشاريع الاستراتيجية الوطنية لمنطقة الباحة,نسبة مئوية,up,annual,,,-,-,المكتب الاستراتيجي لتطوير منطقة الباحة,تنويع الاقتصاد وتحفيزه (قطاعي السياحة والزراعة والصناعات المرتبطة),المكتب الاستراتيجي لتطوير منطقة الباحة – إدارة المشاريع / المشتريات والعقود – تقرير متابعة المحتوى المحلي في مشاريع الاستراتيجية,,non_cumulative,,يقيس المؤشر نسبة المحتوى المحلي المحقق في عقود ومشتريات مشاريع استراتيجية منطقة الباحة خلال فترة القياس، من خلال احتساب الوزن النسبي للإنفاق المحلي على القوى العاملة والسلع والخدمات والموردين المحليين مقارنة بإجمالي الإنفاق أو قيمة العقود المرتبطة بالمشاريع
KPI-05,معدل البطالة بين السعوديين,نسبة مئوية,down,annual,6.5,2026,6.5%,Q1 2026,المكتب الاستراتيجي لتطوير منطقة الباحة,تنويع الاقتصاد وتحفيزه (قطاعي السياحة والزراعة والصناعات المرتبطة),الهيئة العامة للإحصاء – إحصاءات سوق العمل / مسح القوى العاملة – نشرة سوق العمل، جدول معدل البطالة للسعوديين حسب المنطقة الإدارية,,non_cumulative,,يقيس نسبة السعوديين القادرين على العمل والباحثين عنه دون الحصول على وظيفة من إجمالي قوة العمل السعودية في منطقة الباحة، ويعد من أهم المؤشرات لقياس كفاءة سوق العمل ومدى قدرة الاقتصاد المحلي على توليد فرص العمل للمواطنين
KPI-06,مساهمة الباحة في الإيرادات غير النفطية,عدد ( مليون ريال سعودي ),up,annual,26.3,2024,26.3,2024,المكتب الاستراتيجي لتطوير منطقة الباحة,تنويع الاقتصاد وتحفيزه (قطاعي السياحة والزراعة والصناعات المرتبطة),جمالي الإنفاق الخاضع لضريبة القيمة المضافة: الهيئة العامة للإحصاء / وزارة السياحة / بيانات الإنفاق والاستهلاك حسب المنطقة، مع مواءمتها مع بيانات ضريبة القيمة المضافة من هيئة الزكاة والضريبة والجمارك عند توفرها. الوعاء الزكوي أو الأرباح التجارية المقدرة: هيئة الزكاة والضريبة والجمارك – بيانات الزكاة للمنشآت، أو تقديرات الأرباح التجارية من بيانات المنشآت والأنشطة الاقتصادية في المنطقة. رسوم التراخيص والخدمات الحكومية: أمانة منطقة الباحة، وزارة السياحة، وزارة البلديات والإسكان، وزارة التجارة، والجهات الحكومية ذات العلاقة حسب نوع الترخيص أو الخدمة,المستهدفا ت,cumulative,,يقيس المؤشر المساهمة التقديرية لمنطقة الباحة في الإيرادات غير النفطية الوطنية الناتجة عن النشاط الاقتصادي داخل المنطقة، من خلال تقدير الإيرادات الحكومية المرتبطة بثلاثة مكونات رئيسية: ضريبة القيمة المضافة على الإنفاق الخاضع للضريبة داخل المنطقة، والزكاة المقدّرة على الوعاء الزكوي أو الأرباح التجارية المقدرة للمنشآت، ورسوم التراخيص والخدمات الحكومية المحصلة من الأنشطة ذات العلاقة. ولا يمثل المؤشر إجمالي الإيرادات غير النفطية المحصلة فعليًا داخل المنطقة، نظرًا لأن بعض الإيرادات تُحصّل أو تُسجل مركزيًا، وإنما يُستخدم كمؤشر تقديري لقياس أثر نمو اقتصاد الباحة على الإيرادات غير النفطية الوطنية
KPI-07,"ترتيب الباحة في المؤشر الوطني ""جودة الحياة في المدن""",ترتيب,down,annual,,,-,-,المكتب الاستراتيجي لتطوير منطقة الباحة,الارتقاء بجودة حياة السكان وتقليل تكلفة الخدمات,مركز برنامج جودة الحياة – المؤشر الوطني لجودة الحياة في المدن / تقرير رصد تقدم جودة الحياة في مدن المملكة,,non_cumulative,,يقيس المؤشر ترتيب مدينة الباحة ضمن المؤشر الوطني لجودة الحياة في المدن، بناءً على الدرجة المركبة التي تقيم مستوى جودة الحياة في المدينة وفق الأبعاد والمحاور المعتمدة لدى الجهة المالكة للمؤشر، مثل الرفاه الحضري، توفر الخدمات، أسلوب الحياة، البيئة الحضرية، السلامة، والفرص
KPI-08,نسبة المواقع التراثية المعاد تأهيلها في منطقة الباحة,نسبة مئوية,up,annual,,2028,-,نهاية الربع الأول من 2028,المكتب الاستراتيجي لتطوير منطقة الباحة,الحفاظ على الهوية المحلية وتعزيزها,وزارة الثقافة، هيئة التراث، أمانة منطقة الباحة، تقارير مشاريع التطوير والترميم,,cumulative,,يقيس المؤشر نسبة المواقع التراثية في منطقة الباحة التي تم إعادة تأهيلها وفق معايير المحافظة على التراث والجاهزية التشغيلية، مقارنة بإجمالي المواقع التراثية المعتمدة ضمن النطاق الرسمي للمؤشر خلال الفترة الزمنية المحددة. ويقصد بـ “المواقع التراثية” في هذا المؤشر: المواقع أو المباني أو القرى أو المعالم ذات القيمة التراثية أو التاريخية أو الثقافية في منطقة الباحة، والمعتمدة ضمن السجلات أو البرامج الرسمية ذات العلاقة، بما يشمل القرى التراثية، والمباني التراثية، والمعالم التاريخية، والمواقع ذات الطابع التراثي المرتبطة بهوية المنطقة. ويقصد بـ “إعادة التأهيل”: استكمال أعمال الترميم والتأهيل والحفاظ على عناصر الموقع التراثية، وتحقيق الحد الأدنى من الجاهزية التشغيلية أو الوظيفية للموقع، بما يتيح استخدامه أو زيارته أو توظيفه ثقافيًا أو سياحيًا أو مجتمعيًا وفق طبيعة الموقع. ولا يشمل المؤشر أعمال الصيانة الجزئية غير المكتملة، أو المواقع التي لم تستكمل متطلبات الجاهزية، أو المواقع غير المعتمدة ضمن النطاق الرسمي للمؤشر. ويعكس المؤشر مستوى التقدم في حماية الأصول التراثية في منطقة الباحة وإعادة توظيفها بما يدعم الهوية الثقافية والتنمية السياحية والمجتمعية.
KPI-09,نسبة المنتقلين إلى الخارج من سكان المنطقة,نسبة مئوية,down,annual,8.5,2024,8.5%,2024,المكتب الاستراتيجي لتطوير منطقة الباحة,الاحتفاظ بالمواهب والكفاءات واستقطابها إلى منطقة الباحة,الهيئة العامة للإحصاء – الإحصاءات السكانية / بيانات السكان والهجرة الداخلية – جداول أو تقارير حركة السكان حسب المنطقة الإدارية,,non_cumulative,,يقيس المؤشر نسبة السكان الذين انتقلوا من منطقة الباحة إلى مناطق أخرى داخل المملكة أو إلى خارج المنطقة خلال فترة القياس، مقارنة بإجمالي سكان منطقة الباحة، بما يعكس مستوى الهجرة الخارجة من المنطقة وقدرتها على الاحتفاظ بسكانها
KPI-10,عدد الوظائف المستحدثة,عدد (ألف وظيفة),up,annual,,,-,-,المكتب الاستراتيجي لتطوير منطقة الباحة,الاحتفاظ بالمواهب والكفاءات واستقطابها إلى منطقة الباحة,المكتب الاستراتيجي لتطوير منطقة الباحة – إدارة الأداء ومتابعة تنفيذ الاستراتيجية / تقرير متابعة أثر المبادرات والمشاريع على الوظائف، بالاستناد إلى تقارير تنفيذ المبادرات والمشاريع، وبيانات الجهات المنفذة، وبيانات سوق العمل من الجهات الرسمية ذات العلاقة مثل وزارة الموارد البشرية والتنمية الاجتماعية، المرصد الوطني للعمل، والمؤسسة العامة للتأمينات الاجتماعية عند توفرها,,cumulative,,يقيس المؤشر إجمالي عدد فرص العمل الجديدة التي يتم استحداثها داخل منطقة الباحة نتيجة تنفيذ مبادرات ومشاريع الاستراتيجية، بما يشمل الوظائف المستدامة الناتجة عن المشاريع والمبادرات، والوظائف المؤقتة المرتبطة بتأسيس أو بناء المشاريع المرتبطة . وي تم احتساب الوظائف المستحدثة بناءً على صافي الوظائف الجديدة المرتبطة بتنفيذ الاستراتيجية، مع توثيق مصدر كل وظيفة وربطها بالمبادرة أو المشروع ذي العلاقة، واستبعاد أي وظائف قائمة أو منقولة أو مكررة لضمان عدم تضخيم الأثر
KPI-12,عدد وجهات الاستجمام المفعلة في منطقة الباحة,عدد (وجهة),up,annual,0,2025,0,2025,المكتب الاستراتيجي لتطوير منطقة الباحة,تعزيز مكانة الباحة كوجهة للراحة والاستجمام,وزارة السياحة – الإدارة العامة للتراخيص والتصنيف – تقارير الوجهات والمنشآت السياحية,,cumulative,,يقيس المؤشر عدد وجهات الاستجمام الطبيعية في منطقة الباحة التي استوفت الحد الأدنى من معايير الجاهزية والتشغيل لاستقبال الزوار المحليين والإقليميين خلال الفترة الزمنية المحددة، بما يشمل الوجهات الواقعة ضمن البيئات الطبيعية في المنطقة مثل البيئات الجبلية، والغابات، والمزارع، والمواقع ذات الطابع الهادئ. ويقصد بوجهات الاستجمام في هذا المؤشر: المواقع أو التجارب الطبيعية منخفضة الكثافة التي تتيح للزوار الراحة الجسدية والذهنية، والاسترخاء، والاستمتاع بالهدوء والطبيعة، والتنزه الخفيف، والجلسات الخارجية، بعيدًا عن الأنشطة السياحية عالية الكثافة أو أنشطة المغامرات المتخصصة. وتُعد الوجهة “مفعلة وجاهزة” عند استيفائها لمعايير محددة تشمل: الجاهزية التشغيلية، توفر الخدمات الأساسية، إمكانية الوصول، السلامة، وتوفر عناصر التجربة الاستجمامية الملائمة للفئة المستهدفة. ويشمل نطاق المؤشر الوجهات الواقعة ضمن النطاق الجغرافي المعتمد للاستراتيجية.
KPI-13,عدد الزوار السياحيين لمنطقة الباحة,عدد (مليون زائر),up,quarterly,1.14,2025,1.14,2025,المكتب الاستراتيجي لتطوير منطقة الباحة,تنمية الطلب السياحي وزيادة عدد والعائد من الزوار,وزارة السياحة – وكالة البيانات ودعم القرار – نظام الإحصاءات السياحية / لوحة مؤشرات السياحة أو التقرير الإحصائي السنوي للسياحة,,cumulative,,يقيس المؤشر إجمالي عدد الزوار السياحيين الذين يقصدون منطقة الباحة خلال الفترة الزمنية المحددة لأغراض السياحة، أو الترفيه أو حضور الفعاليات أو زيارة الأصدقاء والأقارب، وفقًا لمنهجيات وتعريفات وزارة السياحة المعتمدة. ويشمل المؤشر: زوار المبيت الذين يقضون ليلة واحدة على الأقل، وزوار اليوم الواحد لأغراض سياحية أو ترفيهية. ولا يشمل: المسافرين العابرين (الترانزيت)، التنقلات اليومية لأغراض العمل، العمالة المؤقتة، أو الزيارات غير المصنفة كسياحية وفق المنهجية المعتمدة. ويعكس المؤشر حجم الطلب السياحي والجاذبية السياحية لمنطقة الباحة.
KPI-14,إجمالي الإنفاق السياحي السنوي في منطقة الباحة,عدد (مليار ريال),up,annual,0.95,2025,0.95,2025,المكتب الاستراتيجي لتطوير منطقة الباحة,تنمية الطلب السياحي وزيادة عدد والعائد من الزوار,وزارة السياحة – وكالة البيانات ودعم القرار – نظام إحصاءات السياحة ( STS ) / لوحة مؤشرات السياحة أو التقرير الإحصائي السنوي للسياحة,,cumulative,,يقيس المؤشر إجمالي قيمة الإنفاق السياحي للزوار في منطقة الباحة خلال الفترة الزمنية المحددة، وفقًا لمنهجيات وتعريفات وزارة السياحة المعتمدة، ويشمل الإنفاق المرتبط بالرحلة داخل المنطقة على: الإقامة، والمطاعم والمقاهي، والأنشطة الترفيهية، والتسوق، والنقل الداخلي، والخدمات السياحية الأخرى. ويشمل المؤشر: زوار المبيت، وزوار اليوم الواحد لأغراض سياحية أو ترفيهية. ولا يشمل: المسافرين العابرين (الترانزيت)، التنقلات اليومية للعمل، العمالة المؤقتة، أو الإنفاق غير المرتبط بالنشاط السياحي داخل المنطقة. كما يقتصر القياس على الإنفاق داخل منطقة الباحة، دون احتساب تكاليف السفر الدولي أو النقل للوصول إلى المنطقة من خارجها. ويعكس المؤشر حجم العائد الاقتصادي المباشر من النشاط السياحي ومساهمة القطاع السياحي في الاقتصاد المحلي. يشمل الإنفاق السياحي إجمالي المصروفات الاستهلاكية التي يتحملها الزائر أو تُدفع نيابة عنه لغرض الرحلة أو الإقامة، ولا يشمل المشتريات لأغراض تجارية أو إعادة البيع، أو الاستثمارات والمعاملات الرأسمالية، أو المبالغ النقدية المقدمة للأقارب والأصدقاء التي لا تمثل مقابل سلع أو خدمات سياحية.
KPI-15,درجة مؤشر التوصية بالوجهة السياحية في الباحة - NPS,عدد (درجة),up,quarterly,65,2025,65,2025,المكتب الاستراتيجي لتطوير منطقة الباحة,تقديم تجربة سياحية متكاملة لزوار الباحة,وزارة السياحة والهيئة السعودية للسياحة - تقرير صوت الزائر,,non_cumulative,,يقيس المؤشر مدى استعداد زوار منطقة الباحة للتوصية بها كوجهة سياحية للآخرين، استنادًا إلى تقييمهم لتجربتهم السياحية وفق منهجية صافي نقاط الترويج ( Net Promoter Score – NPS ) . ويتم قياس المؤشر من خلال استبيانات دورية تستهدف الزوار السياحيين للمنطقة، بما يشمل: زوار المبيت، وزوار اليوم الواحد لأغراض سياحية أو ترفيهية، وفق عينة إحصائية معتمدة تمثل مختلف شرائح الزوار والمواسم السياحية. ولا يشمل المؤشر: المسافرين العابرين (الترانزيت)، التنقلات اليومية للعمل، أو الزيارات غير المصنفة كسياحية. ويعكس المؤشر مستوى رضا الزوار وجودة التجربة السياحية واحتمالية تكرار الزيارة والتوصية بالوجهة للآخرين.
KPI-16,نسبة رضا الزوار عن التجربة السياحية في منطقة الباحة,نسبة مئوية,up,quarterly,69,2025,69%,2025,المكتب الاستراتيجي لتطوير منطقة الباحة,تقديم تجربة سياحية متكاملة لزوار الباحة,وزارة السياحة والهيئة السعودية للسياحة - تقرير صوت الزائر,,non_cumulative,,يقيس المؤشر نسبة رضا الزوار السياحيين عن تجربتهم في منطقة الباحة، من خلال تقييم مختلف عناصر التجربة السياحية، بما يشمل جودة الخدمات، والمرافق، وسهولة التنقل، وتنوع الأنشطة، وجودة البيئة السياحية. ويتم قياس المؤشر عبر استبيانات دورية تستهدف: زوار المبيت، وزوار اليوم الواحد لأغراض سياحية أو ترفيهية، وفق عينة إحصائية معتمدة تمثل مختلف شرائح الزوار والمواسم السياحية. ولا يشمل المؤشر: المسافرين العابرين (الترانزيت)، التنقلات اليومية للعمل، أو الزيارات غير المصنفة كسياحية. ويعكس المؤشر مستوى جودة التجربة السياحية ومدى توافقها مع توقعات الزوار.
KPI-17,إجمالي حجم إنتاج منطقة الباحة من المنتجات الزراعية المنتقاة بالطن,عدد (طن),up,annual,4479,2024,4479,2024,وزارة البيئة والمياه والزراعة فرع الوزارة بمنطقة الباحة,تعظيم إنتاج القطاع الزراعي في منطقة الباحة,وزارة البيئة والمياه والزراعة فرع الوزارة بمنطقة الباحة - إدارة الزراعة - منتجات منطقة الباحة الزراعية,,non_cumulative,,يقيس المؤشر إجمالي حجم الإنتاج السنوي للمنتجات الزراعية المنتقاة ذات الأهمية الاقتصادية في منطقة الباحة، وتشمل: العسل، والرمان، والبن، واللوز، والبرشومي ، والمانجو وذلك وفق الكميات المنتجة الجاهزة للتسويق أو الاستخدام الاقتصادي خلال الفترة الزمنية المحددة. ويشمل المؤشر: الإنتاج التجاري، والإنتاج الفردي المرخص أو المسجل ضمن الأنشطة الزراعية المعتمدة. ويتم احتساب الإنتاج وفق الحالة النهائية الأساسية لكل منتج قبل عمليات التصنيع أو التحويل الغذائي. ولا يشمل: المنتجات المعاد تصنيعها، والمنتجات التحويلية الثانوية، أو الإنتاج غير المرتبط بالنشاط الاقتصادي الزراعي المعتمد. ويعكس المؤشر مستوى تطور إنتاج المنتجات الزراعية ذات الميزة النسبية في المنطقة
KPI-18,عدد منشآت الصناعات الغذائية التحويلية المرخصة في منطقة الباحة,عدد ( منشأة ),up,annual,4,2025,4,2025,المكتب الاستراتيجي لتطوير منطقة الباحة,تعزيز الصناعة الزراعية لزيادة نسبة القيمة المضافة لمنطقة الباحة,وزارة الصناعة والثروة المعدنية - قواعد بيانات التراخيص الصناعية,,cumulative,,يقيس المؤشر عدد المنشآت المرخصة والعاملة في الصناعات الغذائية التحويلية في منطقة الباحة خلال الفترة الزمنية المحددة، بما يشمل منشآت تصنيع وتعليب وتغليف ومعالجة المنتجات الزراعية والغذائية. ويقتصر المؤشر على المنشآت المسجلة والمرخصة رسميًا، والحاصلة على السجلات والتراخيص ذات العلاقة بالنشاط الصناعي أو الغذائي، وتشمل المصانع والمعامل والمنشآت التجارية ذات النشاط التحويلي الغذائي. ولا يشمل: الأنشطة المنزلية غير المرخصة، أو الإنتاج غير التجاري، أو الأنشطة التي لا تتضمن عمليات تحويل أو معالجة غذائية. ويعكس المؤشر مستوى تطور البنية الصناعية المرتبطة بسلاسل القيمة الزراعية والغذائية في المنطقة.
KPI-19,معدل كفاءة الإنتاج الزراعي لكل متر مكعب من المياه المستخدمة,عدد ( كجم/م3 ),up,semiannual,,2028,-,نهاية الربع الأول من 2028,المكتب الاستراتيجي لتطوير منطقة الباحة,تحفيز كفاءة استخدام الموارد الطبيعية,وزارة البيئة والمياه والزراعة - سجلات الري والاستهلاك المائي الزراعي,,non_cumulative,,يقيس المؤشر معدل كفاءة الإنتاج الزراعي مقابل حجم المياه المستخدمة في الأنشطة الزراعية بمنطقة الباحة، وذلك من خلال احتساب كمية الإنتاج الزراعي (بالكيلوجرام) لكل متر مكعب من المياه المستخدمة خلال الفترة الزمنية المحددة. ويقتصر المؤشر على: المحاصيل الزراعية النباتية المروية، الأنشطة الزراعية المشمولة ضمن نطاق القياس المعتمد. ولا يشمل: الزراعة المحمية، أو الأنشطة غير المرتبطة بالإنتاج الزراعي النباتي، أو الاستخدامات المائية غير الزراعية. ويشمل احتساب المياه المستخدمة: المياه الجوفية، والمياه المعالجة المستخدمة للري، ومصادر المياه الزراعية المعتمدة ضمن نطاق القياس. ولا يشمل: مياه الأمطار والسيول غير المقاسة، أو الاستخدامات غير المرتبطة بالإنتاج الزراعي المشمول بالمؤشر. ويعكس المؤشر كفاءة استخدام الموارد المائية في القطاع الزراعي ومدى تحسين الإنتاجية الزراعية باستخدام الموارد المتاحة.
KPI-20,نسبة المواقع التراثية المعاد تأهيلها في منطقة الباحة,نسبة مئوية,up,annual,,,-,NA,المكتب الاستراتيجي لتطوير منطقة الباحة,ترسيخ هوية ثقافية وبصرية وعمرانية أصيلة ومتكاملة لمنطقة الباحة,وزارة الثقافة، هيئة التراث، أمانة منطقة الباحة، تقارير مشاريع التطوير والترميم,,cumulative,,يقيس المؤشر نسبة المواقع التراثية في منطقة الباحة التي تم إعادة تأهيلها وفق معايير المحافظة على التراث والجاهزية التشغيلية، مقارنة بإجمالي المواقع التراثية المعتمدة ضمن النطاق الرسمي للمؤشر خلال الفترة الزمنية المحددة. ويقصد بـ “المواقع التراثية” في هذا المؤشر: المواقع أو المباني أو القرى أو المعالم ذات القيمة التراثية أو التاريخية أو الثقافية في منطقة الباحة، والمعتمدة ضمن السجلات أو البرامج الرسمية ذات العلاقة، بما يشمل القرى التراثية، والمباني التراثية، والمعالم التاريخية، والمواقع ذات الطابع التراثي المرتبطة بهوية المنطقة. ويقصد بـ “إعادة التأهيل”: استكمال أعمال الترميم والتأهيل والحفاظ على عناصر الموقع التراثية، وتحقيق الحد الأدنى من الجاهزية التشغيلية أو الوظيفية للموقع، بما يتيح استخدامه أو زيارته أو توظيفه ثقافيًا أو سياحيًا أو مجتمعيًا وفق طبيعة الموقع. ولا يشمل المؤشر أعمال الصيانة الجزئية غير المكتملة، أو المواقع التي لم تستكمل متطلبات الجاهزية، أو المواقع غير المعتمدة ضمن النطاق الرسمي للمؤشر. ويعكس المؤشر مستوى التقدم في حماية الأصول التراثية في منطقة الباحة وإعادة توظيفها بما يدعم الهوية الثقافية والتنمية السياحية والمجتمعية.
KPI-21,عدد الفعاليات الثقافية والسياحية والتراثية المقامة في منطقة الباحة,عدد (فعالية),up,annual,41,2025,41,2025,المكتب الاستراتيجي لتطوير منطقة الباحة,ترسيخ هوية ثقافية وبصرية وعمرانية أصيلة ومتكاملة لمنطقة الباحة,المركز الوطني للفعاليات - إدارة بيانات وتقارير الفعاليات - نظام / تقرير الفعاليات المقامة حسب المنطقة، بالتنسيق مع الجهات المالكة للفعاليات ذات العلاقة,,cumulative,,يقيس المؤشر عدد الفعاليات الثقافية والسياحية والتراثية والترفيهية والرياضية المقامة في منطقة الباحة خلال الفترة الزمنية المحددة، بما يشمل: المهرجانات، المواسم السياحية، الفعاليات الثقافية، العروض الفنية، المعارض، والأنشطة التراثية المعتمدة. ويتم احتساب الفعالية عند: تنظيمها بشكل رسمي، وفتحها للجمهور، وتحقيق الحد الأدنى من متطلبات التشغيل أو الحضور المعتمدة ضمن منهجية القياس. ويشمل المؤشر الفعاليات المنظمة من: الجهات الحكومية، والقطاع الخاص، والجهات غير الربحية، ضمن النطاق الجغرافي المعتمد لمنطقة الباحة. ولا يشمل: الاجتماعات الداخلية، أو ورش العمل المغلقة، أو الأنشطة غير المفتوحة للجمهور، أو الفعاليات غير المعتمدة رسميًا ضمن نطاق المؤشر. ويعكس المؤشر مستوى تنوع وحيوية الأنشطة الثقافية والسياحية ومدى مساهمتها في تعزيز جاذبية المنطقة وإثراء تجربة السكان والزوار.
KPI-22,عدد خريجي برامج التدريب والتأهيل في القطاعات ذات الأولوية,عدد (متدرب),up,quarterly,,2028,-,نهاية الربع الأول من 2028,المكتب الاستراتيجي لتطوير منطقة الباحة,رفع مشاركة وتمكين سكان الباحة في القطاعات ذات الأولوية,المؤسسة العامة للتدريب التقني والمهني – إدارات التدريب بمنطقة الباحة – سجلات البرامج التدريبية,,cumulative,,يقيس المؤشر عدد الأفراد من سكان منطقة الباحة الذين أكملوا بنجاح برامج التدريب أو التأهيل المرتبطة بالقطاعات ذات الأولوية خلال الفترة الزمنية المحددة، بما يشمل: السياحة، والزراعة، والصناعات المرتبطة، والأنشطة الاقتصادية ذات العلاقة. ويشمل المؤشر: الرجال والنساء، والبرامج التدريبية والتأهيلية المعتمدة التي تستوفي الحد الأدنى من متطلبات التدريب المعتمدة ضمن منهجية القياس. ويقصد ببرامج التدريب والتأهيل: البرامج المهنية، والدبلومات، والدورات التخصصية، وبرامج بناء المهارات المرتبطة باحتياجات سوق العمل. ولا يشمل: ورش العمل القصيرة غير المعتمدة، أو البرامج التعريفية العامة، أو البرامج غير المرتبطة بالقطاعات ذات الأولوية. ويعكس المؤشر مستوى تطوير المهارات ومواءمة مخرجات التدريب مع احتياجات القطاعات المستهدفة.
KPI-23,عدد الكيانات المجتمعية الاقتصادية المرخصة في منطقة الباحة,عدد (كيان),up,quarterly,,2028,-,نهاية الربع الأول من 2028,المكتب الاستراتيجي لتطوير منطقة الباحة,تعزيز التنظيم الاقتصادي المجتمعي في سلاسل القيمة ذات الأولوية,المركز الوطني لتنمية القطاع غير الربحي - إدارة البيانات والسجلات - السجل الوطني للجهات غير الربحية / تقرير الجهات غير الربحية حسب المنطقة والنشاط,,cumulative,,يقيس المؤشر عدد الكيانات المجتمعية الاقتصادية المرخصة والعاملة في منطقة الباحة خلال الفترة الزمنية المحددة، ويقصد بها الكيانات غير الربحية أو التعاونية أو الإنتاجية ذات النشاط الاقتصادي أو الإنتاجي المرتبط بالقطاعات ذات الأولوية في المنطقة، مثل الزراعة، السياحة، الحرف، التراث، والمنتجات المحلية. ويشمل المؤشر الكيانات التي تستوفي شرطين رئيسيين: أن تكون مرخصة أو مسجلة لدى الجهة الرسمية المختصة، وأن تكون عاملة من خلال ممارسة نشاط اقتصادي أو إنتاجي أو تقديم خدمة مرتبطة بسلاسل القيمة ذات الأولوية خلال سنة القياس. ولا يشمل المؤشر الكيانات غير المرخصة، أو الكيانات غير النشطة، أو الكيانات ذات الطابع الاجتماعي العام التي لا تمارس نشاطًا اقتصاديًا أو إنتاجيًا مرتبطًا بنطاق المؤشر.
KPI-24,إجمالي عدد مفاتيح مرافق الإيواء السياحي المرخصة في منطقة الباحة,عدد (مفتاح),up,annual,2910,2025,"2,910",2025,المكتب الاستراتيجي لتطوير منطقة الباحة,تطوير بنية تحتية اقتصادية داعمة للقطاعات ذات الأولوية,وزارة السياحة – وكالة الشؤون التنظيمية والسياسات / الإدارة المختصة بالتراخيص السياحية – بوابة تراخيص الأنشطة السياحية / سجل تراخيص مرافق الضيافة السياحية,,cumulative,,يقيس المؤشر إجمالي عدد مفاتيح الإيواء (الغرف والوحدات الإيوائية ) المتاحة ضمن مرافق الإيواء السياحي المرخصة في منطقة الباحة خلال الفترة الزمنية المحددة. ويشمل المؤشر: الفنادق، والشقق الفندقية، والمنتجعات، والنزل البيئية، ومرافق الضيافة السياحية المرخصة من وزارة السياحة. ويقصد بالمفاتيح: الغرف، أو الوحدات الإيوائية القابلة للتشغيل واستقبال النزلاء. ولا يشمل: مرافق الإيواء غير المرخصة، أو الوحدات غير الجاهزة للتشغيل، أو المرافق الخارجة عن تصنيف الإيواء السياحي المعتمد. ويعكس المؤشر مستوى جاهزية الطاقة الاستيعابية للإيواء السياحي وقدرة المنطقة على استيعاب نمو الطلب السياحي.
KPI-25,إجمالي عدد المسافرين عبر مطار الباحة سنويًا,عدد ( ألف مسافر ),up,quarterly,421,2024,421,2024,المكتب الاستراتيجي لتطوير منطقة الباحة,تطوير بنية تحتية اقتصادية داعمة للقطاعات ذات الأولوية,الهيئة العامة للطيران المدني - إحصاءات النقل الجوي الوطنية,,cumulative,,"يقيس المؤشر إجمالي عدد المسافرين القادمين والمغادرين عبر الرحلات الجوية التجارية من وإلى مطار الباحة خلال الفترة الزمنية المحددة، وفق بيانات وتعريفات الهيئة العامة للطيران المدني. ويشمل المؤشر: المسافرين القادمين، والمسافرين المغادرين، عبر الرحلات التجارية المنتظمة أو غير المنتظمة. ولا يشمل: مسافري العبور ""الترانزيت"" الذين لا يدخلون المنطقة فعليًا، أو أطقم الطائرات ،أو الرحلات غير التجارية غير المشمولة ضمن نطاق القياس المعتمد. ويعكس المؤشر حجم حركة المسافرين عبر مطار الباحة، ومدى مساهمة النقل الجوي في دعم الحركة السياحية والاقتصادية في المنطقة."
KPI-26,إجمالي قيمة الاستثمارات الخاصة المنفذة في القطاعات ذات الأولوية بمنطقة الباحة,عدد (مليار ريال ),up,annual,0,2025,0,2025,المكتب الاستراتيجي لتطوير منطقة الباحة,تعزيز الجاذبية الاستثمارية للباحة,وزارة الاستثمار - تقرير إحصاءات الاستثمار الأجنبي المباشر في المملكة العربية السعودية,,cumulative,,يقيس المؤشر إجمالي قيمة الاستثمارات الرأسمالية التي ينفذها القطاع الخاص في القطاعات ذات الأولوية بمنطقة الباحة خلال الفترة الزمنية المحددة، بما يشمل: السياحة، والزراعة، والصناعات الغذائية التحويلية، والأنشطة الاقتصادية المرتبطة بها. ويقصد بالاستثمارات المنفذة: الاستثمارات التي تم تنفيذها فعليًا أو البدء في تنفيذها وفق التراخيص أو الاعتمادات الرسمية المعتمدة من الجهات ذات العلاقة. ويشمل المؤشر: المشاريع الجديدة، والتوسعات الرأسمالية، والاستثمارات المحلية والأجنبية الخاصة المرتبطة بالقطاعات المستهدفة. ولا يشمل: الاستثمارات الحكومية، أو المشاريع غير المعتمدة، أو الاستثمارات غير المرتبطة بالقطاعات ذات الأولوية، أو الاستثمارات المعلنة غير المنفذة فعليًا. ويعكس المؤشر مستوى جذب الاستثمارات الخاصة الناتجة عن تنفيذ الاستراتيجية ودورها في دعم النمو الاقتصادي وتنويع القاعدة الإنتاجية في المنطقة.