code,name,owner,funder,pillar,objective,economy_color,start_date,end_date,budget_capital,budget_operational,budget_total,description,problem,impact,outputs,operational_kpis,stakeholders
01.01,تطوير المخطط السياحي وخارطة الوجهات والمشاريع ذات الأولوية وخطة تفعيلها في منطقة الباحة,المكتب الاستراتيجي لتطوير منطقة الباحة,المكتب الاستراتيجي لتطوير منطقة الباحة,السياحة,تنمية الطلب السياحي وزيادة عدد والعائد من الزوار,الاقتصاد البرتقالي/ الاقتصاد السياحي,31/03/2027,30/09/2029,12000000,0,12000000,تطوير مخطط سياحي متكامل لمنطقة الباحة يحدد التجمعات والوجهات السياحية ذات الأولوية وتوزيعها المكاني (طبيعية، ثقافية، رياضية، صحية) ، ويربط بينها وبين المقومات والخدمات والبنية التحتية الداعمة، مع تحديد وترتيب المشاريع السياحية ذات الأولوية ووضع خارطة طريق مرحلية لتفعيلها، بما يعزز جاهزية الوجهات للاستثمار والتطوير ويرفع جاذبية المنطقة السياحية.,غياب مخطط سياحي متكامل يحدد التجمعات والوجهات السياحية وأدوارها وأولويات تطويرها على مستوى منطقة الباحة. ضعف استغلال المقومات الطبيعية والثقافية والسياحية بالشكل الأمثل. محدودية الترابط والتكامل بين التجمعات والوجهات السياحية والمشاريع والخدمات والبنية التحتية الداعمة، بما يحد من تكوين تجارب سياحية متكاملة. عدم وجود ترتيب واضح للمشاريع السياحية ذات الأولوية وخطة مرحلية متفق عليها لتفعيلها واستقطاب الاستثمار نحوها.,رفع جاهزية التجمعات والوجهات والمشاريع السياحية ذات الأولوية للاستثمار والتطوير والتنفيذ. زيادة جاذبية الوجهات وتحسين تكامل تجربة الزائر، بما يدعم زيادة عدد الزوار وعائدهم السياحي. تنويع المنتجات والتجارب السياحية عبر تطوير تجمعات ووجهات ذات عروض سياحية متمايزة ومتكاملة. تحفيز الاستثمارات السياحية. تعزيز مساهمة القطاع السياحي في دعم الاقتصاد المحلي وخلق فرص العمل.,1 مخطط سياحي هيكلي وتفصيلي شامل لمنطقة الباحة ; 1 قاعدة بيانات مرجعية سياحية موحدة ومتكاملة ; 1 تقرير شامل لمقومات وتحديات القطاع السياحي في منطقة الباحة ; 1 خريطة للوجهات والمحاور السياحية في المنطقة ; 1 وثيقة محفظة المشاريع السياحية ذات الأولوية ; 1 إطار حوكمة وإدارة الوجهة السياحية ; 1 خطة تفعيل مرحلية للتجمعات والوجهات والمشاريع ذات الأولوية,نسبة إنجاز تطوير المخطط السياحي وخارطة التجمعات والوجهات السياحية (%) ; عدد المشاريع السياحية ذات الأولوية التي تم تحديدها وتقييمها وإدراجها ضمن خطة التفعيل ; نسبة المشاريع ذات الأولوية التي تم إعداد خطط تفعيل واضحة لها (%) ; نسبة التجمعات والوجهات ذات الأولوية التي تم تحديد متطلبات تطويرها وتفعيلها (%),وزارة السياحة ; الجهات الحكومية المعنية بالسياحة والتخطيط والتنمية ; المستثمرون ومشغلو المشاريع والوجهات السياحية ; المجتمع المحلي ورواد الأعمال ; الزوار والسياح المحليون والدوليون
01.02,تطوير المخطط التفصيلي للمنتجات السياحية ذات الأولوية داخل النطاقات السياحية ورفع جاهزيتها للاستثمار والتشغيل في منطقة الباحة,المكتب الاستراتيجي لتطوير منطقة الباحة,المكتب الاستراتيجي لتطوير منطقة الباحة,السياحة,تقديم تجربة سياحية متكاملة لزوار الباحة,الاقتصاد البرتقالي/ الاقتصاد السياحي,31/03/2027,31/12/2029,25000000,4600000,29600000,تطوير مخططات تفصيلية للمنتجات السياحية ذات الأولوية داخل النطاقات السياحية في منطقة الباحة، تشمل تحديد استخداماتها ومكوناتها وتوزيعها المكاني، وتحليل متطلبات البنية التحتية والخدمات والاشتراطات التنظيمية، وتحديد فجوات الجاهزية الاستثمارية والتشغيلية ومعالجتها، بما يرفع جاهزية المنتجات للطرح والاستثمار والتشغيل.,محدودية المخططات التفصيلية التي تحدد مواقع ومكونات واستخدامات المنتجات السياحية ذات الأولوية داخل النطاقات السياحية. محدودية تطوير وتصميم منتجات وتجارب سياحية متكاملة وقابلة للتشغيل تستفيد من المقومات التنافسية لكل نطاق. محدودية جاهزية المنتجات والمواقع ذات الأولوية من حيث البنية التحتية والملكيات والموافقات والمتطلبات التطويرية والاستثمارية والتشغيلية. محدودية تنوع وتكامل وجودة المنتجات والتجارب السياحية المقدمة للزوار داخل النطاقات السياحية,رفع جودة وتنوع وتكامل المنتجات والتجارب السياحية داخل النطاقات ذات الأولوية. زيادة مدة إقامة السائح ومتوسط إنفاقه. رفع جاهزية المنتجات والمواقع السياحية ذات الأولوية للاستثمار والتنفيذ والتشغيل. زيادة عدد المنتجات والمواقع القابلة للطرح على المستثمرين والمشغلين وجذب استثمارات سياحية نوعية. تعزيز تنافسية منطقة الباحة كوجهة سياحية متكاملة.,3 مخططات Zoning تفصيلية للنطاقات السياحية ذات الأولوية، تحدد المنتجات والاستخدامات والأنشطة ومتطلبات التطوير داخل كل نطاق؛ 15 خريطة لتوزيع الأنشطة والتجارب السياحية؛ 1 وثيقة حزمة مشاريع التطوير الاستثمارية للنطاقات السياحية؛ 3 رزنامات للمنتجات والتجارب السياحية لكل نطاق سياحي؛ 1 خطة تنفيذ وتشغيل مرحلي للوجهات السياحية؛ 1 إطار شراكات مع القطاع الخاص والمستثمرين,عدد مخططات Zoning التفصيلية المعتمدة للمنتجات والنطاقات السياحية ذات الأولوية؛ نسبة المنتجات السياحية ذات الأولوية التي تم استكمال مخططاتها التفصيلية (%); عدد المنتجات السياحية ذات الأولوية التي تم تطويرها واستكمال متطلبات جاهزيتها الاستثمارية والتشغيلية؛ نسبة الالتزام بالجدول الزمني (%),وزارة السياحة
01.03,تطوير الفرص الاستثمارية السياحية ذات الميزة التنافسية في منطقة الباحة,المكتب الاستراتيجي لتطوير منطقة الباحة,المكتب الاستراتيجي لتطوير منطقة الباحة,السياحة,تعزيز الجاذبية الاستثمارية للباحة,الاقتصاد البرتقالي/ الاقتصاد السياحي,31/03/2027,30/09/2029,,,,تحليل شامل للفجوات في المنتجات والخدمات السياحية في منطقة الباحة، وتحديد الفرص الاستثمارية ذات الميزة التنافسية، مع تطوير حزم استثمارية متكاملة ودراسات أولية للمشاريع المقترحة بهدف جذب المستثمرين وتوجيه تطوير الوجهات السياحية وتعظيم العائد الاقتصادي من القطاع السياحي.,محدودية تطوير وترويج الفرص الاستثمارية السياحية ذات القيمة العالية. ضعف جاهزية الفرص الاستثمارية من حيث الدراسات والتصاميم والنماذج الاستثمارية. محدودية استقطاب المستثمرين للمشاريع السياحية ذات الأولوية. ضعف وضوح وتكامل المعلومات المتعلقة بالفرص الاستثمارية السياحية.,زيادة تدفق الاستثمارات السياحية إلى المنطقة. تسريع تطوير المشاريع السياحية ذات الأولوية. رفع تنافسية منطقة الباحة كوجهة استثمارية. تحسين استغلال الأصول والمواقع السياحية. خلق فرص اقتصادية ووظيفية جديدة.,1 دراسة لتحليل واقع المواقع السياحية وتقييم جاهزيتها السياحية والاستثمارية؛ 1 تقرير للمقارنات المعيارية مع الوجهات السياحية المشابهة محليًا ودوليًا؛ 1 دراسة للفجوات السياحية في المنتجات المتوفرة في المنطقة؛ 1 ملف فرص استثمارية سياحية مبني على نتائج التحليل والدراسات؛ 1 تقرير يضم ملفات الفرص الاستثمارية الجاهزة للطرح على المستثمرين؛ 1 تقرير لمحفظة استثمارية سياحية متكاملة للمنطقة؛ 1 ملف لتمكين منظومة الاستثمار والترويج للفرص الاستثمارية وجذب المستثمرين,نسبة كفاية الفرص الاستثمارية لتحقيق المستهدفات الاستراتيجية للتوظيف والناتج المحلي.؛ نسبة تغطية الفرص الاستثمارية للقطاعات السياحية المستهدفة.؛ نسبة كفاية عدد المفاتيح المستهدفة لاستضافة عدد الزوار الاستراتيجي,المستثمرون المحليون والدوليون.؛ شركات التطوير السياحي والعقاري.؛ مشغلو الوجهات السياحية.؛ الجهات الحكومية المعنية بالاستثمار والسياحة.؛ رواد الأعمال والمنشآت الصغيرة والمتوسطة.
01.04,تسويق وترويج وجهة الباحة كوجهة سياحية على مدار العام (DMMO),المكتب الاستراتيجي لتطوير منطقة الباحة,المكتب الاستراتيجي لتطوير منطقة الباحة,السياحة,تنمية الطلب السياحي وزيادة عدد والعائد من الزوار,الاقتصاد البرتقالي/ الاقتصاد السياحي,31/03/2027,31/12/2030,0,20000000,20000000,"انشاء وتفعيل مكتب تسويق وإدارة وجهة الباحة السياحية والذي يعنى بالتطوير والإشراف على القطاع السياحي في المنطقة وتطوير الفعاليات، ودعم تأهيل الكوادر السياحية ,وجودة الخدمات والمنتجات والمشهد السياحي والتسويق والترويج السياحي وقياس الأداء.",ضعف الترويج والتسويق السياحي لمنطقة الباحة. تشتت الجهود التسويقية وغياب جهة موحدة لإدارة الوجهة السياحية. محدودية الوعي بالمقومات والمنتجات السياحية في المنطقة. ضعف استقطاب الزوار وعدم استغلال الإمكانات السياحية بالشكل الأمثل.,زيادة عدد الزوار إلى منطقة الباحة. رفع متوسط مدة الإقامة والإنفاق السياحي. تحسين تجربة الزوار ورفع مستوى رضاهم. تعزيز الصورة الذهنية للباحة كوجهة سياحية. دعم نمو القطاع السياحي والاقتصاد المحلي.,1 ملف تصميم إطار ومؤشرات قياس الأداء السياحي ; 1 ملف آليات جمع البيانات وتحليلها من الجهات المعنية والقطاع الخاص ; 1 روزنامة فعاليات وتجارب سياحية متنوعة على النطاقات السياحية لمدة 4 سنوات، مع التركيز على الفعاليات التي تترك أصولًا وتحقق استدامة وتخفيض التكاليف التشغيلية للقطاع الخاص ; 1 خطة لإشراك القطاع الخاص التصاعدي في رحلة إطلاق وتنفيذ الفعاليات والتجارب ; 1 خطة تسويق وترويج سياحي مع توفير المواد والوسائل والمحتوى اللازم للتنفيذ ; 1 تقرير لتنفيذ الحملات التسويقية والترويجية عبر القنوات الرقمية والإعلامية ; 1 تقرير لتنفيذ الخطط وتقييم الأداء وتوسيع نطاق الفعاليات ; 1 تقرير لمتابعة وقياس أداء الحملات وتحسينها بناءً على استجابة الزوار ; تقارير دورية لقياس الأداء السياحي ووضع الخطط التصحيحية مع أصحاب المصلحة,نسبة رفع مشاركة القطاع الخاص والرعايات السنوية إلى حجم التمويل الحكومي ; عدد التجارب والفعاليات السياحية المقدمة سنويًا ; زيادة نسبة الاشغال في مرافق الضيافة ; رفع الإنفاق السياحي حسب المستهدفات لدى استراتيجية السياحة الوطنية المحدثة ; رفع معدل رضا السائح (VoV) حسب المستهدفات لدى استراتيجية السياحة الوطنية المحدثة,السياح المحليون والدوليون ; شركات السياحة والسفر ومنظمو الرحلات ; المستثمرون في القطاع السياحي ; الجهات الحكومية والهيئات ذات العلاقة ; مقدمو الخدمات السياحية
02.01,تطوير المخطط التفصيلي الزراعي والإنتاج الحيواني ومواردهما الداعمة للاستثمار في منطقة الباحة,المكتب الاستراتيجي لتطوير منطقة الباحة,المكتب الاستراتيجي لتطوير منطقة الباحة,الزراعة,تسهم المبادرة في تعظيم إنتاج القطاع الزراعي وتحفيز كفاءة استخدام الموارد الطبيعية من خلال توجيه الأنشطة الزراعية والحيوانية إلى المواقع الأكثر ملاءمة، ورفع كفاءة استخدام الأراضي والمياه، وتحديد المنتجات والفرص الاستثمارية ذات الأولوية ومتطلبات تفعيلها، بما يعزز الإنتاجية والقيمة المضافة والاستدامة الاقتصادية للقطاع.,الاقتصاد الأخضر / استدامة الموارد الطبيعية,31/03/2027,31/12/2029,0,25000000,25000000,تطوير مخطط تفصيلي متكامل للأنشطة الزراعية والإنتاج الحيواني في منطقة الباحة، من خلال تحليل وتصنيف المواقع والموارد الطبيعية والمائية والبنية التحتية والخدمات الداعمة، وتحديد الاستخدامات والمنتجات الزراعية والحيوانية ذات الأولوية، بما يوجه الاستثمارات نحو المواقع والأنشطة الأعلى ملاءمة وجدوى، ويرفع جاهزية القطاع للتطوير والاستثمار المستدام.,غياب مخطط مكاني وتفصيلي متكامل يحدد مواقع واستخدامات الأنشطة الزراعية والإنتاج الحيواني وأولويات تطويرها واستثمارها في المنطقة. محدودية المواءمة بين استخدام الأراضي والمياه والموارد المتاحة وبين الأنشطة الزراعية والحيوانية الأكثر ملاءمة وقيمة اقتصادية. تشتت الأنشطة الزراعية والحيوانية ومحدودية وضوح التوزيع المكاني الأمثل للأنشطة والمرافق والخدمات الداعمة لها. محدودية جاهزية المواقع والأنشطة الزراعية والحيوانية للاستثمار بسبب نقص البيانات وتفاوت توفر الموارد والبنية التحتية والخدمات ووضوح المتطلبات التطويرية.,رفع كفاءة الإنتاج الزراعي والحيواني في المنطقة. تحسين استدامة استخدام الموارد المائية والزراعية. زيادة عدد وجودة الفرص والمواقع الجاهزة للاستثمار في الأنشطة الزراعية والإنتاج الحيواني. تعزيز الأمن الغذائي المحلي. خلق فرص اقتصادية ووظيفية في المناطق الريفية.,1 تقرير لتحليل سلاسل القيمة للقطاع الزراعي والإنتاج الحيواني؛1 مخطط تفصيلي متكامل للزراعة والإنتاج الحيواني في منطقة الباحة؛1 خريطة استخدامات الأراضي الزراعية والإنتاج الحيواني؛1 قاعدة بيانات للموارد الطبيعية والزراعية؛1 منصة بيانات زراعية لمنطقة الباحة؛1 إطار استثماري للأنشطة الزراعية والإنتاج الحيواني,عدد المواقع الزراعية والحيوانية التي تم تحليلها وتقييمها؛عدد الدراسات الفنية والتصنيفية المكتملة؛عدد المنتجات الزراعية والحيوانية ذات الأولوية المحددة؛نسبة إنجاز الدراسات وفق الجدول الزمني (%),الجهات الحكومية المعنية بالزراعة والمياه والبيئة؛المستثمرون والمطورون والمشغلون في الأنشطة الزراعية والإنتاج الحيواني والصناعات والخدمات المرتبطة بها؛المزارعون ومنتجو الثروة الحيوانية؛الشركات العاملة في سلاسل الإمداد والخدمات والبنية التحتية الداعمة للزراعة والإنتاج الحيواني؛رواد الأعمال والمنشآت الصغيرة والمتوسطة؛وزارة البيئة والمياه والزراعة؛القطاع الخاص / القطاع الثالث
02.02,تطوير الفرص الاستثمارية الزراعية الأيقونية في منطقة الباحة,المكتب الاستراتيجي لتطوير منطقة الباحة,المكتب الاستراتيجي لتطوير منطقة الباحة,الزراعة,تعزيز الجاذبية الاستثمارية وتنمية النشاط الاقتصادي المرتبط بسلاسل القيمة ذات الأولوية من خلال تطوير فرص استثمارية متكاملة للمنتجات الزراعية الأيقونية ورفع جاهزيتها للطرح، بما يدعم زيادة الاستثمارات وتعظيم القيمة المضافة للقطاع الزراعي في منطقة الباحة.,الاقتصاد الأخضر / استدامة الموارد الطبيعية,31/03/2027,31/03/2029,0,7000000,7000000,تطوير فرص استثمارية متكاملة وقابلة للطرح مرتبطة بالمنتجات الزراعية الأيقونية في منطقة الباحة، من خلال تحليل حلقات وفرص الاستثمار ضمن سلاسل القيمة، وتحديد الفجوات الاستثمارية، وتقييم الجدوى والجاذبية والجاهزية، وإعداد ملفات وحزم استثمارية متكاملة للفرص ذات الأولوية، بما يسهم في جذب الاستثمارات وتعظيم القيمة المضافة للمنتجات الأيقونية.,محدودية وجود فرص استثمارية مكتملة وجاهزة للطرح مرتبطة بالمنتجات الزراعية الأيقونية في منطقة الباحة. ضعف تكامل الدراسات والنماذج المالية المرتبطة بالقطاع الزراعي. محدودية تطوير سلاسل القيمة والصناعات المرتبطة بالقطاع الزراعي. ضعف جذب الاستثمارات النوعية في القطاع الزراعي والأنشطة المرتبطة به.,زيادة الاستثمارات المرتبطة بالمنتجات الزراعية الأيقونية وسلاسل قيمتها. تحفيز التوسع والاستثمار في الأنشطة ذات القيمة المضافة عبر سلاسل المنتجات الأيقونية. تطوير الأنشطة والصناعات والخدمات المكملة لسلاسل قيمة المنتجات الزراعية الأيقونية. تعزيز الأمن الغذائي المحلي. خلق فرص اقتصادية ووظيفية من خلال تفعيل الاستثمارات الجديدة المرتبطة بالمنتجات الأيقونية وسلاسل قيمتها.,1 تحليل لواقع القطاع الزراعي وتقييم الموارد وجاهزية الأراضي للاستثمار ; 1 دراسة للفجوات في المنتجات الزراعية وسلاسل الإمداد ; 1 تقرير للمقارنات المعيارية مع المناطق الزراعية المشابهة ; 1 تحليل لمقومات السياحة الزراعية في المنطقة مع تصور لتطوير منظومتها ; 1 تقرير لحصر وتحليل الفرص الاستثمارية الزراعية ; 1 ملف فرص استثمارية زراعية مبني على نتائج التحليل والدراسات ; 1 دليل للفرص الزراعية (إعداد ونشر) ; 1 تقرير يضم ملفات الفرص الاستثمارية الزراعية الجاهزة للطرح على المستثمرين ; 1 خطة استقطاب وتفعيل لتمكين منظومة الاستثمار وترويج الفرص الزراعية ; 1 ملتقى استثماري زراعي (بخطة تنفيذ وعرض للفرص),نسبة كفاية الفرص الاستثمارية لتحقيق المستهدفات الاستراتيجية للتوظيف والناتج المحلي. ; نسبة تغطية الفرص الاستثمارية للقطاعات الزراعية المستهدفة. ; نسبة عدد الفرص الاستثمارية للمنتجات الأيقونية المغلقة بنجاح إلى إجمالي المنتجات الأيقونية,وزارة البيئة والمياه والزراعة ; المستثمرون في القطاع الزراعي والصناعات الغذائية ; الشركات الزراعية وسلاسل الإمداد ; الجهات الحكومية المعنية بالزراعة والاستثمار ; المزارعون ورواد الأعمال ; المنشآت الصغيرة والمتوسطة
02.03,تطوير الفرص الاستثمارية للمنتجات الحيوانية الأيقونية في منطقة الباحة,,,,,,,,,,,تطوير الفرص الاستثمارية للمنتجات الحيوانية الأيقونية في منطقة الباحة – خريطة أصحاب المصلحة,,,تحديد الفرص الاستثمارية في الإنتاج الحيواني والمنتجات الأيقونية ذات الميزة التنافسية؛ تحليل سلاسل القيمة والفجوات في القطاع الحيواني؛ تزويد المكتب ببيانات الثروة الحيوانية والطاقة الاستيعابية والمنتجات الأيقونية ذات الأولوية؛ الإشراف على إعداد الحزم الاستثمارية ونماذج التشغيل للمشاريع الحيوانية؛ تحديد الإطار التنظيمي والاشتراطات البيطرية للمشاريع الاستثمارية؛ تحديد الحوافز المتاحة للقطاع الحيواني وإدراجها ضمن الحزم؛ تحديد أدوات التمويل المتاحة للمشاريع الحيوانية وإدراجها في الحزم؛ دعم تخصيص المواقع والأراضي اللازمة للمشاريع الحيوانية؛ تنسيق جهود الترويج وتنظيم عروض الفرص للمستثمرين؛ دعم الترويج للمستثمرين عبر قنوات الوزارة؛ دعم الترويج عبر منظومة MISA؛ تقديم حزم التمويل كعنصر جذب للمستثمرين؛ متابعة تقدم الاستثمارات وقياس الأثر الاقتصادي على القطاع؛ المواءمة على كيفية الاستفادة من المشاريع الكبرى في دعم المجتمع المحلي وصغار المربين,,القطاع الخاص / القطاع الثالث
02.04,تطوير وتمكين الفرص الاستثمارية للصناعات الغذائية والتحويلية في منطقة الباحة,,,,,,,,,,,تطوير وتمكين الفرص الاستثمارية للصناعات الغذائية والتحويلية في منطقة الباحة,,قياس مؤشرات نمو القطاع الصناعي الغذائي,تحليل سلاسل القيمة الغذائية والتحويلية وتحديد الفرص المرتبطة بالمنتجات الزراعية الأيقونية للمنطقة؛ تزويد المكتب ببيانات القطاع الصناعي الغذائي والفجوات والطاقة الإنتاجية القائمة؛ تحديد المنتجات الزراعية والحيوانية المحلية القابلة للتحويل الصناعي كمادة خام؛ الإشراف على إعداد الحزم الاستثمارية للصناعات الغذائية وربطها بمخرجات القطاعين الزراعي والحيواني؛ تحديد اشتراطات التراخيص الصناعية والإطار التنظيمي للصناعات الغذائية؛ تحديد أدوات التمويل الصناعي المتاحة وإدراجها ضمن الحزم الاستثمارية؛ توضيح اشتراطات الصندوق للمستثمرين؛ تحديد الحوافز المتاحة للصناعات الغذائية وإدراجها في الحزم؛ تنسيق جهود الترويج وتنظيم عروض الفرص الاستثمارية للمصنّعين؛ دعم الترويج للمستثمرين في القطاع الصناعي الغذائي؛ تقديم حزم التمويل الصناعي كعنصر جذب للمستثمرين؛ دعم الترويج للمستثمرين عبر منظومة MISA؛ متابعة تقدم المشاريع الغذائية والتحويلية وقياس أثرها على التوظيف والناتج,,القطاع الخاص / القطاع الثالث
02.05,تطوير وتفعيل تجارب سياحية زراعية وغذائية قائمة على التجربة في منطقة الباحة,المكتب الاستراتيجي لتطوير منطقة الباحة,المكتب الاستراتيجي لتطوير منطقة الباحة,الزراعة,تقديم تجربة سياحية متكاملة لزوار الباحة,الاقتصاد الأخضر / استدامة الموارد الطبيعية,31/03/2027,31/03/2029,0,1000000,1000000,"تطوير وتفعيل تجارب سياحية زراعية وغذائية قائمة على المشاركة والتفاعل في منطقة الباحة، تستثمر المزارع والمنتجات المحلية والممارسات الزراعية والغذائية المميزة لتحويلها إلى تجارب قابلة للتشغيل والحجز، مثل الحصاد والتذوق والطهي والتعرف على طرق الإنتاج وبرامج ""من المزرعة إلى المائدة""، بما ينوع العرض السياحي، ويعزز دخل المزارعين والمنتجين المحليين، ويرفع القيمة المضافة للمنتجات الزراعية والغذائية.",محدودية استثمار القطاع الزراعي في الأنشطة والتجارب السياحية. غياب تجارب سياحية زراعية وغذائية متكاملة في المنطقة. ضعف تنويع المنتجات والتجارب السياحية المرتبطة بالقطاع الزراعي. محدودية الاستفادة من المقومات الزراعية في جذب الزوار وتنمية الاقتصاد الريفي.,تنويع المنتجات والتجارب السياحية في المنطقة. زيادة دخل المزارعين من مصادر اقتصادية غير تقليدية. رفع مدة إقامة الزوار ومتوسط إنفاقهم. تعزيز الترابط بين القطاعين الزراعي والسياحي. دعم الاقتصاد المحلي في المناطق الريفية.,1 تقرير يضم دراسات وحالات عمل لتطوير التجارب الزراعية السياحية؛ 1 ملف لنماذج استثمارية وتجارب سياحية مرتبطة بالقطاع الزراعي والغذائي؛ 1 ملف لتصميم تجارب سياحية تجمع بين الزراعة والمنتجات المحلية والأنشطة الغذائية؛ 1 دليل للتجارب الزراعية السياحية؛ 1 تقرير لحصر المزارع والمواقع الزراعية المناسبة للمسارات السياحية؛ 1 ملف لتحديد مواقع المزارع المناسبة وتصميم مفهوم المهرجانات الموسمية؛ 1 ملف لتمكين المزارعين والأسر المنتجة من المشاركة في السياحة الزراعية مع الإطلاق التجريبي؛ 1 ملف لتحديد المزارع المشاركة وتصميم مفهوم المهرجانات الزراعية؛ 1 خطة للتنظيم والتسويق وتنفيذ الفعاليات الزراعية؛ 1 تقرير لإطلاق المهرجانات التجريبية وتنفيذ خطة التسويق والتنظيم؛ 1 ملف لتصميم المسارات وخطة تطوير التجارب السياحية الزراعية؛ 1 ملف لتحديد المزارع والمطاعم المشاركة وتصميم تجربة البرنامج؛ 1 تقرير لإطلاق البرنامج التجريبي وتطوير آلية التشغيل والتسويق,عدد المزارع والمواقع والمنتجين الذين تم تأهيلهم وتفعيل تجربة سياحية زراعية أو غذائية لديهم؛ نسبة الاشغال للنزل الزراعية (%)؛ متوسط رضا الزوار عن التجارب المفعلة (%),وزارة البيئة والمياه والزراعة
03.01,إطلاق الهوية الترويجية لمنطقة الباحة,المكتب الاستراتيجي لتطوير منطقة الباحة,,الاقتصاد البرتقالي/ الاقتصاد السياحي,ترسيخ هوية ثقافية وبصرية وعمرانية أصيلة ومتكاملة لمنطقة الباحة,البرتقالي,31/03/2027,30/06/2029,0,5000000,5000000,تهدف المبادرة إلى إطلاق وتفعيل الهوية الترويجية لمنطقة الباحة المطورة من الهيئة السعودية للسياحة، وتعميم استخدامها بما يضمن حضوراً بصرياً متسقاً للمنطقة عبر مبادرات الاستراتيجية والحملات والمواد ونقاط الاتصال المختلفة. وتشمل المبادرة إعداد وتنفيذ خطة الإطلاق، وتطبيق الهوية على جميع مبادرات الاستراتيجية، وتنفيذ حملات ترويجية متعددة القنوات، وقياس مستوى الوصول والتفاعل والأثر؛ بما يعزز الصورة الذهنية للباحة وجاذبيتها السياحية والاستثمارية,عدم إطلاق وتفعيل هوية الباحة الترويجية على نطاق واسع. تفاوت تطبيق الهوية وغياب الاتساق البصري بين المبادرات والمواد والحملات. محدودية حضور الهوية في نقاط الاتصال مع الزوار والمستثمرين والجمهور المستهدف. الحاجة إلى توحيد جهود الجهات ذات العلاقة لضمان تطبيق الهوية بصورة متسقة وفعالة.,تعزيز حضور هوية الباحة وصورتها الذهنية كوجهة سياحية واستثمارية متميزة. زيادة الوعي بالهوية الترويجية للمنطقة محلياً ودولياً. رفع مستوى الاتساق في تطبيق الهوية عبر مبادرات المنطقة ونقاط الاتصال المختلفة. رفع فاعلية الحملات الترويجية والوصول إلى الفئات المستهدفة. دعم جاذبية المنطقة للزوار والمستثمرين.,1 خطة متكاملة لإطلاق وتفعيل الهوية الترويجية ; 1 حزمة مواد وأصول ترويجية مطبقة وفق الهوية المعتمدة ; 1 حزمة حملات إطلاق وترويج عبر القنوات المستهدفة ; 1 تقرير لقياس أثر الإطلاق ومستويات الوصول والتفاعل والالتزام بتطبيق الهوية,نسبة إنجاز تنفيذ خطة إطلاق وتفعيل الهوية الترويجية ; نسبة إنجاز تنفيذ إطلاق الحملات الإعلانية للهوية السياحية. ; نسبة إجمالي الوصول ( Reach ) للحملات الترويجية المرتبطة بالهوية السياحية لجميع الفئات المستهدفة.,الهيئة السعودية للسياحة ; المكتب الاستراتيجي لتطوير منطقة الباحة ; الجهات الحكومية والهيئات ذات العلاقة ; وسائل الإعلام وشركاء التسويق ومشغلو الوجهات السياحية ; سكان منطقة الباحة والمجتمع المحلي ; القطاع الخاص / القطاع الثالث
03.02,تفعيل المواقع التراثية البارزة في منطقة الباحة من قبل القطاعين الخاص وغير الربحي,المكتب الاستراتيجي لتطوير منطقة الباحة,المكتب الاستراتيجي لتطوير منطقة الباحة,الاقتصاد البرتقالي/ الاقتصاد السياحي,ترسيخ هوية ثقافية وبصرية وعمرانية أصيلة ومتكاملة لمنطقة الباحة,,31/03/2027,30/06/2029,,,,تفعيل المواقع التراثية البارزة والجاهزة في منطقة الباحة من خلال تطوير نماذج تشغيل وتفعيل مستدامة بمشاركة القطاعين الخاص وغير الربحي، وتصميم تجارب وبرامج ثقافية وتراثية مرتبطة بكل موقع، وتحديد فرص الاستثمار والرعاية والتشغيل المجتمعي، بما يسهم في إحياء التراث المادي وغير المادي وتعزيز استدامة المواقع وجاذبيتها للزوار,محدودية التفعيل السياحي للمواقع التراثية في منطقة الباحة. ضعف جاهزية المواقع التراثية من حيث البنية التحتية والخدمات وتجربة الزائر. محدودية استغلال الأصول الثقافية والتراثية اقتصاديًا وسياحيًا. ضعف التكامل بين المواقع التراثية والأنشطة السياحية المرتبطة بها.,زيادة عدد الزوار للمواقع التراثية. تعزيز الهوية الثقافية لمنطقة الباحة. تحسين تجربة الزوار في المواقع التراثية. تنشيط السياحة الثقافية في المنطقة. خلق فرص اقتصادية محلية مرتبطة بالمواقع التراثية.,1 تقرير لحصر أبرز المواقع التراثية وتقييم جاهزيتها وتطوير المنتجات والفعاليات الملائمة ; 1 ملف لتصور الفعاليات والنموذج التجاري والمالي لتحقيق الجدوى في الاستثمار والرعايات ; 1 ملف لإطار الرعايات والخطة الترويجية والبدء في استقطاب المستثمرين والرعاة ; 1 تقرير للحملة الإعلانية للفعالية لاستقطاب الزوار ; 1 ملف لمنهجية قياس الأثر وتقديم نتائجها وقياس عدد الزيارات,عدد المواقع التراثية التي تم تفعيلها وتشغيلها ; عدد التجارب والبرامج الثقافية والتراثية التي تم تطويرها وتشغيلها داخل المواقع ; عدد الزوار للمواقع التراثية المفعلة,السياح المحليون والدوليون ; المهتمون بالتراث والثقافة ; الجهات الحكومية المعنية بالثقافة والسياحة ; مشغلو المواقع التراثية ; المجتمع المحلي ; القطاع الخاص / القطاع الثالث
03.03,تأهيل البيوت التراثية في منطقة الباحة للاستثمار من قبل المجتمع المحلي,المكتب الاستراتيجي لتطوير منطقة الباحة,المكتب الاستراتيجي لتطوير منطقة الباحة,الاقتصاد البرتقالي/ الاقتصاد السياحي,ترسيخ هوية ثقافية وبصرية وعمرانية أصيلة ومتكاملة لمنطقة الباحة,,31/03/2027,31/12/2030,,,,تهدف المبادرة إلى تأهيل البيوت التراثية في منطقة الباحة وتحويلها إلى مشاريع استثمارية سياحية مستدامة يقودها المجتمع المحلي، وذلك من خلال حصر وتأهيل البيوت التراثية القابلة للاستثمار، وإعداد التصورات الاستثمارية والحزم الاستثمارية لتحويلها إلى نُزل وتجارب سياحية، وتمكين المجتمع المحلي من الاستثمار والتشغيل بما يسهم في تعزيز الحفاظ على التراث العمراني وتنشيط السياحة الثقافية والريفية.,ضعف الاستغلال الاقتصادي للبيوت التراثية في منطقة الباحة. محدودية جاهزية ملاك البيوت التراثية والمجتمع المحلي للاستثمار والتشغيل. نقص المعرفة بنماذج التأهيل والتشغيل المناسبة للبيوت التراثية. محدودية تحويل الأصول التراثية إلى مشاريع اقتصادية مستدامة.,زيادة استثمار البيوت التراثية في المنطقة. رفع دخل المجتمع المحلي من الأنشطة السياحية والتراثية. تعزيز الحفاظ على التراث العمراني. تنشيط السياحة الريفية والثقافية. خلق فرص عمل محلية مستدامة.,1 تقرير حصر للبيوت التراثية القابلة للاستثمار ; 1 ملف للتصور والنماذج الاستثمارية لتحقيق تجارب سياحية مرتبطة بالقطاع التراثي ; 1 خطة عمل للمشروع وتنفيذه ; 1 ملف لتمكين المجتمع المحلي من الاستثمار في تلك الأصول وتحقيق دعم الشركاء ; 1 ملف للنزل التراثية المفعلة,عدد النزل التراثية المفعلة ; رضا الزوار عن جودة تجربة الإقامة والخدمات المقدمة في النزل التراثية,ملاك البيوت التراثية ; مجتمع المحلي في القرى والمناطق التراثية ; المستثمرون في السياحة الثقافية والريفية ; رواد الأعمال والمنشآت الصغيرة والمتوسطة ; الجهات الحكومية والجهات الداعمة ; وزارة الثقافة
04.01,تطوير المخططات العمرانية للمراكز والقرى في منطقة الباحة,المكتب الاستراتيجي لتطوير منطقة الباحة,المكتب الاستراتيجي لتطوير منطقة الباحة,الممكنات,تطوير بنية تحتية اقتصادية داعمة للقطاعات ذات الأولوية,الاقتصاد البنفسجي/ التنمية العمرانية وجودة المكان,31/03/2027,30/06/2029,,,,إعداد وتحديث المخططات العمرانية التفصيلية للمراكز والقرى ذات الأولوية في منطقة الباحة، بما يشمل تنظيم استعمالات الأراضي، وتوجيه النمو العمراني، ومواءمة توزيع الخدمات والبنية التحتية، وإعداد الضوابط التخطيطية وتطبيق الكود العمراني؛ بما يعزز جودة المكان ويرفع جاهزية المراكز والقرى للتنمية,عدم اكتمال المخططات العمرانية للمراكز والقرى؛ ضعف تنظيم النمو العمراني وتشتت استخدامات الأراضي؛ عدم كفاءة توزيع الخدمات والبنية التحتية مع احتياجات المراكز والقرى؛ محدودية جاهزية الأراضي والمخططات الداعمة للاستثمارات والأنشطة الاقتصادية,تحسين كفاءة استخدام الأراضي في المراكز والقرى المستهدفة؛ رفع جودة التخطيط العمراني للمراكز والقرى؛ رفع جاهزية المواقع والأراضي للمشروعات التنموية والاستثمارات الاقتصادية؛ تحسين توزيع الخدمات والبنية التحتية؛ تعزيز التنمية المستدامة في منطقة الباحة,1 تقرير لتحليل الوضع الراهن؛ 1 تقرير للمقارنات المرجعية؛ 1 قاعدة بيانات مكانية (GIS)؛ 1 تقرير للسيناريوهات التخطيطية؛ 1 حزمة لمسودات مخططات المراكز؛ 1 حزمة لمسودات مخططات القرى؛ 1 وثيقة للسياسات والضوابط والكود العمراني؛ 1 حزمة للمخططات النهائية للمراكز والقرى؛ 1 حزمة للحوكمة والتنفيذ ونقل المعرفة,نسبة اكتمال إعداد واعتماد المخططات العمرانية للمراكز والقرى المستهدفة؛ نسبة اكتمال تحديث البيانات المكانية للمراكز والقرى المستهدفة؛ نسبة اكتمال اعتماد السياسات والضوابط التخطيطية المرتبطة بالمخططات؛ نسبة تطبيق الكود العمراني والاشتراطات المعتمدة في المراكز والقرى المستهدفة,وزارة البلديات والإسكان؛ أمانة منطقة الباحة؛ البلديات التابعة؛ الجهات الخدمية (المياه، الكهرباء، الطرق، الاتصالات)؛ المستثمرون والمطورون العقاريون؛ المجتمع المحلي في المراكز والقرى
04.02,تطوير المواقع والمراكز الترفيهية والعائلية في منطقة الباحة من قبل القطاع الخاص,المكتب الاستراتيجي لتطوير منطقة الباحة,المكتب الاستراتيجي لتطوير منطقة الباحة,السياحة,تقديم تجربة سياحية متكاملة لزوار الباحة,الاقتصاد البرتقالي/ الاقتصاد السياحي,31/03/2027,30/06/2029,,,,تهدف المبادرة إلى تمكين القطاع الخاص من تطوير وتشغيل مواقع ومراكز ترفيهية وعائلية متكاملة في منطقة الباحة، بما يسهم في تحسين تجربة الزوار ورفع جودة الحياة للسكان. وتشمل المبادرة دراسة الاحتياج وتحديد المواقع ذات الأولوية، وإعداد التصورات والنماذج التجارية والمالية، وحصر الحوافز المتاحة، واستقطاب المستثمرين والمشغلين والتفاوض معهم وصولًا إلى توقيع الاتفاقيات الاستثمارية,محدودية توفر مرافق ومراكز ترفيهية متكاملة تلبي احتياجات العائلات والزوار؛ ضعف تنوع الأنشطة والخيارات الترفيهية في المنطقة؛ محدودية جاهزية المواقع للاستثمار والتشغيل من قبل القطاع الخاص؛ ضعف استقطاب الاستثمارات في القطاع الترفيهي,زيادة خيارات الترفيه للعائلات والزوار؛ رفع عدد الزوار إلى منطقة الباحة؛ تحسين جودة الحياة للسكان المحليين؛ جذب استثمارات جديدة في القطاع الترفيهي؛ دعم تنويع الاقتصاد المحلي,1 دراسة للاحتياج والتوزيع المكاني؛ 1 حزمة للفرص الاستثمارية المطوّرة؛ 1 حزمة للمحفزات ودعم المستثمرين؛ 1 ملف لاستقطاب المستثمرين والتعاقد معهم,نسبة اكتمال تطوير الفرص الاستثمارية المحددة؛ نسبة الفرص الاستثمارية التي تم التعاقد مع القطاع الخاص لتنفيذها من اجمالي الفرص المطورة,العائلات والسكان المحليون؛ السياح المحليون والدوليون؛ المستثمرون في القطاع الترفيهي؛ مشغلو المرافق والأنشطة الترفيهية؛ الجهات الحكومية المعنية بالترفيه والاستثمار والسياحة؛ الهيئة العامة للترفيه؛ MISA؛ القطاع الخاص / القطاع الثالث
04.03,تطوير مشروع مركز السياحة الصحية في منطقة الباحة من قبل القطاع الخاص,المكتب الاستراتيجي لتطوير منطقة الباحة,المكتب الاستراتيجي لتطوير منطقة الباحة,السياحة,تعزيز مكانة الباحة كوجهة للراحة والاستجمام,الاقتصاد البرتقالي/ الاقتصاد السياحي,31/03/2027,30/06/2029,,,,تهدف المبادرة إلى تطوير وطرح مشروع استثماري لإنشاء مركز للسياحة الصحية في منطقة الباحة، يقدم خدمات الاستشفاء والعلاج الطبيعي وإعادة التأهيل، مستفيدًا من طبيعة المنطقة ومناخها وتنوعها الجغرافي واختلاف ارتفاعاتها، على أن يتولى القطاع الخاص تنفيذ المشروع وتشغيله,محدودية مرافق وخدمات السياحة الصحية المتخصصة في المنطقة؛ ضعف استثمار المقومات الطبيعية والمناخية للباحة في السياحة الصحية؛ عدم وجود مشروع استثماري متكامل وجاهز للطرح للاستثمار من قبل القطاع الخاص؛ تعدد التراخيص والمتطلبات اللازمة لإنشاء المركز وتشغيله (رحلة المستثمر) والحل لتسهيلها بالتعاون مع وزارة الاستثمار ووزارة الصحة والجهات المعنية,توفير منتج جديد للسياحة الصحية في المنطقة؛ جذب شرائح جديدة من الزوار؛ زيادة مدة إقامة الزوار وإنفاقهم؛ استقطاب استثمارات خاصة في السياحة الصحية؛ توفير وظائف في القطاعين الصحي والسياحي؛ تحسين خدمات القطاع الصحي في المنطقة,1 دراسة جدوى واختيار الموقع؛ 1 دراسة للمقارنات المعيارية؛ 1 تصور فني للمركز وخدماته؛ 1 نموذج تجاري ومالي؛ 1 ملف للمحفزات والمتطلبات التنظيمية؛ 1 فرصة استثمارية مطورة ومطروحة؛ 1 عقد مع القطاع الخاص لتنفيذ المشروع وتشغيله,نسبة اكتمال تطوير الفرصة الاستثمارية للمشروع؛ نسبة اكتمال إجراءات التعاقد مع القطاع الخاص لتنفيذ المشروع,وزارة الصحة؛ وزارة الاستثمار؛ المكتب الاستراتيجي لتطوير منطقة الباحة؛ القطاع الخاص / المستثمرون والمشغلون
04.04,تطوير مشروع مركز الأداء الرياضي العالي في المرتفعات ( HA-HPC ),المكتب الاستراتيجي لتطوير منطقة الباحة,المكتب الاستراتيجي لتطوير منطقة الباحة,السياحة,تنمية الطلب السياحي وزيادة عدد وعائد من الزوار,الاقتصاد البرتقالي/ الاقتصاد السياحي,31/03/2027,30/06/2029,,,,تهدف المبادرة إلى تطوير وطرح مشروع استثماري لإنشاء مركز متكامل للأداء الرياضي العالي والتدريب في المرتفعات ( ~ HA-HPC) ~ بمنطقة الباحة، يستهدف المنتخبات والأندية والرياضيين المحترفين، ويضم مرافق متخصصة للتدريب والإقامة واللياقة والاستشفاء والأنشطة الخارجية، على أن يتولى القطاع الخاص تنفيذ المشروع وتشغيله,محدودية المرافق المتخصصة والمتكاملة للأداء الرياضي العالي والتدريب في المرتفعات القادرة على استضافة المنتخبات والأندية والرياضيين المحترفين ~ محدودية استثمار الخصائص المناخية والارتفاعات والتضاريس في الباحة لتطوير التدريب الرياضي في المرتفعات والأداء العالي ~ عدم وجود فرصة استثمارية متكاملة وجاهزة لتطوير وتشغيل مركز متخصص للأداء الرياضي العالي في المرتفعات ~ الحاجة إلى تنسيق متطلبات الموقع والبنية التحتية والتراخيص اللازمة,توفير مركز نوعي ومتخصص للأداء الرياضي العالي والتدريب في المرتفعات ~ استقطاب معسكرات المنتخبات والأندية وبرامج الإعداد والتدريب الرياضي المتخصص ~ زيادة الزيارات خارج المواسم السياحية ~ جذب استثمارات خاصة في البنية التحتية والخدمات المتخصصة للأداء الرياضي والسياحة الرياضية ~ توفير وظائف في قطاعي الرياضة والسياحة,1 دراسة جدوى واختيار الموقع ; 1 دراسة للمقارنات المعيارية ; 1 تصور فني متكامل لمركز HA-HPC ومرافق التدريب والأداء العالي والاستشفاء والإقامة ; 1 نموذج تجاري ومالي ; 1 ملف للمحفزات والمتطلبات التنظيمية ; 1 فرصة استثمارية مطورة ومطروحة ; 1 عقد مع القطاع الخاص لتنفيذ المشروع وتشغيله,نسبة اكتمال تطوير الفرصة الاستثمارية للمشروع ; نسبة اكتمال إجراءات التعاقد مع القطاع الخاص لتنفيذ المشروع,الاتحادات الرياضية السعودية ; القطاع الخاص
04.05,مشروع تطوير وتنفيذ برامج تنمية المهارات في القطاعات ذات الميزة التنافسية,المكتب الاستراتيجي لتطوير منطقة الباحة,المكتب الاستراتيجي لتطوير منطقة الباحة,جودة الحياة,رفع مشاركة وتمكين سكان الباحة في القطاعات ذات الأولوية,الاقتصاد البنفسجي,31/03/2027,30/06/2029,,,,تهدف المبادرة إلى تنمية مهارات سكان منطقة الباحة ورفع جاهزيتهم للعمل وريادة الأعمال في القطاعات ذات الميزة التنافسية، من خلال تحديد المهارات المطلوبة وتصميم وتنفيذ برامج تدريبية ومهنية بالتعاون مع القطاعين الخاص وغير الربحي، إضافة إلى برامج الاحتضان والتسريع لتنمية المهارات الريادية,محدودية مشاركة السكان المحليين في القطاعات الاقتصادية ذات الأولوية. وجود فجوة بين مخرجات التعليم واحتياجات سوق العمل. ضعف جاهزية الكفاءات المحلية للقطاعات ذات الميزة التنافسية. محدودية فرص ريادة الأعمال والتمكين الاقتصادي للسكان المحليين.,زيادة نسبة التوظيف في القطاعات ذات الأولوية. تحسين مواءمة المهارات مع احتياجات سوق العمل. دعم نمو ريادة الأعمال المحلية. رفع إنتاجية القوى العاملة المحلية. تعزيز التنمية الاقتصادية والاجتماعية في المنطقة.,1) 1 قائمة بالأنشطة ذات الأولوية والمهارات المطلوبة ; 2) 1 حزمة برامج تدريبية ومهنية ; 3) 1 برنامج احتضان وتسريع لتنمية المهارات الريادية,نسبة اكتمال تطوير وتنفيذ برامج تنمية المهارات المستهدفة ; عدد المستفيدين الذين أكملوا البرامج,وزارة الموارد البشرية والتنمية الاجتماعية ; القطاع الخاص ; القطاع غير الربحي ; الشباب الباحثون عن فرص عمل ; رواد الأعمال والمنشآت الصغيرة والمتوسطة ; الباحثون عن عمل من سكان المنطقة ; الجهات التعليمية والتدريبية ; الشركات العاملة في القطاعات ذات الأولوية
05.01,تنسيق وإدارة المشاريع التنموية ورفع جاهزيتها لتمكين قطاع الأعمال في منطقة الباحة,المكتب الاستراتيجي لتطوير منطقة الباحة,المكتب الاستراتيجي لتطوير منطقة الباحة,الممكنات,تعزيز الجاذبية الاستثمارية للباحة,الاقتصاد الذهبي / ريادة الأعمال والابتكار,31/03/2027,30/06/2029,,,,تهدف المبادرة إلى تنسيق وإدارة المشاريع التنموية ذات الأولوية ودعم تنفيذها ورفع جاهزيتها، بما يسهم في تمكين قطاع الأعمال في منطقة الباحة، من خلال حصر المشاريع التنموية وتقييم حالتها وترتيب أولوياتها، وتحديد فجواتها ومتطلبات استكمالها، وتنسيق جهود الجهات المالكة والمعنية ومتابعة تقدمها، دون الإخلال باختصاصات الجهات المعنية أو التداخل في مهامها ومسؤولياتها.,تفاوت ترتيب أولويات المشاريع التنموية بين الجهات ذات العلاقة؛ عدم اكتمال متطلبات الجاهزية لبعض المشاريع المؤثرة في قطاع الأعمال؛ تعدد الاعتماديات بين الجهات المالكة والخدمية والتنظيمية؛ تأخر تنفيذ بعض المشاريع نتيجة المعوقات المشتركة وتعدد الجهات المرتبطة بها؛ محدودية المتابعة المتكاملة لتقدم المشاريع وأثرها على تمكين قطاع الأعمال,رفع جاهزية المشاريع التنموية ذات الأولوية؛ تسريع استكمال متطلبات تنفيذ المشاريع؛ تقليل التأخير الناتج عن الاعتماديات والمعوقات المشتركة؛ تحسين جاهزية المواقع والخدمات الداعمة لقطاع الأعمال؛ تسهيل دخول المستثمرين وممارسة الأعمال في المنطقة,1 تقرير لقائمة معتمدة ومحدثة بالمشاريع التنموية ذات الأولوية وحالتها التنفيذية؛ 1 تقرير تقييم جاهزية المشاريع ومتطلبات استكمالها؛ 1 خطة دعم التنفيذ ورفع الجاهزية المتفق عليها مع الجهات المالكة؛ 5 تقارير دورية لتقدم المشاريع والمعوقات,نسبة اكتمل حصر المشاريع التنموية ذات الأولوية؛ نسبة اكتمال تحديد الفجوات لتسريع اكتمال المشاريع التنموية ذات الأولوية,الجهات الحكومية المالكة والمنفذة للمشاريع التنموية؛ الجهات الخدمية والتنظيمية المرتبطة بتنفيذ المشاريع؛ قطاع الأعمال المستفيدون من جاهزية المشاريع التنموية
05.02,رفع كفاءة وجودة بيانات المرصد الحضري في منطقة الباحة لدعم قطاع الأعمال,المكتب الاستراتيجي لتطوير منطقة الباحة,المكتب الاستراتيجي لتطوير منطقة الباحة,الارتباط الاستراتيجي ~ الممكنات,تعزيز الجاذبية الاستثمارية للباحة,الاقتصاد الذهبي,01/01/2027,30/06/2029,,,,تهدف المبادرة إلى رفع كفاءة وجودة بيانات المرصد الحضري القائم في منطقة الباحة، من خلال تحديد مجموعات البيانات ذات الأولوية لقطاع الأعمال، وتقييم اكتمالها ودقتها وحداثتها واتساقها، ومعالجة فجوات الجودة بالتنسيق مع الجهات المالكة للبيانات، وتفعيل آليات الحوكمة والتحديث المستمر، بما يعزز موثوقية المعلومات ويتيح بيانات أكثر جاهزية لدعم احتياجات قطاع الأعمال.,تفاوت مستويات اكتمال ودقة وحداثة البيانات المتاحة؛ اختلاف مصادر وتعريفات ودوريات تحديث البيانات بين الجهات ذات العلاقة؛ محدودية جاهزية بعض البيانات والمؤشرات لتلبية احتياجات قطاع الأعمال ودعم تحليل البيئة والفرص الاقتصادية في المنطقة,رفع موثوقية وجودة بيانات المرصد الحضري المتاحة لقطاع الأعمال وصناع القرار؛ تقليل الوقت والجهد اللازمين للوصول إلى البيانات والتحقق منها؛ تعزيز عملية اتخاذ القرار بناءً على بيانات محدثة وموثوقة؛ تعزيز التكامل والاتساق بين البيانات الواردة من الجهات القطاعية المختلفة؛ رفع جاهزية المرصد الحضري لتوفير معلومات موثوقة تلبي احتياجات قطاع الأعمال,1 سجل لمجموعات البيانات ذات الأولوية لقطاع الأعمال ومتطلبات جودتها؛ 1 تقرير لتقييم جودة البيانات وتحديد الفجوات والأولويات؛ 1 حزمة محدَثة للبيانات ذات الأولوية؛ 6 تقارير المرصد الحضري,نسبة اكتمال تقييم جودة بيانات المرصد الحضري ذات الأولوية؛ نسبة التزام البيانات لمعايير الجودة المعتمدة؛ نسبة الالتزام بتحديث البيانات ذات الأولوية وفق الدورية المعتمدة,قطاع الأعمال والمنشآت العاملة في منطقة الباحة؛ المرصد الحضري في منطقة الباحة؛ الجهات الحكومية والقطاعية المعنية بالبيانات الاقتصادية والتنموية