initiative,name,start,end,capital,operational
01.01,مشروع تطوير المخطط السياحي وخارطة الوجهات والمشاريع ذات الأولوية وخطة تفعيلها,Q1 السنة الأولى,Q 3 السنة الثالثة,12 مليون,--
01.02,مشروع تطوير المخططات التفصيلية للمنتجات السياحية ذات الأولوية داخل النطاقات السياحية,Q1 السنة الأولى,Q4 السنة الثالثة,23 مليون,--
01.02,دراسة وتحليل النطاقات السياحية,Q1 السنة الأولى,Q1 السنة الأولى,"1,000,000",--
01.03,مشروع تطوير الفرص الاستثمارية السياحية والترويج لها,Q1 السنة الأولى,Q3 السنة الثالثة,--,--
01.04,مشروع دعم تطوير وإقامة الفعاليات والتجارب السياحية,Q1 السنة الأولى,Q4 السنة الرابعة,--,"6,000,000"
01.04,تحديد وتطوير روزنامة الفعاليات والتجارب السياحية,Q1 السنة الأولى,Q1 السنة الأولى,--,"2,000,000"
01.04,ا عداد استراتيجية وخطة تسويق وترويج سياحي متكاملة,Q2 السنة الأولى,Q4 السنة الرابعة,--,"6,500,000"
01.04,متابعة أداء الحملات وتحسينها بناءً على مؤشرات الأداء واستجابة الزوار,Q4 السنة الأولى,Q4 السنة الرابعة,--,"2,000,000"
01.04,مشروع قياس الأداء السياحي,Q1 السنة الأولى,Q4 السنة الرابعة,--,"2,000,000"
01.04,تصميم إطار ومؤشرات قياس الأداء السياحي,Q1 السنة الأولى,Q1 السنة الأولى,--,"1,000,000"
01.04,تطوير آليات جمع البيانات وتحليلها من الجهات المعنية والقطاع الخاص,Q1 السنة الأولى,Q2 السنة الأولى,--,"500,000"
02.01,دراسة وتحليل المواقع الزراعية,Q1 السنة الأولى,Q2 السنة الأولى,--,"1,900,000"
02.01,دراسة وتحليل الخصائص الطبيعية والبيئية,Q2 السنة الأولى,Q3 السنة الأولى,--,"1,900,000"
02.01,تحديد وتصنيف الأراضي الزراعية الصالحة للتنمية,Q3 السنة الأولى,Q4 السنة الأولى,--,"1,900,000"
02.01,تقييم الموارد المائية وبدائلها,Q2 السنة الأولى,Q2 السنة الثانية,--,"1,900,000"
02.01,تحليل منظومة الإنتاج الحيواني,Q4 السنة الأولى,Q2 السنة الثانية,--,"1,900,000"
02.02,مشروع تطوير الفرص الاستثمارية الزراعية والترويج لها,Q1 السنة الأولى,Q1 السنة الثالثة,--,"3,600,000"
02.02,إجراء المقارنات المعيارية,Q2 السنة الأولى,Q3 السنة الأولى,--,"300,000"
02.02,إعداد دليل الفرص الزراعية في الباحة,Q2 السنة الثانية,Q1 السنة الثالثة,--,"1,200,000"
02.02,تنظيم ملتقى المستثمرين الزراعيين,Q3 السنة الثانية,Q1 السنة الثالثة,--,"1,200,000"
02.02,دراسة تطوير منظومة سياحة زراعية,Q2 السنة الثانية,Q1 السنة الثالثة,--,"1,000,000"
02.03,تطوير وتجهيز الفرص الاستثمارية للمنتجات الحيوانية الأيقونية,Q1 السنة الأولى,Q1 السنة الثالثة,--,"2,000,000"
02.03,تحليل واقع قطاع الإنتاج الحيواني وتقييم الموارد المتاحة وجاهزية الأراضي للاستثمار.,Q1 السنة الأولى,Q2 السنة الأولى,--,"200,000"
02.03,دراسة الفجوات في منتجات الثروة الحيوانية وسلاسل الإمداد في المنطقة.,Q2 السنة الأولى,Q3 السنة الأولى,--,"200,000"
02.03,إجراء المقارنات المعيارية مع المناطق المشابهة في محلياً ودولياً.,Q3 السنة الأولى,Q4 السنة الأولى,--,"200,000"
02.03,إعداد ملفات الفرص الاستثمارية في الثروة الحيوانية الجاهزة للطرح على المستثمرين.,Q1 السنة الثانية,Q3 السنة الثانية,--,"500,000"
02.03,دراسة تطوير أسواق الماشية المحلية,Q 1 السنة الثانية,Q3 السنة الثانية,--,"600,000"
02.02,دراسة دعم الأعلاف المحلية,Q 1 السنة الثانية,Q4 السنة الثانية,--,"400,000"
02.02,تحليل واقع إنتاج واستهلاك الأعلاف في المنطقة,Q 1 السنة الثانية,Q 2 السنة الثانية,--,"200,000"
02.04,مشروع تطوير وتمكين الفرص الاستثمارية للصناعات الغذائية والتحويلية,Q1 السنة الأولى,Q1 السنة الثالثة,--,"1,500,000"
02.04,تحليل واقع قطاع التصنيع والتحويل الغذائي وتقييم الموارد المتاحة والخدمات اللوجستية,Q1 السنة الأولى,Q2 السنة الأولى,--,"300,000"
02.04,دراسة الفجوات في منتجات التصنيع والتحويل الغذائي وسلاسل الإمداد في المنطقة,Q2 السنة الأولى,Q3 السنة الأولى,--,"300,000"
02.03,دراسة إنشاء سوق منتجات المزارعين,Q1 السنة الأولى,Q4 السنة الأولى,--,--
02.03,دراسة دعم المنتجات المحلية (العسل – الرمان (,Q1 السنة الأولى,Q4 السنة الأولى,--,"500,000"
02.05,تطوير وتفعيل التجارب السياحية الزراعية والغذائية القائمة على التجربة,Q1 السنة الأولى,Q1 السنة الثالثة,--,"1,000,000"
02.05,دراسة مسارات السياحة الزراعية,Q2 السنة الأولى,Q2 السنة الثانية,--,--
03.01,مشروع إطلاق هوية سياحية متكاملة لمنطقة الباحة,Q1 السنة الأولى,Q2 السنة الثالثة,--,"5,000,000"
03.02,مشروع تفعيل المواقع التراثية البارزة,Q1 السنة الأولى,Q2 السنة الثالثة,--,--
03.03,مشروع إعداد خطة لتأهيل البيوت التراثية في منطقة الباحة وتحويلها إلى نُزل ضيافة سياحية,Q1 السنة الأولى,Q2 السنة الثالثة,--,--
04.01,إعداد واعتماد المخططات العمرانية للمراكز والقرى,Q1 السنة الأولى,Q2 السنة الثالثة,--,--
04.02,دراسة إنشاء مراكز ترفيهية متكاملة,Q1 السنة الأولى,Q2 السنة الثالثة,--,--
04.03,تطوير وطرح مشروع مركز السياحة الصحية,Q1 السنة الأولى,Q2 السنة الثالثة,--,--
04.04,تطوير وطرح مشروع مركز الأداء الرياضي العالي في المرتفعات ( HA-HPC ),Q1 السنة الأولى,Q2 السنة الثالثة,--,--
04.05,مشروع تطوير وتنفيذ برامج تنمية المهارات في القطاعات ذات الميزة التنافسية,Q1 السنة الأولى,Q2 السنة الثالثة,--,--
05.01,تطوير وتفعيل إطار إدارة ورفع جاهزية المشاريع التنموية,Q1 السنة الأولى,Q 2 السنة الثالثة,--,--
05.02,رفع جودة وجاهزية بيانات المرصد الحضري لدعم قطاع الأعمال,Q1 السنة الأولى,Q2 السنة الثالثة,--,--