initiative,parent,name,start,end,capital,operational
01.01,مشروع تطوير المخطط السياحي وخارطة الوجهات والمشاريع ذات الأولوية وخطة تفعيلها,الإعداد وإطلاق نطاق الأعمال,Q1 السنة الأولى,Q1 السنة الأولى,"600,000",--
01.01,مشروع تطوير المخطط السياحي وخارطة الوجهات والمشاريع ذات الأولوية وخطة تفعيلها,دراسة الوضع الراهن,Q 1 السنة الأولى,Q2 السنة الأولى,"900,000",--
01.01,مشروع تطوير المخطط السياحي وخارطة الوجهات والمشاريع ذات الأولوية وخطة تفعيلها,تقييم المقومات والفرص السياحية,Q2 السنة الأولى,Q3 السنة الأولى,"1,200,000",--
01.01,مشروع تطوير المخطط السياحي وخارطة الوجهات والمشاريع ذات الأولوية وخطة تفعيلها,صياغة الرؤية والتوجهات التخطيطية,Q3 السنة الأولى,Q4 السنة الأولى,"200,000",--
01.01,مشروع تطوير المخطط السياحي وخارطة الوجهات والمشاريع ذات الأولوية وخطة تفعيلها,إعداد المخطط الهيكلي السياحي (الخارطة السياحية),Q4 السنة الأولى,Q1 السنة الثانية,"1,800,000",--
01.01,مشروع تطوير المخطط السياحي وخارطة الوجهات والمشاريع ذات الأولوية وخطة تفعيلها,إعداد المخططات التفصيلية للمواقع,Q1 السنة الثانية,Q3 السنة الثانية,"3,600,000",--
01.01,مشروع تطوير المخطط السياحي وخارطة الوجهات والمشاريع ذات الأولوية وخطة تفعيلها,إعداد الأطر التنظيمية والتنفيذية,Q3 السنة الثانية,Q1 السنة الثالثة,"1,400,000",--
01.01,مشروع تطوير المخطط السياحي وخارطة الوجهات والمشاريع ذات الأولوية وخطة تفعيلها,إطار واضح لإدارة الوجهة السياحية,Q4 السنة الثانية,Q2 السنة الثالثة,"1,200,000",--
01.01,مشروع تطوير المخطط السياحي وخارطة الوجهات والمشاريع ذات الأولوية وخطة تفعيلها,الاعتماد وخطة التفعيل المرحلي,Q2 السنة الثالثة,Q3 السنة الثالثة,"1,100,000",--
01.02,دراسة وتحليل النطاقات السياحية,دراسة وتحليل الممكنات والبنية التحتية,Q2 السنة الأولى,Q2 السنة الأولى,"1,000,000",--
01.02,دراسة وتحليل النطاقات السياحية,إعداد الرؤية التصميمية للمواقع,Q2 السنة الأولى,Q3 السنة الأولى,"1,700,000",--
01.02,دراسة وتحليل النطاقات السياحية,دراسة وتحليل الميز التنافسية للمواقع,Q3 السنة الأولى,Q1 السنة الثانية,"1,200,000",--
01.02,دراسة وتحليل النطاقات السياحية,إعداد المخططات التفصيلية,Q2 السنة الثانية,Q2 السنة الثالثة,10 مليون,--
01.02,دراسة وتحليل النطاقات السياحية,وضع تصور للتجارب والمنتجات السياحية,Q3 السنة الثالثة,Q2 السنة الثالثة,"1,000,000",--
01.02,دراسة وتحليل النطاقات السياحية,إعداد حزم ومخططات التطوير الاستثمارية,Q4 السنة الثانية,Q3 السنة الثالثة,"3,200,000",--
01.02,دراسة وتحليل النطاقات السياحية,خطة التنفيذ والتشغيل المرحلي,Q3 السنة الثالثة,Q4 السنة الثالثة,"3,900,000",--
01.02,دراسة وتحليل النطاقات السياحية,مشروع تطوير وتصميم تجربة الزائر والنموذج التشغيلي للمنتجات السياحية ذات الأولوية,Q2 السنة الثالثة,Q4 السنة الثالثة,--,2 مليون
01.02,دراسة وتحليل النطاقات السياحية,حصر جميع التجارب والمنتجات المقترحة على كل موقع مع عمل المقارنة المعيارية,Q2 السنة الثالثة,Q4 السنة الثالثة,--,"600,000"
01.02,دراسة وتحليل النطاقات السياحية,وضع التصور الشامل للرحلة السياحية في النطاق السياحي,Q2 السنة الثالثة,Q4 السنة الثالثة,--,"800,000"
01.02,دراسة وتحليل النطاقات السياحية,رزنامة المنتجات والتجارب السياحية المتنوعة على كل نطاق سياحي,Q2 السنة الثالثة,Q4 السنة الثالثة,--,"600,000"
01.03,مشروع تطوير الفرص الاستثمارية السياحية والترويج لها,تحليل واقع المواقع السياحية وتقييم جاهزيتها السياحية والاستثمارية,Q2 السنة الأولى,Q1 السنة الأولى,--,--
01.03,مشروع تطوير الفرص الاستثمارية السياحية والترويج لها,دراسة الفجوات السياحية في المنتجات المتوفرة في المنطقة,Q3 السنة الأولى,Q4 السنة الأولى,--,--
01.03,مشروع تطوير الفرص الاستثمارية السياحية والترويج لها,إجراء المقارنات المعيارية مع الوجهات السياحية المشابهة محلياً ودولياً,Q4 السنة الأولى,Q4 السنة الأولى,--,--
01.03,مشروع تطوير الفرص الاستثمارية السياحية والترويج لها,تطوير فرص استثمارية سياحية بناءً على نتائج التحليل والدراسات.,Q4 السنة الأولى,Q1 السنة الثانية,--,--
01.03,مشروع تطوير الفرص الاستثمارية السياحية والترويج لها,إعداد ملفات الفرص الاستثمارية الجاهزة للطرح على المستثمرين,Q2 السنة الثانية,Q1 السنة الثالثة,--,--
01.03,مشروع تطوير الفرص الاستثمارية السياحية والترويج لها,تطوير محفظة استثمارية سياحية متكاملة للمنطقة,Q2 السنة الثانية,Q3 السنة الثالثة,--,--
01.03,مشروع تطوير الفرص الاستثمارية السياحية والترويج لها,تمكين منظومة الاستثمار والترويج للفرص الاستثمارية وجذب المستثمرين بالاستفادة من الهيئات والمنصات الحكومية ذات العلاقة,Q3 السنة الثالثة,Q3 السنة الثالثة,--,--
01.04,تحديد وتطوير روزنامة الفعاليات والتجارب السياحية,إطلاق وتنفيذ الفعاليات والتجارب السياحية التجريبية,Q2 السنة الأولى,Q4 السنة الرابعة,--,"2,000,000"
01.04,تحديد وتطوير روزنامة الفعاليات والتجارب السياحية,تقييم الأداء وتوسيع نطاق الفعاليات الناجحة,Q3 السنة الأولى,Q4 السنة الرابعة,--,"1,000,000"
01.04,تحديد وتطوير روزنامة الفعاليات والتجارب السياحية,مشروع التسويق والترويج السياحي,Q2 السنة الأولى,Q4 السنة الرابعة,--,12 مليون
01.04,ا عداد استراتيجية وخطة تسويق وترويج سياحي متكاملة,تنفيذ الحملات التسويقية والترويجية عبر القنوات الرقمية والإعلامية,Q3 السنة الأولى,Q4 السنة الرابعة,--,"4,500,000"
01.04,تطوير آليات جمع البيانات وتحليلها من الجهات المعنية والقطاع الخاص,إعداد تقارير دورية لقياس الأداء السياحي,Q3 السنة الأولى,Q4 السنة الرابعة,--,"500,000"
02.01,تحليل منظومة الإنتاج الحيواني,تحديد المنتجات الأيقونية,Q2 السنة الثانية,Q3 السنة الثانية,--,"1,900,000"
02.01,تحليل منظومة الإنتاج الحيواني,إعداد المخطط التفصيلي الزراعي,Q1 السنة الثانية,Q4 السنة الثانية,--,"6,000,000"
02.01,تحليل منظومة الإنتاج الحيواني,إطلاق قاعدة بيانات زراعية للباحة,Q4 السنة الثانية,Q2 السنة الثالثة,--,"1,900,000"
02.01,تحليل منظومة الإنتاج الحيواني,خطة التنفيذ والتمكين الاستثماري,Q4 السنة الثانية,Q3 السنة الثالثة,--,"5,700,000"
02.02,مشروع تطوير الفرص الاستثمارية الزراعية والترويج لها,تحليل الوضع الراهن,Q1 السنة الأولى,Q2 السنة الأولى,--,"400,000"
02.02,إجراء المقارنات المعيارية,إعداد قائمة الفجوات الاستثمارية,Q3 السنة الأولى,Q4 السنة الأولى,--,"300,000"
02.02,إجراء المقارنات المعيارية,إعداد قائمة الفرص الاستثمارية,Q4 السنة الأولى,Q2 السنة الثانية,--,"700,000"
02.02,إجراء المقارنات المعيارية,تطوير وثائق الفرصة الاستثمارية,Q2 السنة الثانية,Q3 السنة الثانية,--,"1,200,000"
02.02,إجراء المقارنات المعيارية,تطوير خطة الاستقطاب وتفعيله,Q3 السنة الثانية,Q1 السنة الثالثة,--,"700,000"
02.02,إعداد دليل الفرص الزراعية في الباحة,حصر وتحليل الفرص الاستثمارية الزراعية,Q2 السنة الثانية,Q3 السنة الثانية,--,"700,000"
02.02,إعداد دليل الفرص الزراعية في الباحة,إعداد ونشر دليل الفرص الزراعية,Q3 السنة الثانية,Q4 السنة الثانية,--,"500,000"
02.02,تنظيم ملتقى المستثمرين الزراعيين,الإعداد والتنسيق للملتقى الاستثماري الزراعي,Q3 السنة الثانية,Q4 السنة الثانية,--,"500,000"
02.02,تنظيم ملتقى المستثمرين الزراعيين,تنفيذ الملتقى وعرض الفرص الاستثمارية الزراعية,Q4 السنة الثانية,Q1 السنة الثالثة,--,"700,000"
02.02,دراسة تطوير منظومة سياحة زراعية,تحليل مقومات السياحة الزراعية في المنطقة,Q3 السنة الثانية,Q4 السنة الثانية,--,"400,000"
02.02,دراسة تطوير منظومة سياحة زراعية,إعداد تصور لتطوير منظومة السياحة الزراعية,Q4 السنة الثانية,Q1 السنة الثالثة,--,"600,000"
02.03,إجراء المقارنات المعيارية مع المناطق المشابهة في محلياً ودولياً.,تطوير فرص استثمارية في الإنتاج الحيواني بناءً على نتائج والدراسات,Q4 السنة الأولى,Q1 السنة الثانية,--,"200,000"
02.03,إعداد ملفات الفرص الاستثمارية في الثروة الحيوانية الجاهزة للطرح على المستثمرين.,تطوير محفظة استثمارية لقطاع الثروة الحيوانية في المنطقة.,Q2 السنة الثانية,Q4 السنة الثالثة,--,"500,000"
02.03,إعداد ملفات الفرص الاستثمارية في الثروة الحيوانية الجاهزة للطرح على المستثمرين.,تمكين منظومة الاستثمار وترويج الفرص الاستثمارية وجذب المستثمرين لقطاع الإنتاج الحيواني.,Q4 السنة الثانية,Q1 السنة الثالثة,--,"200,000"
02.03,دراسة تطوير أسواق الماشية المحلية,تحليل واقع إنتاج واستهلاك الأعلاف في المنطقة,Q 1 السنة الثانية,Q 2 السنة الثانية,--,"400,000"
02.03,دراسة تطوير أسواق الماشية المحلية,إعداد توصيات وخطة دعم لتنمية إنتاج الأعلاف المحلية,Q 2 السنة الثانية,Q3 السنة الثانية,--,"200,000"
02.02,تحليل واقع إنتاج واستهلاك الأعلاف في المنطقة,إعداد توصيات وخطة دعم لتنمية إنتاج الأعلاف المحلية,Q 3 السنة الثانية,Q4 السنة الثانية,--,"200,000"
02.04,دراسة الفجوات في منتجات التصنيع والتحويل الغذائي وسلاسل الإمداد في المنطقة,إجراء المقارنات المعيارية مع المناطق المشابهة في قطاع التصنيع والتحويل الغذائي محليًا ودوليًا,Q3 السنة الأولى,Q4 السنة الأولى,--,"300,000"
02.04,دراسة الفجوات في منتجات التصنيع والتحويل الغذائي وسلاسل الإمداد في المنطقة,تطوير فرص استثمارية في قطاع التصنيع والتحويل الغذائي بناءً على نتائج التحليل والدراسات,Q1 السنة الثانية,Q3 السنة الثانية,--,"350,000"
02.04,دراسة الفجوات في منتجات التصنيع والتحويل الغذائي وسلاسل الإمداد في المنطقة,تمكين منظومة الاستثمار وترويج الفرص الاستثمارية وجذب المستثمرين لقطاع التصنيع الغذائي,Q3 السنة الثانية,Q1 السنة الثالثة,--,"250,000"
02.03,دراسة إنشاء سوق منتجات المزارعين,تحليل العرض والطلب وتحديد النموذج المناسب للسوق,Q1 السنة الأولى,Q2 السنة الأولى,--,--
02.03,دراسة إنشاء سوق منتجات المزارعين,إعداد دراسة الجدوى وخطة التنفيذ لإنشاء السوق,Q2 السنة الأولى,Q4 السنة الأولى,--,--
02.03,دراسة دعم المنتجات المحلية (العسل – الرمان (,تحليل سلاسل القيمة للمنتجات المحلية,Q1 السنة الأولى,Q4 السنة الأولى,--,"350,000"
02.03,دراسة دعم المنتجات المحلية (العسل – الرمان (,إعداد برنامج دعم المنتج المحلي وخطة التنفيذ,Q2 السنة الأولى,Q4 السنة الأولى,--,"150,000"
02.05,تطوير وتفعيل التجارب السياحية الزراعية والغذائية القائمة على التجربة,التجارب السياحية الزراعية والغذائية,Q1 السنة الأولى,Q3 السنة الأولى,--,"400,000"
02.05,تطوير وتفعيل التجارب السياحية الزراعية والغذائية القائمة على التجربة,الأدلة الارشادية والمعيارية,Q2 السنة الأولى,Q4 السنة الأولى,--,"200,000"
02.05,تطوير وتفعيل التجارب السياحية الزراعية والغذائية القائمة على التجربة,الترويج والتمكين للمزارعين والإطلاق التجريبي,Q1 السنة الثانية,Q1 السنة الثالثة,--,"400,000"
02.05,دراسة مسارات السياحة الزراعية,حصر المزارع والمواقع الزراعية المناسبة للمسارات السياحية,Q2 السنة الأولى,Q3 السنة الأولى,--,--
02.05,دراسة مسارات السياحة الزراعية,إعداد تصميم المسارات وخطة تطوير التجارب السياحية الزراعية,Q3 السنة الأولى,Q2 السنة الثانية,--,--
02.05,دراسة مسارات السياحة الزراعية,مهرجانات المزارع الموسمية,Q3 السنة الأولى,Q1 السنة الثالثة,--,--
02.05,دراسة مسارات السياحة الزراعية,تحديد المزارع المشاركة وتصميم مفهوم المهرجانات الزراعية,Q3 السنة الأولى,Q4 السنة الأولى,--,--
02.05,دراسة مسارات السياحة الزراعية,إطلاق المهرجانات التجريبية وتنفيذ خطة التسويق والتنظيم,Q4 السنة الأولى,Q4 السنة الثانية,--,--
02.05,دراسة مسارات السياحة الزراعية,برنامج المزرعة إلى المائدة,Q3 السنة الأولى,Q1 السنة الثالثة,--,--
02.05,دراسة مسارات السياحة الزراعية,تحديد المزارع تصميم تجربة البرنامج,Q3 السنة الأولى,Q4 السنة الأولى,--,--
02.05,دراسة مسارات السياحة الزراعية,إطلاق البرنامج التجريبي وتطوير آلية التشغيل والتسويق,Q1 السنة الثانية,Q1 السنة الثالثة,--,--
03.01,مشروع إطلاق هوية سياحية متكاملة لمنطقة الباحة,إعداد خطة إطلاق وتفعيل الهوية,Q1 السنة الأولى,Q2 السنة الأولى,--,"500,000"
03.01,مشروع إطلاق هوية سياحية متكاملة لمنطقة الباحة,تطبيق الهوية على المبادرات والمواد ونقاط الاتصال,Q2 السنة الأولى,Q4 السنة الأولى,,"1,000,000"
03.01,مشروع إطلاق هوية سياحية متكاملة لمنطقة الباحة,تنفيذ إطلاق الهوية والحملات الترويجية,Q3 السنة الأولى,Q4 السنة الثانية,,"3,100,000"
03.01,مشروع إطلاق هوية سياحية متكاملة لمنطقة الباحة,قياس الأثر,Q2 السنة الثانية,Q2 السنة الثالثة,--,"400,000"
03.02,مشروع تفعيل المواقع التراثية البارزة,حصر المواقع والمنتجات التراثية,Q1 السنة الأولى,Q2 السنة الأولى,--,--
03.02,مشروع تفعيل المواقع التراثية البارزة,تطوير التصور والنموذج التجاري والمالي,Q2 السنة الأولى,Q4 السنة الأولى,--,--
03.02,مشروع تفعيل المواقع التراثية البارزة,استقطاب وتمكين القطاعين الخاص وغير الربحي للتفعيل,Q4 السنة الأولى,Q3 السنة الثانية,--,--
03.02,مشروع تفعيل المواقع التراثية البارزة,الترويج السياحي للزوار,Q2 السنة الثانية,Q1 السنة الثالثة,--,--
03.02,مشروع تفعيل المواقع التراثية البارزة,قياس الأثر,Q3 السنة الثانية,Q2 السنة الثالثة,--,--
03.03,مشروع إعداد خطة لتأهيل البيوت التراثية في منطقة الباحة وتحويلها إلى نُزل ضيافة سياحية,التصور والنماذج الاستثمارية,Q1 السنة الأولى,Q3 السنة الأولى,--,--
03.03,مشروع إعداد خطة لتأهيل البيوت التراثية في منطقة الباحة وتحويلها إلى نُزل ضيافة سياحية,خطة عمل,Q2 السنة الأولى,Q4 السنة الأولى,--,--
03.03,مشروع إعداد خطة لتأهيل البيوت التراثية في منطقة الباحة وتحويلها إلى نُزل ضيافة سياحية,تمكين المجتمع المحلي,Q 1 السنة الثاني,Q2 السنة الثالثة,--,--
04.01,إعداد واعتماد المخططات العمرانية للمراكز والقرى,دراسة وتحليل الوضع العمراني للمراكز والقرى,Q1 السنة الأولى,Q2 السنة الأولى,--,--
04.01,إعداد واعتماد المخططات العمرانية للمراكز والقرى,تحديث البيانات المكانية والاجتماعية والاقتصادية للمراكز والقرى,Q1 السنة الأولى,Q3 السنة الأولى,--,--
04.01,إعداد واعتماد المخططات العمرانية للمراكز والقرى,تقييم الموارد الطبيعية والبنية التحتية,Q2 السنة الأولى,Q4 السنة الأولى,--,--
04.01,إعداد واعتماد المخططات العمرانية للمراكز والقرى,تحليل استخدامات الأراضي والأنشطة الاقتصادية,Q3 السنة الأولى,Q2 السنة الثانية,--,--
04.01,إعداد واعتماد المخططات العمرانية للمراكز والقرى,إعداد المخططات العمرانية التفصيلية للمراكز,Q1 السنة الثانية,Q3 السنة الثانية,--,--
04.01,إعداد واعتماد المخططات العمرانية للمراكز والقرى,إعداد المخططات العمرانية التفصيلية للقرى,Q1 السنة الثانية,Q3 السنة الثانية,--,--
04.01,إعداد واعتماد المخططات العمرانية للمراكز والقرى,صياغة السياسات والضوابط التخطيطية,Q4 السنة الثانية,Q2 السنة الثالثة,--,--
04.01,إعداد واعتماد المخططات العمرانية للمراكز والقرى,تفعيل الكود العمراني وتطبيقاته,Q1 السنة الثالثة,Q2 السنة الثالثة,--,--
04.02,دراسة إنشاء مراكز ترفيهية متكاملة,حصر الاحتياج والتوزيع المكاني,Q1 السنة الأولى,Q2 السنة الأولى,--,--
04.02,دراسة إنشاء مراكز ترفيهية متكاملة,تطوير النموذج التجاري والمالي,Q2 السنة الأولى,Q4 السنة الأولى,--,--
04.02,دراسة إنشاء مراكز ترفيهية متكاملة,حصر المحفزات وتمكين المستثمرين,Q1 السنة الثانية,Q2 السنة الثالثة,--,--
04.03,تطوير وطرح مشروع مركز السياحة الصحية,تحليل الاحتياج واختيار الموقع,Q1 السنة الأولى,Q2 السنة الأولى,--,--
04.03,تطوير وطرح مشروع مركز السياحة الصحية,إجراء المقارنات المعيارية,Q2 السنة الأولى,Q3 السنة الأولى,--,--
04.03,تطوير وطرح مشروع مركز السياحة الصحية,تحديد الخدمات والتصور الفني,Q3 السنة الأولى,Q4 السنة الأولى,--,--
04.03,تطوير وطرح مشروع مركز السياحة الصحية,تطوير النموذج التجاري والمالي,Q4 السنة الأولى,Q1 السنة الثانية,--,--
04.03,تطوير وطرح مشروع مركز السياحة الصحية,تحديد المحفزات والمتطلبات,Q1 السنة الثانية,Q2 السنة الثانية,--,--
04.03,تطوير وطرح مشروع مركز السياحة الصحية,إعداد وطرح الفرصة الاستثمارية,Q2 السنة الثانية,Q3 السنة الثانية,--,--
04.03,تطوير وطرح مشروع مركز السياحة الصحية,استقطاب المستثمرين,Q3 السنة الثانية,Q2 السنة الثالثة,--,--
04.04,تطوير وطرح مشروع مركز الأداء الرياضي العالي في المرتفعات ( HA-HPC ),تحليل الاحتياج واختيار الموقع,Q1 السنة الأولى,Q2 السنة الأولى,--,--
04.04,تطوير وطرح مشروع مركز الأداء الرياضي العالي في المرتفعات ( HA-HPC ),إجراء المقارنات المعيارية,Q2 السنة الأولى,Q3 السنة الأولى,--,--
04.04,تطوير وطرح مشروع مركز الأداء الرياضي العالي في المرتفعات ( HA-HPC ),تحديد المرافق والتصور الفني,Q3 السنة الأولى,Q4 السنة الأولى,--,--
04.04,تطوير وطرح مشروع مركز الأداء الرياضي العالي في المرتفعات ( HA-HPC ),تطوير النموذج التجاري والمالي,Q4 السنة الأولى,Q1 السنة الثانية,--,--
04.04,تطوير وطرح مشروع مركز الأداء الرياضي العالي في المرتفعات ( HA-HPC ),تحديد المحفزات والمتطلبات,Q1 السنة الثانية,Q2 السنة الثانية,--,--
04.04,تطوير وطرح مشروع مركز الأداء الرياضي العالي في المرتفعات ( HA-HPC ),إعداد وطرح الفرصة الاستثمارية,Q2 السنة الثانية,Q3 السنة الثانية,--,--
04.04,تطوير وطرح مشروع مركز الأداء الرياضي العالي في المرتفعات ( HA-HPC ),استقطاب المستثمر والتعاقد معه,Q3 السنة الثانية,Q2 السنة الثالثة,--,--
04.05,مشروع تطوير وتنفيذ برامج تنمية المهارات في القطاعات ذات الميزة التنافسية,حصر قائمة للأنشطة التجارية,Q1 السنة الأولى,Q2 السنة الأولى,--,--
04.05,مشروع تطوير وتنفيذ برامج تنمية المهارات في القطاعات ذات الميزة التنافسية,تدريب وتطوير,Q2 السنة الأولى,Q2 السنة الثالثة,--,--
04.05,مشروع تطوير وتنفيذ برامج تنمية المهارات في القطاعات ذات الميزة التنافسية,تطوير حاضنات ومسرعات أعمال,Q3 السنة الأولى,Q2 السنة الثالثة,--,--
05.01,تطوير وتفعيل إطار إدارة ورفع جاهزية المشاريع التنموية,حصر وتصنيف المشاريع التنموية,Q1 السنة الأولى,Q2 السنة الأولى,--,--
05.01,تطوير وتفعيل إطار إدارة ورفع جاهزية المشاريع التنموية,تقييم المشاريع وتحديد الأولويات وفجوات الجاهزية,Q2 السنة الأولى,Q3 السنة الأولى,--,--
05.01,تطوير وتفعيل إطار إدارة ورفع جاهزية المشاريع التنموية,إعداد وتنفيذ خطط رفع جاهزية المشاريع,Q3 السنة الأولى,Q4 السنة الأولى,--,--
05.01,تطوير وتفعيل إطار إدارة ورفع جاهزية المشاريع التنموية,التنسيق والمتابعة المستمرة لتقدم المشاريع,Q4 السنة الأولى,Q2 السنة الثالثة,--,--
05.02,رفع جودة وجاهزية بيانات المرصد الحضري لدعم قطاع الأعمال,تحديد البيانات ذات الأولوية ومتطلبات استخدامها,Q1 السنة الأولى,Q2 السنة الأولى,--,--
05.02,رفع جودة وجاهزية بيانات المرصد الحضري لدعم قطاع الأعمال,تقييم جودة البيانات وحصر الفجوات,Q2 السنة الأولى,Q4 السنة الأولى,--,--
05.02,رفع جودة وجاهزية بيانات المرصد الحضري لدعم قطاع الأعمال,تحسين ومواءمة بيانات المرصد الحضري,Q4 السنة الأولى,Q4 السنة الثانية,--,--
05.02,رفع جودة وجاهزية بيانات المرصد الحضري لدعم قطاع الأعمال,تفعيل حوكمة الجودة والتحديث المستمر,Q1 السنة الثانية,Q2 السنة الثالثة,,