kpi,method
الناتج المحلي الإجمالي (مليار ريال),تم احتساب المستهدفات انطلاقًا من خط الأساس للناتج المحلي لمنطقة الباحة لعام 2024 البالغ نحو 26.3 مليار ريال، مع افتراض نمو طبيعي للاقتصاد الإقليمي متماشٍ مع معدلات النمو الوطني. ابتداءً من عام 2027 يبدأ ظهور الأثر الاقتصادي لتنفيذ برامج ومبادرات الاستراتيجية، حيث يضاف نحو 0.84 مليار ريال في 2027، و1.3 مليار ريال في 2028، و0.73 مليار ريال في 2029، و0.19 مليار ريال في 2030، ليبلغ إجمالي الأثر التراكمي المتوقع للاستراتيجية نحو 3.04 مليار ريال بحلول عام 2030، ويرتفع الناتج المحلي الإجمالي للمنطقة إلى نحو 31.6 مليار ريال
مساهمة القطاع الخاص في الناتج المحلي,تم اعتماد خط الأساس استنادًا إلى بيانات الهيئة العامة للإحصاء و تم افتراض معدل النمو السنوي للقطاع الخاص وبشكل خطي عند (%2.3)
نسبة المحتوى المحلي في مشاريع الاستراتيجية الوطنية لمنطقة الباحة,تم تحديد المستهدفات باستخدام النموذج المعتمد من قبل هيئة المحتوى المحلي والمشتريات الحكومية
مساهمة الباحة في الإيرادات غير النفطية,تم احتساب المستهدفات انطلاقًا من خط الأساس للناتج المحلي لمنطقة الباحة لعام 2024 البالغ نحو 26.3 مليار ريال، مع افتراض نمو طبيعي للاقتصاد الإقليمي متماشٍ مع معدلات النمو الوطني. ابتداءً من عام 2027 يبدأ ظهور الأثر الاقتصادي لتنفيذ برامج ومبادرات الاستراتيجية، حيث يضاف نحو 0.84 مليار ريال في 2027، و1.3 مليار ريال في 2028، و0.73 مليار ريال في 2029، و0.19 مليار ريال في 2030، ليبلغ إجمالي الأثر التراكمي المتوقع للاستراتيجية نحو 3.04 مليار ريال بحلول عام 2030، ويرتفع الناتج المحلي الإجمالي للمنطقة إلى نحو 31.6 مليار ريال
معدل البطالة بين السعوديين,"تم تحديث خط الأساس إلى 6.5% في الربع الأول من عام 2026م، مقارنةً بالمعدل الوطني البالغ 6.4% على الرغم من تذبذب نسبة البطالة في المنطقة خلال الأرباع الأخيرة، انخفض المعدل في الفترات المتماثلة من 12.2% في الربع الأول من 2024م إلى 9.5% في 2025م ثم 6.5% في 2026م؛ مما يدعم قابلية الوصول إلى 5.0% بحلول 2030م، بانخفاض يقدر ب 1.5 نقطة مئوية تم الأخذ بعين الاعتبار 3,355 وظيفة مستدامة متوقعة من الاستراتيجية كعنصر أساسي داعم لخفض معدل البطالة ، على أن يتم تحديد الأثر الفعلي وفق نسب التوطين، والتوظيف من سكان المنطقة والباحثين عن عمل، والاستدامة الوظيفية تم تطوير المستهدفات السنوية بحيث تتسارع وتيرة التحسن مع تحقيق أثر الاستراتيجية واكتمال الفرص الاستثمارية وطرحها وتنفيذها وظهور أثر الوظائف المتوقع خلقها ضمن المنطقة، ويبدأ التسارع بشكل ملحوظ في مستهدفات عام 2028 ويزداد بمقدار 0.1% سنوياً حتى عام 2030"
"ترتيب الباحة في المؤشر الوطني ""جودة الحياة في المدن""",مؤشر مستحدث وسيتم تحديد المستهدف بالتعاون مع برنامج جودة الحياة
نسبة المواقع التراثية المعاد تأهيلها في منطقة الباحة,يتطلب تحديد مستهدفات هذا المؤشر إجراء تقييم شامل لجميع المواقع التراثية في المنطقة البالغ عددها 313 موقعاً، يشمل تقييم الحالة الراهنة لكل موقع، وتحديد متطلبات إعادة التأهيل، وترتيب الأولويات بناءً على القيمة السياحية والتراثية والجدوى التنفيذية. وقد تم إدراج أعمال مخصصة لهذا الغرض ضمن مبادرة (3.02 تفعيل المواقع التراثية البارزة في منطقة الباحة)، وسيتم تحديد خط الأساس والمستهدفات السنوية عند اكتمال نتائج هذا المشروع. كما يتطلب التنسيق مع هيئة التراث بوصفها الجهة المعنية بتنظيم أعمال إعادة تأهيل المواقع الأثرية في المملكة، لتحديد نطاق مسؤولية المكتب الاستراتيجي ودوره التنسيقي في هذا المؤشر.
نسبة المنتقلين إلى الخارج من سكان المنطقة,تم اعتماد خط الأساس استنادًا إلى بيانات الهيئة العامة للإحصاء المتعلقة بصافي الهجرة الداخلية على مستوى مناطق المملكة. كما تم تحديد المستهدفات بالاسترشاد بالمتوسطات الوطنية لأنماط الهجرة الداخلية بين المناطق، مع افتراض تحسن تدريجي في جاذبية منطقة الباحة للسكن والعمل نتيجة تنفيذ المبادرات التنموية وخلق فرص اقتصادية جديدة، بما يسهم في تقليل صافي الهجرة السلبية وتعزيز استقطاب واستبقاء الكفاءات في المنطقة
عدد الوظائف المستحدثة (آلاف تراكمية),تم بناء المستهدفات السنوية لعدد الوظائف المستحدثة بناءً على الجدول التنفيذي لتفعيل مشاريع الاستراتيجية، وتشمل الوظائف المستدمة والمؤقتة الناتجة عن تشغيل المشاريع ضمن برامج تطوير خيرات الباحة، والباحة 365، وتعزيز الهوية والتراث، والارتقاء بجودة الحياة يبدأ الأثر الوظيفي بالظهور في عام 2027 مع تشغيل المشاريع ذات الجاهزية السريعة، خصوصاً المرافق السياحية المرتبطة بالمغامرات والأنشطة الطبيعية والإقامة البيئية ضمن برنامج السياحة، إضافة إلى مشاريع الزراعة المتقدمة المرتبطة بالإنتاج الزراعي المتخصص وتجارب الزوار الزراعية ضمن برنامج تطوير الزراعة ويشهد عام 2028 ارتفاعاً ملحوظاً في فرص العمل نتيجة تشغيل مجموعة أكبر من المرافق السياحية والترفيهية والبنية التحتية الداعمة للأنشطة الجبلية والبيئية، بما يعزز تنوع التجارب السياحية ويزيد الطلب على الوظائف المرتبطة بالضيافة والخدمات السياحية. ويستمر النمو في عام 2029 مع تشغيل مشاريع إضافية في الأنشطة الترفيهية والسياحية المرتبطة بالمواقع الطبيعية والمرافق الداعمة للزوار، إضافة إلى مبادرات تطوير الصناعات الغذائية وسلاسل القيمة المرتبطة بالإنتاج الزراعي المحلي وتصل فرص العمل إلى أعلى مستوياتها في عام 2030 مع اكتمال تشغيل المشاريع الاستثمارية الكبرى في قطاعات الزراعة والسياحة والضيافة، بما يشمل تطوير منشآت الإنتاج الزراعي المتكامل ومراكز التصنيع والتسويق الزراعي، إضافة إلى المنتجعات السياحية ومرافق الضيافة عالية الجودة، مما يعكس اكتمال الأثر الاقتصادي المتوقع للمبادرات
عدد وجهات الاستجمام المفعلة في منطقة الباحة,تم تطوير المستهدفات بناءً على مشروعين مؤكدين لشركة أسفار ( الشركة السعودية للاستثمار السياحي ) مخطط اكتمالهما في 2026 و2027، إضافة إلى 9 فرص استثمارية مدعومة بدراسات جدوى تفصيلية س يتم طرحها للقطاع الخاص. تم افتراض معدل تحقيق 50% من الفرص الاستثمارية ومدة تنفيذ 2-3 سنوات، يُتوقع تفعيل 4 وجهات إضافية بحلول 2030، ليصل الإجمالي إلى 6.
عدد الزوار السياحيين لمنطقة الباحة (مليون),مصدر خط الأساس: وزارة السياحة - منصة الرصد السياحي (بيانات أولية) تم اعتماد المستهدفات المسقطة من استراتيجية وزارة السياحة المحدثة
إجمالي الإنفاق السياحي السنوي في منطقة الباحة (مليار ريال),مصدر خط الأساس: وزارة السياحة - منصة الرصد السياحي (بيانات أولية) تم اعتماد المستهدفات المسقطة من استراتيجية وزارة السياحة المحدثة
درجة مؤشر التوصية بالوجهة السياحية في الباحة - NPS,"لا توجد قيم تاريخية للمؤشر نظراً لعدم قياسه سابقاً. تم اعتماد مستهدف 2030 عند 77 درجة وفقاً لما أُسقط من الاستراتيجية الوطنية للسياحة ( NTS 2.0 ) على منطقة الباحة، ويقع هذا المستهدف ضمن فئة ""الممتاز"" ويتسق مع أداء وجهات سياحة طبيعية مماثلة مثل بريتش كولومبيا الكندية (62.7 درجة). تم تطوير المستهدفات السنوية بشكل عكسي من مستهدف 2030 مع مراعاة أن ركيزة السياحة في المنطقة تحتاج وقتاً للنضج وظهور أثر المبادرات، حيث تم تقدير النتيجة الأولى عند 65 درجة لعام 2026 بناءً على الوضع الراهن ثم اعتماد نمو متسارع يتماشى مع الجدول الزمني للمبادرات الاستراتيجية. ملاحظة: تقدير 2026 أولي وقد يتم تعديل المستهدفات المرحلية بناءً على نتائج القياس الفعلي الأول."
نسبة رضا الزوار عن التجربة السياحية في منطقة الباحة,تم اعتماد خط الأساس عند 69% لعام 2025 بناءً على نتائج القياس المحدثة للمؤشر تم تطوير المستهدفات بالاسترشاد بأفضل الممارسات العالمية لمقاييس رضا العملاء ( CSAT ) ، حيث يُعد الوصول إلى نطاق 70% وما فوق مؤشرًا جيدًا على رضا الزوار، مع اعتبار نطاق 70%–85% نطاقًا متقدمًا لمؤشرات الرضا في قطاعات الخدمات والضيافة تم تثبيت المستهدف عند 69% خلال عامي 2026 و2027 بهدف المحافظة على مستوى الأداء الحالي خلال مرحلة تفعيل المبادرات ومعالجة الفجوات المرتبطة بجودة التجربة السياحية والبنية التحتية والخدمات الداعمة ابتداءً من عام 2028، تم اعتماد مسار تحسن تدريجي ليصل المؤشر إلى 72% ثم 75% ثم 77% بحلول عام 2030، بما يعكس الأثر المتوقع من نضج المبادرات السياحية وتحسن جاهزية الوجهات والخدمات المقدمة للزوار تعكس المستهدفات مسارًا واقعيًا وطموحًا في الوقت ذاته، إذ تنقل المؤشر من مستوى قريب من الحد المقبول عالميًا إلى مستوى أعلى وأكثر تنافسية بحلول نهاية فترة الاستراتيجية
إجمالي حجم إنتاج منطقة الباحة من المنتجات الزراعية المنتقاة بالطن,"تم تحديد المستهدفات بناءً على خط الأساس لعام 2024 البالغ 4,479 طن لإنتاج المنتجات المختارة في منطقة الباحة (العسل، البن، الرمان، اللوز، البرشومي، والمانجو)، مع الاستناد إلى مستهدفات وزارة البيئة والمياه والزراعة لعام 2025 لكل محصول. تم احتساب معدل النمو السنوي لكل منتج على حدة (4.3% للرمان، 13.6% للعسل، 7.5% للبُن، و3.1% للوز، و3.6% للبرشومي، و1.2% للمانجو)، ثم تطبيقه كمعدل نمو مركب ثابت لتقدير الإنتاج حتى عام 2030 ليصل إلى 6,493 ، أي بزيادة تقارب 2,014 طن (حوالي 45 %) مقارنة بخط الأساس."
عدد منشآت الصناعات الغذائية التحويلية المرخصة في منطقة الباحة,"حُدِّد خط الأساس لهذا المؤشر بـ4 منشآت غذائية تحويلية منتجة فعلياً خلال عام 2025، وذلك بعد استبعاد منشأة ""لؤلؤة العقيق"" التي لا تزال في مرحلة اعتماد المخططات ولم تنطلق إنشاءاتها بعد. اعتمد تطوير المستهدفات على ثلاثة مداخل: أولاً، التوجه الوطني المتمثل في مستهدفات رؤية 2030 لتطوير سلاسل القيمة الزراعية والتوسع في التصنيع الغذائي المحلي ثانياً، خارطة المشاريع الاستثمارية المعتمدة ضمن خطة تطوير المنطقة، إذ تتضمن ست مشاريع ذات مكوّن تحويلي غذائي واضح، أبرزها مدينة الرمان (منشأة حصاد ومعالجة وشبكة تجزئة)، ومركز إنتاج وتوزيع اللحوم الحمراء (منشأة معالجة ومركز توزيع)، ومزرعة الفراولة (مركز توزيع وحصاد إرشادي)، وجميعها تستهدف الانطلاق التشغيلي بحلول 2028 ثالثاً، آراء الخبراء المبني على الواقع الحالي للمنطقة، إذ إن المنشأتين الجاهزتين للإنتاج خلال 2026 (المخبوزات الذهبية ولؤلؤة العقيق) ستدفعان العدد إلى 6 منشآت، على أن تنطلق المرحلة التوسعية الكبرى اعتباراً من 2028 مع دخول المشاريع الزراعية التحويلية حيّز التشغيل، لتصل المنظومة التحويلية الغذائية إلى 15 منشأة بحلول 2030، وهو مستهدف مرتبط ارتباطاً مباشراً بتنفيذ حزمة المشاريع الاستثمارية المعتمدة ضمن الاستراتيجية."
معدل كفاءة الإنتاج الزراعي لكل متر مكعب من المياه المستخدمة,تم اعتماد خط الأساس لعام 2019 استنادًا إلى تحليل كفاءة استخدام المياه للمحاصيل الزراعية في منطقة الباحة كما ورد في الدراسات القطاعية، مع استبعاد الزراعة المحمية لضمان تمثيل أدق للأنماط الزراعية السائدة في المنطقة. كما تم الاسترشاد ببيانات الإنتاج الزراعي الحديثة الواردة في الإحصاءات الزراعية لعامي 2023 و2024 الصادرة عن وزارة البيئة والمياه والزراعة لفهم اتجاهات تطور الإنتاج الزراعي في المنطقة. وتم تحديد المستهدفات بناءً على افتراض تحسن تدريجي في كفاءة استخدام المياه نتيجة التوسع في تقنيات الري الحديثة، وتحسين إدارة الموارد المائية، إضافة إلى التحول نحو محاصيل ذات إنتاجية وقيمة اقتصادية أعلى، بما يتماشى مع التوجهات الوطنية لتعزيز كفاءة استخدام المياه في القطاع الزراعي
نسبة المواقع التراثية المعاد تأهيلها في منطقة الباحة,يتطلب تحديد مستهدفات هذا المؤشر إجراء تقييم شامل لجميع المواقع التراثية في المنطقة البالغ عددها 313 موقعاً، يشمل تقييم الحالة الراهنة لكل موقع، وتحديد متطلبات إعادة التأهيل، وترتيب الأولويات بناءً على القيمة السياحية والتراثية والجدوى التنفيذية. وقد تم إدراج أعمال مخصصة لهذا الغرض ضمن مبادرة (3.02 تفعيل المواقع التراثية البارزة في منطقة الباحة)، وسيتم تحديد خط الأساس والمستهدفات السنوية عند اكتمال نتائج هذا المشروع. كما يتطلب التنسيق مع هيئة التراث بوصفها الجهة المعنية بتنظيم أعمال إعادة تأهيل المواقع الأثرية في المملكة، لتحديد نطاق مسؤولية المكتب الاستراتيجي ودوره التنسيقي في هذا المؤشر.
عدد الفعاليات الثقافية والسياحية والتراثية المقامة في منطقة الباحة,تم تحديد المستهدفات السنوية بناءً على مقارنة معدل كثافة الفعاليات لكل من السكان والزوار مع المتوسط الوطني، إضافةً إلى الاسترشاد بالممارسات الدولية لمؤشرات كثافة الفعاليات في الوجهات السياحية، مع استهداف تجاوز المتوسط الوطني والاقتراب من المعدلات المتعارف عليها لوجهة سياحية ناشئة بما يدعم تنشيط الطلب السياحي وتعزيز جاذبية المنطقة.
عدد خريجي برامج التدريب والتأهيل في القطاعات ذات الأولوية (السياحة، الزراعة، الصناعات المرتبطة),سيتم تحديد المستهدفات عند تحديد خط الأساس
عدد الكيانات المجتمعية الاقتصادية المرخصة في منطقة الباحة,سيتم تحديد المستهدفات عند تحديد خط الأساس
إجمالي عدد مفاتيح مرافق الإيواء السياحي المرخصة في منطقة الباحة,مصدر خط الأساس: وزارة السياحة - منصة الرصد السياحي (بيانات أولية) تم اعتماد المستهدفات المسقطة من استراتيجية وزارة السياحة المحدثة
إجمالي عدد المسافرين عبر مطار الباحة سنويًا (آلاف),اعتمد تطوير مستهدفات هذا المؤشر على أربعة مداخل متكاملة، مع مراعاة قيد جوهري يتمثّل في الطاقة الاستيعابية الراهنة للمطار. أولاً، الاتجاه التاريخي: سجّل مطار الباحة نمواً من 202 ألف مسافر عام 2020 إلى 421 ألف عام 2024 بمعدل نمو سنوي مركّب بلغ نحو 20%، غير أن المطار بات يعمل عند مستوى 86% من طاقته الاستيعابية البالغة 488 ألف مسافر، مما يُقيّد إمكانية النمو المادي في المدى القريب ثانياً، التوجه الوطني لاستراتيجية وزارة السياحة التي تستهدف رفع إجمالي زوار الباحة إلى 1.26 مليون بحلول 2030، وهو توجه يستلزم تعزيز الربط الجوي كركيزة أساسية ثالثاً، المقارنة المعيارية مع مطارات سياحية إقليمية ناشئة كالطائف ونجران التي حققت معدلات نمو بين 8 و15% سنوياً في مراحل تطورها المماثلة. رابعاً، آراء الخبراء الذي يُميّز بين مرحلتين متمايزتين: مرحلة أولى (2026–2027) تتسم بنمو محدود يعكس الاقتراب من السقف الاستيعابي الحالي، بحيث لا تتجاوز المستهدفات 480 ألف مسافر؛ ومرحلة ثانية (2028–2030) تنطلق فور اكتمال مشروع التوسعة الجاري المتوقع إنجازه نهاية 2027، إذ يُتوقع قفزة نوعية في الطاقة الاستيعابية تُمكّن من استيعاب خطوط طيران إضافية وتدفعات سياحية أكبر، لتصل المستهدفات إلى نحو 690 ألف مسافر بحلول 2030. وتجدر الإشارة إلى ضرورة مراجعة مستهدفات مرحلة ما بعد التوسعة فور الإعلان عن الطاقة الاستيعابية الجديدة للمطار
إجمالي قيمة الاستثمارات الخاصة المنفذة في القطاعات ذات الأولوية بمنطقة الباحة (مليار ريال),تم بناء المستهدفات السنوية لمؤشر إجمالي الاستثمارات الخاصة في القطاعات ذات الأولوية استناداً إلى الجدول التنفيذي لتفعيل المشاريع الاستثمارية ضمن برامج الاستراتيجية، مع افتراض التدرج الطبيعي في دخول الاستثمارات الخاصة مع انتقال المشاريع من مرحلة التطوير إلى مرحلة التنفيذ والتشغيل تبدأ الاستثمارات بالظهور اعتباراً من عام 2027 بقيمة تقارب 0.56 مليار ريال نتيجة بدء تنفيذ المشاريع ذات الجاهزية الأعلى في قطاعات السياحة والزراعة، خصوصاً المشاريع المرتبطة بالمرافق السياحية والأنشطة الترفيهية الطبيعية ومشاريع الزراعة المتخصصة وسلاسل القيمة الزراعية وترتفع الاستثمارات في 2028 لتصل إلى نحو 1.38 مليار ريال مع توسع تنفيذ المشاريع السياحية المرتبطة بتطوير الوجهات والضيافة والأنشطة الترفيهية، إضافة إلى دخول مشاريع إضافية في سلاسل القيمة الزراعية والصناعات الغذائية المرتبطة بها ويستمر النمو في 2029 ليصل إجمالي الاستثمارات إلى نحو 1.84 مليار ريال نتيجة اكتمال تطوير عدد أكبر من المشاريع الاستثمارية في قطاعات السياحة والزراعة والتراث، وبدء التشغيل التدريجي للمرافق السياحية والمنتجعات والمنشآت الزراعية المتكاملة وتصل الاستثمارات إلى نحو 1.98 مليار ريال بحلول عام 2030 مع اكتمال تنفيذ وتشغيل المشاريع الاستثمارية الكبرى ضمن برامج الاستراتيجية، بما يعكس الأثر المتوقع للمبادرات التمكينية في تحسين البيئة الاستثمارية واستقطاب استثمارات القطاع الخاص في المنطقة