objective,kpi
تعزيز مكانة الباحة كوجهة للراحة والاستجمام,عدد وجهات الاستجمام المفعلة في منطقة الباحة
تنمية الطلب السياحي وزيادة عدد والعائد من الزوار,عدد الزوار السياحيين لمنطقة الباحة
تنمية الطلب السياحي وزيادة عدد والعائد من الزوار,إجمالي الإنفاق السياحي السنوي في منطقة الباحة
تقديم تجربة سياحية متكاملة لزوار الباحة,درجة مؤشر التوصية بالوجهة السياحية في الباحة - NPS
تقديم تجربة سياحية متكاملة لزوار الباحة,نسبة رضا الزوار عن التجربة السياحية في منطقة الباحة
تعظيم إنتاج القطاع الزراعي في منطقة الباحة,إجمالي حجم إنتاج منطقة الباحة من المنتجات الزراعية المنتقاة بالطن
تعزيز الصناعة الزراعية لزيادة نسبة القيمة المضافة لمنطقة الباحة,عدد منشآت الصناعات الغذائية التحويلية المرخصة في منطقة الباحة
تحفيز كفاءة استخدام الموارد الطبيعية,معدل كفاءة الإنتاج الزراعي لكل متر مكعب من المياه المستخدمة
ترسيخ هوية ثقافية وبصرية وعمرانية أصيلة ومتكاملة لمنطقة الباحة,نسبة المواقع التراثية المعاد تأهيلها في منطقة الباحة
ترسيخ هوية ثقافية وبصرية وعمرانية أصيلة ومتكاملة لمنطقة الباحة,عدد الفعاليات الثقافية والسياحية والتراثية المقامة في منطقة الباحة
رفع مشاركة وتمكين سكان الباحة في القطاعات ذات الأولوية,عدد خريجي برامج التدريب والتأهيل في القطاعات ذات الأولوية (السياحة، الزراعة، الصناعات المرتبطة)
تعزيز التنظيم الاقتصادي المجتمعي في سلاسل القيمة ذات الأولوية,عدد الكيانات المجتمعية الاقتصادية المرخصة في منطقة الباحة
تطوير بنية تحتية اقتصادية داعمة للقطاعات ذات الأولوية,إجمالي عدد مفاتيح مرافق الإيواء السياحي المرخصة في منطقة الباحة
تطوير بنية تحتية اقتصادية داعمة للقطاعات ذات الأولوية,إجمالي عدد المسافرين عبر مطار الباحة سنويًا
تعزيز الجاذبية الاستثمارية للباحة,إجمالي قيمة الاستثمارات الخاصة المنفذة في القطاعات ذات الأولوية بمنطقة الباحة