entity,date,status,result
وزارة السياحة,الخميس الموافق ل 10 سبتمبر 2026,,الاتفاق على إبقاء ملكية المبادرات للمكتب الاستراتيجي
الهيئة السعودية للسياحة,الأربعاء الموافق ل 16 سبتمبر 2026,,الاتفاق على إبقاء ملكية المبادرات للمكتب الاستراتيجي
وزارة البيئة والمياه والزراعة,الاثنين الموافق ل 14 سبتمبر 2026,,الاتفاق على إبقاء ملكية المبادرات للمكتب الاستراتيجي
وزارة الصناعة والثروة المعدنية,الأربعاء الموافق ل 16 سبتمبر 2026,,الاتفاق على إبقاء ملكية المبادرات للمكتب الاستراتيجي
وزارة الاستثمار,الإثنين الموافق ل 21 سبتمبر 2026,,الاتفاق على إبقاء ملكية المبادرات للمكتب الاستراتيجي
وزارة الصحة,الأربعاء الموافق ل 16 سبتمبر 2026,,الاتفاق على إبقاء ملكية المبادرات للمكتب الاستراتيجي وبانتظار بريد التأكيد
وزارة الرياضة,الثلاثاء الموافق ل 15 سبتمبر 2026,,الاتفاق على إبقاء ملكية المبادرات للمكتب الاستراتيجي
الهيئة العامة للترفيه,الأربعاء الموافق ل 16 سبتمبر 2026,,الاتفاق على إبقاء ملكية المبادرات للمكتب الاستراتيجي
وزارة الموارد البشرية والتنمية الاجتماعية,الأحد الموافق ل 13 سبتمبر 2026,,الاتفاق على إبقاء ملكية المبادرات للمكتب الاستراتيجي
وزارة الثقافة,الإثنين الموافق ل 21 سبتمبر 2026,,الاتفاق على إبقاء ملكية المبادرات للمكتب الاستراتيجي
وزارة الاقتصاد والتخطيط,الإثنين الموافق ل 21 سبتمبر 2026,,الاتفاق على إبقاء ملكية المبادرات للمكتب الاستراتيجي