slide,number,source,directive,response,status,slide_ref
9,1,سمو رئيس اللجنة الاستراتيجية / معالي أعضاء اللجنة الاستراتيجية,يجب أن تكون إستراتيجية منطقة الباحة مُتّسقة مع الأهداف العامة لرؤية المملكة 2030، ومتوائمة مع الاستراتيجيات القطاعية الوطنية ذات العلاقة وذلك لتحقيق النمو والتنوع الاقتصادي المستدام، وتعزيز جودة الحياة في منطقة الباحة,,,1
9,2,سمو رئيس اللجنة الاستراتيجية / معالي أعضاء اللجنة الاستراتيجية,العمل على توجيه الإستراتيجية نحو تعظيم الاستفادة من المقومات النسبية الفريدة للمنطقة وتحويلها إلى محركات نمو مستدامة ذات قيمة مضافة عالية، بما يعزز التموضع الإستراتيجي للمنطقة على المستوى الوطني,,,2
9,3,سمو رئيس اللجنة الاستراتيجية / معالي أعضاء اللجنة الاستراتيجية,تفعيل دور المكتب ضمن صلاحياته التنظيمية لضمان تنفيذ استراتيجية المنطقة بالإضافة إلى المبادرات التي تقع ضمن نطاق الصلاحيات,,,3
9,4,سمو رئيس اللجنة الاستراتيجية / معالي أعضاء اللجنة الاستراتيجية,التركيز على سد الفجوات التنموية التي تم تحديدها من خلال تحليل الوضع الراهن والمقارنات المعيارية واستغلال ما تم تحديده من فرص واعدة، وذلك عبر تطوير تدخلات مستهدفة، تسهم في رفع كفاءة الأداء، وتحسين جودة الخدمات، وتعزيز جاهزية المنطقة لتحقيق مستهدفاتها الإستراتيجية بكفاءة واستدامة,,,4
9,5,سمو رئيس اللجنة الاستراتيجية / معالي أعضاء اللجنة الاستراتيجية,تعزيز التعاون بين القطاع الحكومي والقطاعين الخاص وغير الربحي لتنفيذ المشاريع التنموية والاستثمارية، وذلك لرفع مساهمة القطاعات غير الحكومية في التنمية والناتج المحلي الإجمالي للمنطقة وترشيد الإنفاق الحكومي,,,5
9,6,سمو رئيس اللجنة الاستراتيجية / معالي أعضاء اللجنة الاستراتيجية,تعزيز التنمية المستدامة من خلال مراعاة الجوانب البيئية والحفاظ على الموارد الطبيعية وتراث وهوية المنطقة,,,6
9,7,سمو رئيس اللجنة الاستراتيجية / معالي أعضاء اللجنة الاستراتيجية,تعزيز التكامل مع المناطق المجاورة، بما يحقق الاستفادة من الترابط الجغرافي وسلاسل الإمداد والبنية التحتية المشتركة، ويسهم في تكوين أقاليم تنموية مترابطة تدعم تنافسية منطقة الباحة، وتوسع نطاق أسواقها وفرصها الاستثمارية والسياحية,,,7
10,1,سمو رئيس اللجنة الاستراتيجية,تقديم مستند الإستراتيجية على مرحلتين ~ حيث تشمل المرحلة الأولى الرفع بالتوجهات الإستراتيجية وتكون المرحلة الثانية لرفع المستند الكامل للإستراتيجية.,,,
10,2,سمو رئيس اللجنة الاستراتيجية,ضمان المواءمة التامة مع الإستراتيجية القطاعية، وعدم فرض مبادرات على الإستراتيجية القطاعية من الإستراتيجية المناطقية.,,,
10,3,سمو رئيس اللجنة الاستراتيجية,تركز الإستراتيجية المناطقية على دعم الميز التنافسية للمنطقة غير المغطاة من الإستراتيجية القطاعية، وفي حال عدم وجود ميز تنافسية فيُركّز على رفع جودة الخدمات للمواطنين.,,,
10,4,سمو رئيس اللجنة الاستراتيجية,من المهم ألا تتقاطع الإستراتيجيات المناطقية مع الإستراتيجيات القطاعية المعتمدة، فالإستراتيجيات المناطقية تعمل على سد الفجوات التي لم تُعالج في الإستراتيجيات القطاعية، لكن لا تتدخل في إستراتيجيات قطاعية قائمة، مثل: أن تتدخل الإستراتيجيات المناطقية في تخصيص مبالغ أو مبادرات إستراتيجيات قطاعية مُقرّة ومعتمدة، وهذا يعود إلى تلك الإستراتيجيات المُقرّة فهي التي تقرر أين تُوضع تلك المبالغ والمبادرات.,,,
10,5,سمو رئيس اللجنة الاستراتيجية,واجب المناطق أن تسهل جهود أي إستراتيجية قطاعية تستهدف أي أعمال أو نشاطات في منطقتها، لا أن توجّه الإستراتيجيات المعتمدة.,,,
10,6,سمو رئيس اللجنة الاستراتيجية,الإستراتيجيات القطاعية هي من تُحدّد التوزيع المكاني في مرحلة التنفيذ بناءً على الميز التنافسية للمناطق.,,,
10,7,سمو رئيس اللجنة الاستراتيجية,وزارة النقل والخدمات اللوجستية لا تتدخل في التخطيط داخل المدينة، إستراتيجية النقل تركز على الطرق السريعة، واتصال المملكة مع الدول المجاورة والموانئ والمناطق الاقتصادية، ويقتصر دور المناطق على حل المشاكل داخل المنطقة.,,,
10,8,سمو رئيس اللجنة الاستراتيجية,الهدف من الإستراتيجيات المناطقية؛ أن يُركّز على دعم الميز التنافسية التي لم تُغطّ في أي من الإستراتيجيات القطاعية القائمة، وفي حال لم يكن هناك ميز تنافسية فيُركّز على جودة الخدمات المقدمة للمواطنين.,,,
10,9,معالي الدكتور فهد تونسي,"أن يكون لكل عرض تقدمه أي منطقة توجهات مبدئية توضح ما سيُطبّق في المنطقة، وبعد الموافقة عليها يُعمل على الإستراتيجية، باستثناء إستراتيجية ""الرياض وجدة"" لجاهزيتها.",,,
10,10,سمو أمير منطقة الباحة,الإشارة إلى غياب دور السينما في منطقة الباحة، وأفاد سمو أمير منطقة الباحة بتوقيع اتفاقية مع أحد مشغلي دور السينما، وجاري استكمال الإجراءات النهائية لإنشاء دور السينما بالمنطقة.,,,
10,11,اللجنة الاستراتيجية (SMC),التأكيد على أن عدد المقاهي والمطاعم والفعاليات المستهدفة يجب أن يُبنى على عدد السكان وزوار المنطقة في الوضع الراهن، وليس فقط على عدد السكان.,,,
10,12,اللجنة الاستراتيجية (SMC),الإشارة إلى أن مستهدفات قطاع الزراعة غير واضحة بعد، ولم تُضاف أرقام محددة على غرار مستهدفات قطاع السياحة، مما يستدعي مراجعة وتحديد الأهداف بدقة.,,,
12,1,اللجنة الاستراتيجية التحضيري الحادي والثلاثون لعام 2026,مواءمة ملكية المبادرات القطاعية مع الجهات المعنية,,,
12,1,برقية الديوان الملكي برقم 70316,تفصيل التوجهات الاستراتيجية وتطوير الأهداف الاستراتيجية للبيت الاستراتيجي المعتمد، بما يوضح الترابط بين الرؤية والركائز ورؤية المملكة 2030,,,
12,2,برقية الديوان الملكي برقم 70316,ترجمة التوجهات الاستراتيجية إلى محفظة من المبادرات التنفيذية المرتبطة بخمسة برامج رئيسة، وإعداد بطاقات تفصيلية تتضمن نطاق كل مبادرة ومشروعاتها ومعالمها ومخرجاتها ومؤشراتها التشغيلية ومخاطر تنفيذها، إلى جانب تحديد ميزانيتها وجدولها الزمني وتوزيع المخصصات ضمن سقف الميزانية المعتمد,,,
12,3,برقية الديوان الملكي برقم 70316,تحديد الأثر الاقتصادي والاجتماعي المتوقع من تنفيذ الاستراتيجية ومبادراتها، بما يشمل أثرها على الناتج المحلي الإجمالي للمنطقة، وتوليد الوظائف، وتحفيز الاستثمارات، وتعزيز مساهمة القطاع الخاص في التنمية,,,
12,4,برقية الديوان الملكي برقم 70316,مراجعة وتحديث ومواءمة مستهدفات مؤشرات الأثر الكلي، وتطوير مؤشرات الأداء الاستراتيجية وبطاقاتها التفصيلية، بما يشمل تعريف المؤشرات ومنهجيات احتسابها ومصادر بياناتها وخطوط أساسها ومستهدفاتها حتى عام 2030,,,
12,5,برقية الديوان الملكي برقم 70316,تحديث الوثيقة التفصيلية للاستراتيجية بناءً على ملاحظات أصحاب المعالي أعضاء اللجنة الاستراتيجية، وإعداد الردود التفصيلية لكل ملاحظة,,,
12,6,برقية الديوان الملكي برقم 70316,تحديد المبادرات القطاعية التي يمكن إسناد ملكيتها إلى الجهات الحكومية المعنية، واقتراح الجهات المالكة، وعقد جلسات المواءمة معها لمناقشة ملكية المبادرات وأدوار التنفيذ والدعم، ومواءمة نطاقاتها ومستهدفاتها مع التوجهات القطاعية,,,
12,1,اجتماع اللجنة الاستراتيجية التحضيري الحادي والثلاثون بتاريخ 06/03/1448 هــ,أعمال المواءمة التي تمت فيما يخص إسناد ملكية المبادرات القطاعية,تم المواءمة مع جهة حكومية لمناقشة نطاق وملكية المبادرات وأدوار التنفيذ والدعم,,
14,01,سمو رئيس اللجنة الاستراتيجية,تساؤل سموه الكريم على عدم وجود صالات سينما في الباحة وان ذلك غير معقول حتى الآن، وأهمية معالجة ذلك,تم تدشين سينما البلد في محافظة بلجرشي كما يجري العمل على استكمال الإجراءات التعاقدية لإنشاء سينما تجارية في مدينة الباحة جاري التنسيق مع برنامج جودة الحياة لبحث سبل دعم قطاع السينما في المنطقة,,شريحة 555
14,02,سمو رئيس اللجنة الاستراتيجية,أشار سموه الكريم إلى أن عدد الفعاليات لكل (100) ألف نسمة وعدد المطاعم والمقاهي لكل (100) ألف نسمة وأن هذا التقييم غير صحيح، فعند مقارنتها بجدة والرياض، أو مكة المكرمة ،أو المدينة المنورة ، أو العلا مثلا هي لا تحسب فقط على عدد السكان، ولكن تحسب أيضا على عدد السائحين الذين يأتون والسائحين المستهدفين، كيف ستتم عملية التحسين في الباحة بناء على ( ~ Gap ~ ) بحسبة غير صحيحة؟,تم عكس توجيه سموه الكريم باحتساب اعداد المقاهي والمطاعم لكل (100) ألف نسمة لكل من سكان المنطقة بالإضافة إلى أعداد الزوار والسياح، وتم عكسها أيضا لعدد الفعاليات لكل (100) ألف نسمة,,شريحة 62
14,03,سمو رئيس اللجنة الاستراتيجية,أشار سموه الكريم إلى عدم وضوح مستهدفات القطاع الزراعي والصناعات المرتبطة,تم تحديد مستهدفات القطاع الزراعي والصناعات المرتبطة وتطوير عدد من المؤشرات تنقسم بشكل رئيسي إلى قسمين، مؤشرات الأثر الكلي (لقياس الأثر الاقتصادي والنهائي من تنفيذ الاستراتيجية) بالإضافة إلى مؤشرات استراتيجية مرتبطة بركائز البيت الاستراتيجي,,شريحة 116 شرائح 138 - 139
15,01,معالي أ. أحمد الخطيب,تحليل أعداد السياح المستهدفين من ناحية سياح الداخل والخارج، إقليمي والدولي وكذلك تحديد الفئات المستهدفة اقتصاديا وعمريا,تم الأخذ بالملاحظة، حيث تم توضيح الفئات الرئيسية المستهدفة لكل نشاط سياحي رئيسي، بالإضافة إلى توضيح الوضع الحالي والمستهدف من فئات الزوار المحليين والدوليين,,الشرائح 110 - 114
15,02,معالي أ. أحمد الخطيب,ضرورة إيضاح جاهزية البنية التحتية السياحية ( End to End ) تشمل ما يلي: المطارات: عدد الرحلات والجهات عدد مفاتيح الغرف عدد المطاعم والمقاهي سهولة الوصول وجاهزية الطرق الخدمات الأساسية: مثل الاتصالات، والبنوك، والمياه، والكهرباء,"ما تم استعراضه على أعضاء اللجنة الاستراتيجية في وثيقة التوجهات الاستراتيجية هو المستهدف السابق (4 مليون زائر بحلول عام 2030) وقد تم تعديل هذا المستهدف في الإصدار المحدث من الاستراتيجية الوطنية للسياحة ( NTS 2.0 ) (1.26 مليون زائر بحلول عام 2030 ). وجاهزية البنية التحتية السياحية حسب دراسات الوضع الراهن متناسبة مع مستهدف الجديد لأعداد الزائرين ، بالإضافة إلى دعم المشاريع التنموية الحالية بالمنطقة. أبرز المشاريع كالآتي: مشروع توسعة مطار الملك سعود لرفع الطاقة الاستيعابية السنوية إلى 1.6 مليون مسافر بحلول عام 2030 يتوفر حالياً 2,910 مفتاح في منطقة الباحة، بالإضافة إلى مستهدف إنشاء 1,375 مفتاح إضافي بحلول عام 2030 حاليا يوجد في المنطقة 805 مطعم ومقهى، وتوجد فجوة حالية جاري معالجتها من خلال مبادرات تمكينية لسد الفجوة بحلول عام 2030 تعد الطرق في منطقة الباحة ضمن الأصول الأعلى جاهزية حسب تقرير الميز التنافسية لمنطقة الباحة لعام 2024 يوجد تفاوت في جاهزية الخدمات الأساسية، حيث تعتبر الاتصالات والكهرباء من الخدمات ذات الجاهزية العالية، وفي المقابل، توجد خدمات أخرى تحتاج لتحسين ونعمل مع الجهات المعنية لتغطيتها من خلال مشاريع تلك الجهات",,شريحة 108 شريحة 59 - 77 شرائح 525 - 536
15,03,معالي أ. أحمد الخطيب,توضيح تفاصيل المؤشرات الاقتصادية قبل وبعد الاستراتيجية، مثل: الناتج المحلي ، عدد الوظائف ، نسبة مساهمة القطاع الخاص ، البطالة,تم الأخذ بالملاحظة، حيث تم توضيح تفاصيل مؤشرات الأثر الكلي (قبل وبعد) ضمن قسم الرؤية والتوجهات الاستراتيجية,مكتمل جاري العمل لم يبدأ,شرائح 132 - 133
15,04,معالي أ. أحمد الخطيب,أوصى معاليه بإعادة النظر في توجه إقامة السياحة في منطقة الباحة على مدار العام، لاسيّما أن المدن العالمية باتت تركّز على السياحة الموسمية من خلال رفع الطاقة الاستيعابية إلى أقصى حد ممكن خلال الموسم، مع الاستفادة من الفعاليات والعروض الموجهة للشركات والجهات لتحقيق إشغال فعّال خارج الموسم مثل : المؤتمرات والاجتماعات ، السياحة الصحية والاستجمام مع وجود الأماكن المهيئة لذلك ، تطوير وجهة سياحية مميزة,تم الأخذ بتوصية معاليه بالتركيز على موسم الصيف في قطاع السراة (مدينة الباحة، المندق، بلجرشي، القرى، بني حسن، العقيق) والتي تتميز بجو لطيف وماطر مع رفع إشغال الأصول السياحية خارج الموسم الصيفي من خلال استهداف فئات معينة (مثل المؤتمرات، منتجعات استجمام). كما سيتم استغلال الطبيعة الجغرافية والمناخية المتنوعة للمنطقة، من خلال تعزيز موسم الشتاء في قطاع تهامة (المخواة، قلوة، الحجرة وغامد الزناد) الذي يتميز بدفء واعتدال الأجواء,,شرائح 154 - 157
16,01,معالي أ. ياسر الرميان,لا أرى مناسبة تضمين الميزانيات الخاصة بمشاريع الصندوق أو الشركات التابعة ضمن ميزانية المبادرات في الاستراتيجية حيث نرى حصر المبالغ على المبادرات المملوكة للمكتب الاستراتيجي في المرحلة التالية لاعتماد التوجهات الاستراتيجية,تمت مراجعة هذا الجانب، وبناءً عليه تم حذف الميزانيات والمدد الزمنية المرتبطة بمشاريع الصندوق أو الشركات التابعة من الوثيقة الاستراتيجية، وذلك تجنبًا لأي لبس أو عدم دقة قد ينتج عن إدراج معلومات خاضعة لإجراءات استثمارية مستقلة,,48
16,02,معالي أ. ياسر الرميان,كما أود الإشارة الى أن ميزانيات مشاريع الصندوق ومددها الزمنية خاضعة للمراجعة وفق الإجراءات الاستثمارية المتبعة في الصندوق والمعتمدة من قبل مجلس إدارته,,,
16,03,معالي أ. ياسر الرميان,مشاريع صندوق الاستثمارات العامة التي تحت الدراسة المذكورة في العرض (مثل تطوير القرى القديمة – قريتي الظفير وذي عين، فندق قصر الباحة واستراحة الباحة) هي مشاريع قيد الدراسة والتي سيتم اتخاذ قرار بشأنها وفق الاستراتيجية الاستثمارية وإجراءات الاستثمار المتبعة داخل الصندوق وخطط الأعمال للشركات التابعة وفق أولوياتها واستراتيجياتها,تمت الإشارة الى ذلك في الوثيقة حسب توجيه معاليه.,,48
16,04,معالي أ. ياسر الرميان,من أبرز التحدي ات التي تواجه الخيار الاستراتيجي المقترح هو الحاجة لتطوير البنية التحتية لعدد من القطاعات الداعمة مثل النقل والخدمات اللوجستية، الداعم للقطاعات المذكورة مثل الزراعة والسياحة والصناعات المرتبطة. يلاحظ أنه لم يتم توضيح كيف ستتم معالجة تلك التحديات في الاستراتيجية والأثر المتوقع بشكل واضح,قام المكتب بالمواءمة مع القطاعات الحكومية المسؤولة عن البنية التحتية لضمان تكامل استراتيجياتها وخططها مع استراتيجية تطوير المنطقة، فقد تم تشكيل العديد من اللجان وفرق العمل (بمشاركة المكتب الاستراتيجي وأمارة المنطقة والجهات الحكومية ذات الصلة) لحصر احتياجات المنطقة من مشاريع بنية تحتية بالإضافة الى متابعة المشاريع التنموية التي تعالج ما أشار اليه معاليه من تحديات. وعليه تم ادراج هذه المشاريع بالإضافة الى الأثر ضمن هذه الوثيقة.,,46
17,01,معالي د. ماجد عبدالله القصبي,أشار معاليه إلى أن الصيغ المقترحة للرؤية ركزت على ركيزة السياحة، دون التطرق بشكل كافٍ إلى ركيزة الزراعة والصناعات المرتبطة بها,تم الأخذ بالملاحظة ،حيث تم تعديل صيغة الرؤية لتشمل الركائز الاستراتيجية الرئيسية لمنطقة الباحة وهي السياحة والزراعة,,شرائح 100 - 101
17,02,معالي د. ماجد عبدالله القصبي,أوصى معاليه بضرورة تضمين الوثيقة الكاملة للاستراتيجية تحليلًا واضحًا للمستهدفات وآلية التوصل إليها,تم الأخذ بالملاحظة ، حيث تم إضافة آلية واضحة للخروج بمستهدفات المؤشرات بالاستعانة بخمس أدوات رئيسية وهي: القيم السابقة للمؤشرات ( Trend )، المقارنات المعيارية، التوجهات الوطنية، آراء الخبراء، أفضل الممارسات الدولية,,شرائح 395 - 409
17,03,معالي د. ماجد عبدالله القصبي,أوصى معاليه بإبراز دور ومشاركة أهالي منطقة الباحة في عملية تطوير استراتيجية المنطقة وكيف تم ادراج مطالبهم وتطلعاتهم ضمن الاستراتيجية,تم الأخذ بالملاحظة ، حيث تم إضافة شرائح توضح المجهودات التي تبرز دور ومشاركة المجتمع المحلي والقطاعات العامة في مراحل تطوير استراتيجية المنطقة,,شرائح 549 - 553
17,05,معالي د. ماجد عبدالله القصبي,أوصى معاليه بدراسة مدى إمكانية إدراج قطاع التعدين ضمن القطاعات التي تستهدفها استراتيجية منطقة الباحة نظرا لغنى المنطقة بعدد من المعادن النفيس ة,بناء على تقرير الميز التنافسية لمنطقة الباحة لعام 2024، كانت درجة إمكانات التنافسية لقطاع التعدين منخفضة (31 من 100)، بالإضافة إلى ما أوضحته وزارة الصناعة والثروة المعدنية بعدم استهدافهم لمنطقة الباحة في المرحلة الحالية، وبناء عليه، سنقوم بمتابعة تطورات القطاع وتحديثات استراتيجية قطاع التعدين لإدراجها ضمن تحديث الاستراتيجية,,شريحة 43
17,01,معالي د. حمد آل الشيخ,أوصى معاليه بأن تكون المشاريع والمبادرات ذات طابع فريد وتقدم أفكار جديدة لضمان الجذب والتميز وذكر معاليه مثال على ذلك استغلال تضاريس المنطقة لإنشاء منافسات في الرياضات مثل الطيران الشراعي وتسلق الجبال، بالإضافة الى مسابقات التصوير الفوتوغرافي,تم الأخذ بالملاحظة، حيث تم تطوير مبادرات ومشاريع ذكية تراعي الميز التنافسية للمنطقة وتقديم تجارب فريدة,,شرائح 152 - 180
18,01,معالي أ. فيصل الإبراهيم,اعتمد التحليل على دراسة الميز التنافسية لعام 2022 ~ و ~ من الضروري الموائمة على النسخة المحدثة لدراسة الميز التنافسية لعام 2024,تم تحليل تقرير الميز التنافسية لعام 2024 وعكس نتائجه في الوثيقة,,شريحة ~ 82 ~ - ~ 88
18,02,معالي أ. فيصل الإبراهيم,هناك عدد من المؤشرات التي تم تحدثها من قبل الهيئة العامة للإحصاء والتي من المهم الموائمة بشأنها وتحديثها في الاستراتيجية منها ما يتعلق بالناتج المحلي للمنطقة لعام 2023 ومعدلات البطالة لربع الأول من عام 2025,تم الأخذ بالملاحظة وتحديث البيانات حسب أحدث مصدر متوفر,,شريحة ~ 51
18,03,معالي أ. فيصل الإبراهيم,"النسخة المحدثة قدم ~ ت ~ إ ~ طار ~ اً ~ استراتيجي ~ ً ~ ا ~ أ ~ كثر تفصيلا ~ ً ~ حيث تم تحد ~ ي ~ د الأهداف والمؤشرات الرئيسية وترجمتها ~ إ ~ لى برامج عمل وتم ربط هذه الأهداف بمستهدفات طموحة لعام 2030 تشمل جذب 4 ملايين سائح سنوي ~ ً ~ ا، وتوفير 25 ~ أ ~ لف فرصة وعمل وتحقيق نمو اقتصادي بنسبة 3% وخفض معدل الهجرة بنسبة 1%. وقد يكون من المهم التوضيح في الوثيقة الشاملة كيف ستصل الى هذه المستهدفات ،( المبادرات المحددة و القابلة للتنفيذ) لاسيما ان تحليل الوضع الراهن قد شخص"" موسمية السياحة"" كأحد التحديات الرئيسية التي تواجهها منطقة الباحة كما تشير بأن هدف خفض معدل الهجرة نسبة 1% فقط يبدو متواضعا بشكل لافت وغير مناسب مع الهدف الطموح لخلق 25 الف فرصة عمل جديدة مما يعد ناقصا في التوجه العام للمستهدفات الإستراتيجية.",تتضمن الوثيقة توضيح مسار الوصول إلى مستهدفات عام 2030، وذلك من خلال المبادرات التنفيذية ذات الصلة، وتم تفصيل نطاق هذه المبادرات. كما تمت مراجعة مستهدفات مؤشرات الأداء، مع توضيح الأسس التحليلية والمنطق المستخدم في تحديدها لضمان اتساق المستهدفات مع التوجه العام للاستراتيجية,,شرائح ~ 132 ~ - ~ 133
18,04,معالي أ. فيصل الإبراهيم,لم يتضح في العرض كيف ستتكامل الاستراتيجية مع المناطق المجاورة وتكاملها في سلاسل القيمة والامداد في الميز التنافسية المتشابهة في قطاعات مثل السياحة والزراعة,أحد مبادئ تطوير استراتيجية منطقة الباحة التكامل مع المناطق المجاورة وقد تم مراعاة ذلك خلال مراحل التطوير ابتداء من تحليل الوضع الراهن والميز التنافسية وصولا الى مواءمة التوجهات والمبادرات. ~ وقد تم توضيح ذلك ضمن الوثيقة حسب ملاحظة معاليه,,شرائح ~ 86 ~ - ~ 87
18,05,معالي أ. فيصل الإبراهيم,تشهد المنطقة ارتفاعا في مؤشر الامراض المزمنة مما يشير الى حاجة ملحه لتعزيز برامج الوقاية والرعاية الصحية,قام المكتب بالمواءمة مع منظومة الصحة، حيث تم تشكيل لجنة على مستوى عالي مشكلة من وزارة الصحة، أمارة منطقة الباحة والمكتب الاستراتيجي لرفع جودة خدمات القطاع الصحي ومعالجة التحديات وتلبية احتياجات وتطلعات المنطقة,,-
18,06,معالي أ. فيصل الإبراهيم,محدودية مدارس البنين المهيأة لاستيعاب الطلاب ذوي الاحتياجات الخاصة في عدد من محافظات المنطقة,قام المكتب بالمواءمة مع منظومة التعليم وأمارة منطقة الباحة لرفع جودة خدمات القطاع التعليمي ومعالجة التحديات وتلبية احتياجات وتطلعات المنطقة,,شريحة ~ 45
19,07,معالي أ. فيصل الإبراهيم,يلاحظ عدم تناسق نسبة طلاب رياض الأطفال وطلاب التعليم الابتدائي في فصول دراسة ذات احجام مناسبة,قام المكتب بالمواءمة مع منظومة التعليم وأمارة منطقة الباحة لرفع جودة خدمات القطاع التعليمي ومعالجة التحديات وتلبية احتياجات وتطلعات المنطقة.,,شريحة 45
19,08,معالي أ. فيصل الإبراهيم,هناك محدودية ملحوظة في إمكانية وصول الطلاب والطالبات الى الجامعة في عدد من محافظات المنطقة,هنالك العديد من المشاريع القائمة مع أمانة منطقة الباحة ووزارة النقل والخدمات اللوجستية لتحسين وتطوير شبكة الطرق بين محافظات المنطقة لرفع الحركة والوصول للخدمات بما في ذلك الجامعة وفروعها.,,شرائح 526 - 535، شرائح 538 - 548
19,09,معالي أ. فيصل الإبراهيم,ارتفاع نسبة إنفاق الاسر على وسائل النقل مما يدل على محدودية وضعف توفر وسائل النقل العام,قام المكتب بالمواءمة مع منظومة النقل، حيث تم تشكيل لجنة على مستوى عالي مشكلة من وزارة النقل والخدمات اللوجستية، أمارة منطقة الباحة والمكتب الاستراتيجي لرفع جودة خدمات قطاع النقل ومعالجة التحديات بما في ذلك تحسين النقل العام وتلبية احتياجات وتطلعات المنطقة.,,شريحة 45
19,10,معالي أ. فيصل الإبراهيم,يلاحظ وجود معدلات هائلة لحجم توليد النفايات المنزلية اليومية للفرد والذي يستدعي الى تحسين إدارة النفايات وتوسيع برامج الفرز وإعادة التدوير وتعزيز التوعية المجتمعية لتحقيق أهداف الاستدامة البيئية,تم الأخذ بالملاحظة، جاري العمل مع أمانة منطقة الباحة لدعمهم في رفع جودة إدارة وإعادة تدوير النفايات وتعزيز التوعية المجتمعية لتحقيق أهداف الاستدامة البيئية,جاري العمل,
19,11,معالي أ. فيصل الإبراهيم,حددت دراسة الميز التنافسية لمنطقة الباحة لعام 2024 عدد من نقاط الضعف في الأصول الأساسية المؤثرة على أداء الأنشطة الاقتصادية ومن أبرزها توفر أراضي وهي أحد تحديات عزوف المستثمرين عن الاستثمار في المنطقة مما يستدعي تحليل جوانبها والخروج بآليات ومعالجات واضحة لها,تم الأخذ بالملاحظة، فقد قام المكتب بدراسة شاملة للأراضي ضمن المخطط الإقليمي والمخططات المحلية لتحديد الفجوات وفرص تهيئتها، مع التوصية بتوسيع النطاق العمراني، وحماية الأراضي الزراعية وتنظيم الاستثمار فيها، إضافة إلى تطوير قواعد بيانات جيومكانية لدعم اتخاذ القرار وجذب المستثمرين.,,
19,12,معالي أ. فيصل الإبراهيم,نؤكد على أهمية تعزيز مجالات البحث والابتكار في جامعة الباحة حيث لاتزال دون المستوى المأمول والذي يعتبر من أهم الأصول الأساسية الممكنة في تعزيز أداء النمو الاقتصادي في المنطقة,تم الأخذ بالملاحظة، ويعمل المكتب مع جامعة الباحة على تعزيز سبل الدعم التي ترفع من مساهمة الجامعة وجهودها الحالية في تعزيز مجالات البحث والابتكار.,مكتمل,
20,01,,وضحت الوثيقة عددًا من الأولويات الاستراتيجية لقطاعات مختلفة منبثقة من استراتيجيات وطنية (مثال: الاستراتيجية الوطنية للسياحة، والاستراتيجية الوطنية للزراعة، والاستراتيجية الوطنية للمياه، والاستراتيجية الوطنية للبيئة) مع توضيح التوجه الاستراتيجي المرتبط بمنطقة الباحة، ولكن قد يكون من المناسب تفصيل المواءمة بشكل أكبر مع قطاعي السياحة والزراعة نظرًا لكونهما ركائز الاستراتيجية,تم الأخذ بالملاحظة، حيث تم ادراج تفاصيل أكثر فيما يتعلق بالركائز الاستراتيجية (السياحة والزراعة) بما في ذلك أعمال وأوجه المواءمة مع الجهات ذات العلاقة.,,شريحة 43 - 44
20,02,,وضحت الوثيقة التحديات في تحليل الوضع الراهن، ولكن من المهم أن يتم تحليل شامل للتحديات والأسباب الجذرية لها (مثال: تحدي ارتفاع عدد الوفيات من الحوادث، وارتفاع نسبة الأمية في المنطقة)، وكيفية معالجتها,تم الأخذ بالملاحظة، حيث تم تضمين الوثيقة تحليلات ودراسات شاملة لأبرز التحديات بالمنطقة واسبابها الجذرية، ومعالجتها من خلال مواءمة المكتب ضمن أعماله الروتينية مع القطاعات الحكومية المسؤولة عن البنية التحتية بما في ذلك منظومتي النقل والتعليم، عبر اللجان وفرق العمل المشكلة لمعالجة مثل هذه التحديات (مثال: لجنة السلامة المرورية بالمنطقة – لرفع السلامة المرورية في شبكات الطرق وتقليص أعداد الحوادث والوفيات),,شريحة 57 – 77 شريحة 538 - 548
20,03,,لم تتضمن الدراسة تحليل أثر المشاريع القائمة والمستقبلية في المنطقة من النواحي الاجتماعية والاقتصادية وجودة الحياة. كما لم يتم تقييم أثر المبادرات والمشاريع الحالية في المنطقة في معالجة تحديات الوضع الراهن (مثال: هل المشاريع القائمة والمتوقعة لإنشاء مستشفيات، سواء حكومية أو خاصة أو جامعية، تعالج مشكلة قلة المستشفيات المعتمدة في المنطقة؟ هل يوجد مشاريع قائمة أو متوقعة تعالج تحدي ارتفاع عدد الوفيات من الحوادث المرورية؟),تم الأخذ بالملاحظة، حيث تم إضافة تقييم أثر المشاريع القائمة والمستقبلية ضمن الوثيقة.,,شريحة 46
20,04,,تم إعداد التوجه الاستراتيجي لركيزتي السياحة والزراعة والصناعات ذات العلاقة، وتحديد الممكنات (هوية الباحة، المجتمع المحلي، والمنظومة التمكينية) مع توضيح الجهات ذات العلاقة وأدوارها، ولكن لم يتم تحديد التوجه الاستراتيجي لدور مكتب تطوير منطقة الباحة في تنمية وتمكين جميع العناصر المتعلقة بتنمية المنطقة,تم إيضاح الدور الاستراتيجي لمكتب تطوير منطقة الباحة بوصفه الجهة المعنية بقيادة التكامل التنموي في المنطقة، من خلال تنسيق الجهود بين الجهات الحكومية والقطاع الخاص والقطاع غير الربحي، بما يضمن مواءمة المبادرات والمشاريع مع الاستراتيجيات الوطنية والقطاعية وتعزيز تكامل الركائز الاقتصادية والممكنات الداعمة لها. بالإضافة الى تفعيل الترتيبات التنظيمية للمكتب المرتبطة بدوره التنموي.,,شرائح 189 - 211
20,05,,تم إعداد 3 خيارات لرؤية منطقة الباحة مع التوصية بالخيار الأول وهو: (أن تكون الباحة منطقة حيوية على مدار العام ذات هوية فريدة بطبيعتها وتراثها الأصيل، ووجهة سياحية في بيئة داعمة للعيش بأعلى مستويات جودة الحياة والعمل والاستثمار)، ولكن تعتبر الرؤية عامة (مثال: ما هو القطاع السياحي المستهدف، وما هي أنواع السياح المستهدفين؟)، كما أنه لم يتم تسليط الضوء على قطاع الزراعة والصناعات ذات العلاقة,تم الأخذ بالملاحظة، حيث تم إعادة صياغة الرؤية لتكون شاملة للركائز الأساسية للاستراتيجية وهي السياحة والزراعة,مكتمل جاري العمل لم يبدأ,شرائح 100 - 101
21,,,تضمنت الوثيقة مؤشرات الأداء المستهدفة بحلول 2030 وتفصيل لبطاقات المؤشرات وتوضح ارتباطها بالخمس أهداف المقترحة ولكن : لم يتم تضمين مؤشرات الأثر الاجتماعي والاقتصادي المترتب على تنفيذ الاستراتيجية (مثال: عدد الفرص الوظيفية، المساهمة في ميزان المدفوعات، مساهمة المنطقة في الإيرادات غير النفطية). ومن المهم تضمين تلك المؤشرات بشكل سنوي حتى عام 2030م.,تم الأخذ بالملاحظة ، حيث تم إضافة مؤشرات تقيس الأثر الكلي لتنفيذ الاستراتيجية ومستوى آخر من المؤشرات يقيس تقدم أهداف مستوى الركائز,,شريحة 133
21,,,من المهم أن تتضمن الوثيقة مؤشرات ذات علاقة بالزراعة والصناعات ذات العلاقة حيث إنها تعتبر ركيزة أساسية في الاستراتيجية.,تم الأخذ بالملاحظة، حيث تم إضافة مؤشرات تختص بركيزة الزراعة والصناعات المرتبطة,,شرائح 138 - 139
21,,,من المهم مواءمة جميع الاستراتيجيات مع المركز الوطني لقياس أداء الأجهزة العامة فيما يتعلق بالمؤشرات والمستهدفات المقترحة وذلك حسب الأمر السامي الكريم رقم (60821) وتاريخ 22/10/1442هـ قبل الرفع بالاستراتيجية المحدثة,تمت المواءمة مع المركز الوطني لقياس أداء الأجهزة العامة وتطوير مؤشرات ومستهدفات استراتيجية الباحة حسب منهجية المركز.,,شريحة 393
21,,,لا يوجد ربط واضح بين الأهداف الاستراتيجية الخمس وركائز الاستراتيجية، والذي سيؤدي لصعوبة قياس أداء الأهداف وربطها بأداء الركائز.,تم الأخذ بالملاحظة، حيث تم توضيح الربط بشكل أفضل، وتوضيح التكامل بينها وبين أهداف مستوى الركائز,,شرائح 367 - 409
21,,,لا توضح الوثيقة الممكنات المطلوبة سواء كانت تشريعية أو تنظيمية لاستقطاب الكفاءات البشرية لتفعيل التوجه الاستراتيجي أو استقطاب الاستثمارات من مختلف القطاعات لخدمة التوجه.,تم الأخذ بالملاحظة ، وقد تم توضيح ذلك ضمن الوثيقة.,,شرائح 103 – 104
22,8,مرئيات مكتب الإدارة الإستراتيجية,أسهبت الوثيقة في تفصيل ركيزة السياحة، حيث تم التركيز على أربع أنواع من السياحة ولكن : لم تتطرق الوثيقة لكيفية تكامل قطاع السياحة في المنطقة مع المناطق المجاورة كمكة المكرمة وعسير أو المناطق الأخرى والمشاريع الكبرى التي تركز على شرائح مستهدفة مماثلة (مثال: السياحة التأهيلية في مشروع البحر الأحمر)، خصوصًا وأن دراسة الميز التنافسية لوزارة الاقتصاد والتخطيط وضحت بأن سياحة الأصول الثقافية والتراثية وسياحة المغامرة لديها إمكانات للاستكشاف وليست ميزًا تنافسية للمنطقة.,أحد مبادئ تطوير استراتيجية منطقة الباحة التكامل مع المناطق المجاورة وقد تم مراعاة ذلك خلال مراحل التطوير ابتداء من تحليل الوضع الراهن والميز التنافسية وصولا الى مواءمة التوجهات والمبادرات. وقد تم توضيح ذلك ضمن الوثيقة,,شرائح 86 - 87
22,8,مرئيات مكتب الإدارة الإستراتيجية,لم يتم التطرق لمستوى جاهزية سلسلة القيمة الخاصة ب قطاع السياحة في المنطقة، وحجم الاستثمارات المطلوبة ونوعها، وأدوار القطاع الخاص والعام وغير الربحي في تمكين هذا التوجه.,تم الأخذ بالملاحظة، حيث تم ادراج تحليلات سلسلة القيمة للقطاع السياحي ضمن الوثيقة وتحديد حجم الاستثمارات المطلوبة وأدوار القطاع العام، الخاص وغير الربحي في تمكين وتعزيز السياحة.,,شريحة 109 - شريحة 117
22,9,مرئيات مكتب الإدارة الإستراتيجية,تم تحديد أهداف الاستراتيجية بناء على أهداف الرؤية من المستوى الثالث ولكن: لم يتم ربط الأهداف الاستراتيجية بالتحديات في المنطقة، والأثر المتوقع من الأهداف في الحد أو معالجة التحديات. لا يوجد ربط واضح بين الأهداف الاستراتيجية الخمس وركائز الاستراتيجية، والذي سيؤدي لصعوبة قياس أداء الأهداف وربطها بأداء الركائز,تم الأخذ بالملاحظة ، وقد تم توضيح ذلك ضمن الوثيقة.,,شرائح 103 - 129
22,10,مرئيات مكتب الإدارة الإستراتيجية,وضحت الوثيقة حوكمة المكتب الاستراتيجي لتطوير منطقة الباحة والتنظيمات المرتبطة، ولكن لم توضح الوثيقة دور المكتب الاستراتيجي لتطوير منطقة الباحة في معالجة تحديات الوضع الراهن مقارنة بأدوار الجهات الأخرى القطاعية والمناطقية وجهات القطاع الخاص والقطاع غير الربحي في معالجة تحديات المنطقة، على سبيل المثال: دور المكتب الاستراتيجي لتطوير منطقة الباحة في قيادة و/أو تمكين و/أو متابعة القطاعات والممكنات في المنطقة (أي دور المكتب تجاه كل عنصر من عناصر الإطار التحليلي) (مثال: هل سيقوم المكتب أم وزارة النقل بمعالجة التحديات المتعلقة بكثرة الحوادث؟ وماذا عن التحديات المتعلقة بالبنية التحتية والتخطيط العمراني في المنطقة؟ هل هي وزارة الشؤون البلدية والقروية والإسكان أم المكتب الاستراتيجي لتطوير منطقة الباحة؟).,تم توضيح دور المكتب ضمن قسم الحوكمة والنموذج التشغيلي بالوثيقة.,,شرائح 189 - 211
22,11,مرئيات مكتب الإدارة الإستراتيجية,تم تعريف دور الجهات القطاعية لركائز وممكنات الاستراتيجية (تشريع، أو تحفيز، أو تمويل، أو تمكين)، وتم ذكر دور المكتب الاستراتيجي لتطوير المنطقة في دعم وتسهيل تنفيذ عوامل التمكين المرتبطة بالاستراتيجيات القطاعية، وتوضيح نموذج الحوكمة والترتيبات التنظيمية، ولكن لم توضح الوثيقة دور اللجنة الإشرافية للمكتب ودور مركز دعم هيئات تطوير المناطق في تشريع و/أو تحفيز و/أو تمويل و/أو تمكين القطاعات والممكنات في المنطقة.,تم توضيح دور المكتب ضمن قسم الحوكمة والنموذج التشغيلي بالوثيقة.,,شرائح 189 - 211
23,1,اللجنة المشتركة,وجهت اللجنة المشتركة لمعالجة الفجوة المالية بأن لا تتجاوز ميزانية تنفيذ استراتيجية المنطقة 100 مليون ريال. ولذلك من المهم تحديد التوجه لكيفية استغلال هذا المبلغ لتنفيذ التوجه الاستراتيجي المقترح، وكيفية اشراك الجهات الأخرى في دعم تمويل تحقيق التوجه الاستراتيجي للمنطقة، خاصة أن القطاع السياحي من القطاعات التي تتطلب استثمارات عالية رأسمالية وتشغيلية في مختلف مراحل سلسلة القيمة.,تم توضيح ذلك في بداية قسم المبادرات وخطة التنفيذ حيث تم توضيح كيف يساهم سقف الميزانية لاستراتيجية تطوير منطقة الباحة بالمحفظة الاستثمارية للمنطقة والتي يديرها المكتب الاستراتيجي,مكتمل ~ جاري العمل ~ لم يبدأ,شريحة 148 - 185
24,1,معالي أ. محمد الجدعان,فيما يخص البرامج والمبادرات في (ش70)، أرى ما يلي: لا يوجد تفصيل كافي في العرض يوضح نطاق المبادرات وملاكها (في حال كان التنفيذ من قبل جهات أخرى غير المكتب)، والأثر الاقتصادي المتحقق من كل منها، والخط الزمني، إلخ.,نود التوضيح أن الشريحة المشار إليها تهدف إلى تقديم عرض إجمالي لمحفظة البرامج والمبادرات، بينما تم تفصيل كل مبادرة بشكل مستقل ضمن بطاقات المبادرات في وثيقة الاستراتيجية، والتي تتضمن نطاق ووصف المبادرة، ومالك المبادرة وأصحاب المصلحة وأدوارهم، والمشاريع والمعالم الرئيسية، والخط الزمني للتنفيذ، والموازنة، بالإضافة إلى الأثر الاقتصادي والوظيفي حيثما ينطبق. كما تم تحديث ملكية المبادرات ذات الطابع القطاعي وفق نتائج المواءمة مع الجهات القطاعية ذات العلاقة، بما يتسق مع الملاحظة الخاصة بملكية المبادرات. وعليه، فإن المعلومات المطلوبة متضمنة في الوثيقة التفصيلية، في حين صُممت الشريحة (70) كملخص تنفيذي للمحفظة لتجنب تكرار التفاصيل الواردة في بطاقات المبادرات,مكتمل,شرائح 152 - 185
24,2,معالي أ. محمد الجدعان,"أرى إعادة النظر في بعض المبادرات المتضمنة وفق الآتي: الاستراتيجية يفترض ألا تتضمن أي تكاليف ترتبط بتنفيذ دراسات ومخططات كونها لا تعد مبادرات تحولية ومخرجاتها هي المبادرات الفعلية التي ستتطلب تكاليف غير متضمنة في الاستراتيجية، حيث يظهر لي بأن (62 مليون ريال (أي 62% من ميزانية الاستراتيجية) مخصص للمخططات السياحية الشاملة والمخططات التفصيلية للنطاقات السياحية والمخطط التفصيلي الزراعي والإنتاج الحيواني. يفترض استغلال الجهات والمنصات القائمة ( Invest Saudi، وهيئة تسويق الاستثمار، ومنصة فرص التابعة لوزارة البلديات وغيرها) لتنفيذ مبادرات تطوير الفرص الاستثمارية (بتكلفة إجمالية 12 مليون). مبادرة ""مركز الاستثمار الشامل"" حتى وإن كانت صغيرة (تكاليفها متحملة المكتب) فهي غير مناسبة في حال كان المقصود إنشاء كيان جديد، أخذاً بالاعتبار منظومة الاستثمار القائمة (وزارة الاستثمار وهيئة تسويق الاستثمار وغيرها).","نود التوضيح أن طبيعة استراتيجية منطقة الباحة ودور المكتب الاستراتيجي فيها ترتكز بشكل رئيسي على المبادرات التحفيزية والتمكينية التي تهيئ المشاريع والفرص للتنفيذ من قبل الجهات القطاعية والقطاع الخاص، وليس على تمويل أو تنفيذ المشاريع الرأسمالية القطاعية بشكل مباشر. وعليه، فإن إعداد المخططات والدراسات التفصيلية يمثل مخرجاً تنفيذياً أساسياً للمبادرات، يهدف إلى تحويل التوجهات الاستراتيجية إلى مشاريع وفرص محددة وقابلة للتنفيذ والاستثمار، على أن يتم تنفيذ وتمويل المشاريع الناتجة عنها لاحقاً من قبل الجهات القطاعية أو المستثمرين وفق الاختصاصات وآليات التمويل ذات العلاقة، ولا تمثل التكاليف اللاحقة التزاماً على ميزانية الاستراتيجية البالغة 100 مليون ريال. فيما يخص مبادرة "" مركز الاستثمار الشامل"" نود التوضيح أن نطاق المبادرة لا يتضمن إنشاء وتشغيل كيانات مستقلة أو مراكز فعلية ممولة من ميزانية الاستراتيجية، وقد تم تعديل مسمى المبادرة ليصبح ""تطوير نموذج لدعم المستثمرين وتسريع تنفيذ المشاريع الاستثمارية في منطقة الباحة "" وجاري المواءمة مع وزارة الاستثمار بخصوص المبادرة. جاري المواءمة مع وزارة الاستثمار فيما يخص مبادرات الاستثمار المقترحة ضمن الاستراتيجية",جاري العمل,شرائح 410 - 520
25,1,معالي أ. محمد الجدعان,فيما يخص التحول من مكتب تطوير إلى هيئة تطوير في (ش77)، لا أتفق مع التوجه وأرى ما يلي: يفترض أن هناك معايير واضحة تحدد النمط التنظيمي المناسب ويتم تطبيقها على المكتب، كما يفترض المواءمة مع مركز دعم هيئات التطوير والمكاتب الاستراتيجية خاصة وأن من ضمن أهداف المركز وفق تنظيمه الإشراف على التخطيط والرؤى الاستراتيجية لتطوير المناطق بما يتضمن إمكاناتها، ومواءمة خططها وبرامجها مع رؤية المملكة، وبرامجها. المبررات الواردة في (ش77) ترتبط بجوانب غير جوهرية ولا تراعي الفروق بين منطقة الباحة ومناطق المملكة الأخرى التي لها هيئات تطوير/ هيئاشت ملكية من حيث نطاق الأعمال والميزانيات، وما أثير له بخصوص وضوح الهوية المؤسسية ورفع جاذبية المنطقة للكفاءات، وتعزيز ثقة المستثمرين، مبررات غير كافية. كما أشارت الشريحة إلى أن التحول لا يتطلب تعديلات جوهرية في الهيكل التنظيمي أو الميزانية أو الترتيبات التنظيمية، وعليه لا تتضح القيمة المضافة الفعلية التي سيحققها تغيير النمط التنظيمي.,تم الأخذ بالملاحظة وفصل طلب تحويل المكتب الاستراتيجي إلى هيئة تطوير عن وثيقة استراتيجية المنطقة، وحذف ما يرتبط به من محتوى ضمن نطاق الوثيقة الحالية. وسيتم استكمال دراسة طلب التحول ومبرراته التفصيلية ورفعها من خلال المسار المخصص لذلك بشكل مستقل,مكتمل,ش77
26,1,معالي أ. فهد آل سيف,من المهم تضمين تحليل لبيانات الاستثمار الأجنبي المباشر في منطقة الباحة عند تحليل البعد الاستثماري في المنطقة، ويمكن الاطلاع على النشرة السنوية لبيانات الاستثمار الأجنبي المباشر المنشورة على منصة استثمر في السعودية في ديسمبر 2025م، وتتضمن التقرير بيانات الاستثمار الأجنبي المباشر لمنطقة الباحة مفصلة بالسنوات.,نود التوضيح أن وثيقة الاستراتيجية الكاملة تتضمن تحليلاً شاملاً للوضع الراهن عبر ثمانية أبعاد رئيسية، من ضمنها بُعد المحرك الاقتصادي، والذي شمل تحليل الاستثمار الأجنبي المباشر ومساهمة القطاع الخاص في المنطقة. كما انعكست نتائج التحليل ضمن أبرز التحديات والأسباب الجذرية ذات الصلة بالاستثمار في الباحة,مكتمل,شرائح 64 - 65
26,2,معالي أ. فهد آل سيف,استعرضت الاستراتيجية عدد من مؤشرات الأداء، وقد تم توضيح بعض المستهدفات الخاصة بتلك المؤشرات، بينما لم يتطرق العرض لبقية المؤشرات المستعرضة في الشريحة ولم يتم التفصيل بها؛ على سبيل المثال: إجمالي عدد المسافرين عبر مطار الباحة سنوياً، عدد منشآت الصناعات الغذائية التحويلية في منطقة الباحة، كفاءة الإنتاج الزراعي لكل متر مكعب من المياه المستخدمة، وغيرها من المؤشرات.,نود التوضيح أن وثيقة الاستراتيجية الكاملة تتضمن تفصيلاً لجميع مؤشرات الأداء ومستهدفاتها، بما في ذلك المؤشرات المشار إليها في الملاحظة، حيث تم إعداد بطاقة تفصيلية لكل مؤشر توضح وصفه، وخط الأساس، والمستهدفات السنوية ومستهدف عام 2030، وآلية القياس، ومصدر البيانات، والجهة المالكة. كما تم توضيح منهجية تحديد المستهدفات والأسس المستخدمة في اشتقاقها، بما يشمل المستهدفات القطاعية، والأداء التاريخي، والتوجهات الوطنية، والمقارنات المعيارية، وغيرها من المدخلات ذات العلاقة بحسب طبيعة كل مؤشر. وقد تم تطوير ومراجعة منظومة مؤشرات الأداء وبطاقاتها ومستهدفاتها بالتنسيق والمواءمة مع مركز أداء، ومعالجة الملاحظات الواردة منهم بما يعزز اتساق المؤشرات ودقة منهجيات القياس والمستهدفات,مكتمل,شرائح 132 – 133، شرائح 136 – 137، شرائح 367 - 409
26,3,معالي أ. فهد آل سيف,تضمنت الاستراتيجية إعداد 5 برامج رئيسية ستسهم في استقطاب 2 مليار ريال من الاستثمارات على النحو التالي، ونرى أهمية التفصيل في هذه البرامج والمبادرات ومستهدفاتها الاستثمارية، وتوضيح كيف سيتم العمل على جذب هذه الاستثمارات بشكل مفصل والمواءمة مع وزارة الاستثمار بهذا الشأن، بالإضافة لتضمين بطاقات المبادرات وتوضيح الأدوار وأصحاب المصلحة.,نود التوضيح أن وثيقة الاستراتيجية الكاملة تتضمن تفصيلاً للمستهدف الاستثماري البالغ 2 مليار ريال، بما يشمل توزيع الاستثمارات المتوقعة على مستوى البرامج والتدرج السنوي للمستهدف حتى عام 2030. كما تم تفصيل آليات تمكين وجذب الاستثمارات ضمن المبادرات ذات العلاقة، بدءاً من تحديد وتطوير الفرص الاستثمارية ورفع جاهزيتها، وإعداد دراسات الجدوى والحزم والملفات الاستثمارية، مروراً بتحديد الممكنات والحوافز، ووصولاً إلى الترويج للفرص واستقطاب المستثمرين وتمكين تنفيذ الاستثمارات. كذلك تتضمن الوثيقة بطاقات تفصيلية لكل مبادرة توضح نطاقها ومخرجاتها ومراحل تنفيذها، بالإضافة إلى خرائط أصحاب المصلحة التي تحدد أدوار ومسؤوليات المكتب والجهات ذات العلاقة,"تم مناقشة مبادرات برنامج ""تمكين الاستثمارات"" مع وزارة الاستثمار والمواءمة على المبادرات والاتفاق على نطاق العمل لضمان التكامل بين المكتب ونطاق عمل الوزارة",شرائح 149 – 185، شرائح 410 – 520
27,4,معالي أ. فهد آل سيف,أشارت الاستراتيجية إلى بناء محفظة استثمارية نوعية بإجمالي استثمارات تتجاوز 14 مليار ريال، وهذا الرقم يتطلب مزيدًا من التحقق، بما يشمل طبيعة هذه الاستثمارات، وحجم الفرص الاستثمارية الفعلية وقيد التنفيذ، وتوزيعها بين المشاريع الحكومية واستثمارات القطاع الخاص ومشاريع التخصيص، وصولًا إلى وضع خط أساس واضح يمكن البناء عليه وقياس التقدم مستقبلاً.,تم الأخذ بالملاحظة وإضافة تفاصيل المحفظة الاستثمارية لمنطقة الباحة وتشمل توزيع المشاريع على القطاعات الرئيسية ضمن المنطقة وقيمة الفرص لكل قطاع بالإضافة إلى توزيع قيمة المحفظة ضمن مراحل الاستثمار المختلفة، بدءاً من قيمة الفرص قيد الطرح وصولاً إلى قيمة الفرص قيد الإنشاء,مكتمل,شريحة 150
27,5,معالي أ. فهد آل سيف,تضمنت الاستراتيجية مبادرة تطوير وتفعيل الحوافز الاستثمارية (المبادرة رقم 05.03) ضمن برنامج تمكين الاستثمارات الذكية، ومن المهم توضيح مفهوم الحوافز الاستثمارية، وبيان مصادرها، مع استعراض أنواعها في تمكين الاستثمارات ودعم النمو الاقتصادي، وإيضاح القطاعات الاقتصادية المستهدفة، وبيان مبررات استهدافها ودورها في تحقيق أهداف الاستراتيجية، ومن المهم المواءمة مع وزارة الاستثمار واللجنة الوطنية للحوافز لضمان اتساقها مع منظومة الحوافز والسياسات الاقتصادية على المستوى الوطني.,تم الأخذ بالملاحظة، وتمت المواءمة مع فريق وزارة الاستثمار بشأن مبادرات برنامج تمكين الاستثمارات، بما يشمل الملكية والنطاق والمخرجات وأدوار التنفيذ والدعم. ~ ونود التوضيح انه تم تعديل المبادرات ضمن البرنامج لتصبح مبادرتين كالآتي: ~ 05.01 تنسيق وإدارة المشاريع التنموية ورفع جاهزيتها لتمكين قطاع الأعمال في منطقة الباحة ~ 05.02 رفع كفاءة وجودة بيانات المرصد الحضري في منطقة الباحة لدعم قطاع الأعمال,جاري العمل,شرائح 177 – 180
28,1,معالي أ. أحمد الخطيب,العرض مقابل الطلب: رغبة في زيادة المفاتيح بنحو 70% مقابل نمو متوقع في الزوار بنسبة 8% فقط، في ظل معدل إشغال 36% من المعروض الحالي، نوصي بالمواءمة مع الاستراتيجية الوطنية للسياحة 2.0.,نود التوضيح أن مستهدفات العرض والطلب السياحي الواردة في استراتيجية منطقة الباحة، بما في ذلك مستهدفات أعداد الزوار ومفاتيح الإيواء، تم أخذها ومواءمتها مع المستهدفات الواردة في الاستراتيجية الوطنية للسياحة 2.0. وبناءً على الملاحظة، تم إعادة التنسيق مع وزارة السياحة للتحقق من اتساق العلاقة بين مستهدفات نمو العرض والطلب، ومراجعة الافتراضات المرتبطة بمفاتيح الإيواء وأعداد الزوار ومعدلات الإشغال، والتأكد من عكس أحدث المستهدفات والتوجهات المعتمدة في الاستراتيجية الوطنية للسياحة 2.0,مكتمل,شرائح 106 – 108
28,2,معالي أ. أحمد الخطيب,"كفاية الميزانية: ميزانية تمكينية 100 مليون ريال لاستقطاب استثمارات 2 مليار وأثر 3 مليارات على الناتج المحلي و18,000 وظيفة بحلول 2030، بنسبة رافعة 1:20؛ نوصي بتقديم الافتراضات الداعمة مع سيناريو متحفظ وخطة بديلة.",نود التوضيح أن الميزانية البالغة 100 مليون ريال هي ميزانية تمكينية مخصصة لتنفيذ المبادرات والأعمال التي يقودها المكتب الاستراتيجي لتهيئة البيئة الاستثمارية، وتطوير المخططات والدراسات والفرص والحزم الاستثمارية، ودعم التنسيق والترويج والاستقطاب، وليست مخصصة لتمويل الاستثمارات الرأسمالية المستهدفة بشكل مباشر. كما أن تقديرات الاستثمارات المتوقع استقطابها والأثر على الناتج المحلي والوظائف تم احتسابها بالاستناد إلى منهجية اقتصادية تعتمد على المضاعفات الاقتصادية المرتبطة بطبيعة القطاعات والمشاريع المستهدفة، مع تبني افتراضات متحفظة في بناء السيناريو والتقديرات النهائية للأثر، بما يحد من المبالغة في تقدير العوائد المتوقعة من تنفيذ الاستراتيجية.,جاري العمل,شرائح 181 – 185
28,3,معالي أ. أحمد الخطيب,ملكية المبادرات: تضمنت الاستراتيجية 19 مبادرة بعضها قطاعي يتداخل مع جهات قائمة، نوصي بحسم ملكيتها ومواءمتها مع الجهات المعنية قبل الاعتماد.,تم الأخذ بالملاحظة، وتمت مراجعة ملكية المبادرات والمواءمة بشأنها مع الجهات القطاعية ذات العلاقة، وتحديث بطاقات المبادرات بما يعكس الملكية وأدوار التنفيذ والإشراف المتفق عليها، لضمان وضوح المسؤوليات وتجنب التداخل قبل اعتماد الاستراتيجية,لم يبدأ,شرائح 12 - 13
29,4,معالي أ. أحمد الخطيب,"تعارض الأرقام: مستهدف الزيارات 1.22 مليون مقابل 1.26 مليون في الاستراتيجية السياحية المحدثة، ومستهدف الإنفاق 1,709 ريال للزائر مقابل 1,089 ريال (ص23).",خلال مرحلة تطوير الوثيقة التفصيلية لاستراتيجية تطوير منطقة الباحة، تم اعتماد المستهدفات المحددة من قبل وزارة السياحة ضمن الاستراتيجية الوطنية للسياحة 2.0 لمنطقة الباحة، وتم مواءمة المستهدفات مع أي تحديثات ضمن الاستراتيجية الوطنية للسياحة 2.0 وعكسها على استراتيجية المنطقة كما يلزم,مكتمل,شرائح 106 - 108
29,5,معالي أ. أحمد الخطيب,المستهدفات السياحية للبرامج: لم يتضمن العرض تفصيلاً كافياً للمستهدفات السياحية لبرامج (الباحة 365) و(خيرات الباحة) و(هوية الباحة) من أعداد سياح ومعدلات إنفاق وعدد ليالي، ونقترح ربط الزراعة وبرنامج (خيرات الباحة) لخدمة السياحة الزراعية، وبرنامج (هوية الباحة) لخدمة سياحة الآثار.,تم تطوير المستهدفات السياحية لتغطي جميع البرامج الاستراتيجية، وسنقوم بتفصيل المستهدفات السياحية لكل برنامج على حدة عند تنفيذ المبادرات الخاصة بالمخططات السياحية الشاملة والتفصيلية,جاري العمل,شرائح 153 – 157
29,6,معالي أ. أحمد الخطيب,تسلسل التدخلات: التوصية السابقة بتطوير البنية التحتية السياحية وجاهزية العرض (الفنادق والطيران والتجارب) قبل تسويق المنطقة كوجهة على مدار العام لم تعكس، ولا تزال المؤشرات تركز على أعداد الزوار والإنفاق، ونؤكد ضرورة التنسيق مع وزارة السياحة والهيئة السعودية للسياحة في إعداد بطاقات المبادرات وإطلاق الهوية الترويجية بما يضمن مواءمتها مع التوجهات الاستراتيجية للقطاع.,تم توضيح الجهود والمشاريع التي تخص البنية التحتية لمنطقة الباحة ضمن الوثيقة التفصيلية للاستراتيجية، وذلك من خلال إدراج مشاريع البنية التحتية والمشاريع الاستثمارية الداعمة للقطاع السياحي، بما يشمل تطوير مطار الملك سعود، ومشاريع الطرق والربط، والفنادق والمنتجعات والتجارب السياحية. كما يوجد هنالك مؤشر لعدد مفاتيح مرافق الإيواء السياحي، إلى جانب مؤشري أعداد الزوار والإنفاق السياحي. وتعزيزًا لتسلسل التدخلات، نعمل حاليا على مواءمة المبادرات القطاعية مع الجهات المعنية,لم يبدأ,شرائح 46 – 49
30,1,معالي أ. محمد التميمي,قطاع التكنولوجيا: تم تضمين القطاع كأولوية في التوجه الاستراتيجي، ولكن لا يوجد أي مؤشرات أو مبادرات مرتبطة به:,من غير الواضح ماهي أهمية قطاع التكنولوجيا كقطاع منفصل. وفي حال المقصود دعم قطاعي السياحة والزراعة، من الأفضل تضمينه كقطاع ممكن وإيضاح المستهدف هو توظيف التقنية في القطاعات الرئيسية. كما لم يتم تضمين التكنولوجيا في البيت الاستراتيجي (شريحة 59).,,
30,2,معالي أ. محمد التميمي,الارتقاء بجودة حياة السكان وتقليل تكلفة الخدمات: قد يتطلب الارتقاء بجودة الحياة ارتفاع تكاليف الخدمات وليس العكس، ولم توضح الاستراتيجية أثر ذلك.,"من المهم تحديد الخدمات المستهدف تقليل تكلفتها ودراسة خيارات التمويل البديلة ودور القطاع الخاص، حيث أن المؤشر ""ترتيب الباحة..."" في شريحة 60 لا يعكس أثر تقليل تكلفة الخدمات.",,
30,3,معالي أ. محمد التميمي,المؤشرات والمبادرات غير شاملة للتوجهات الاستراتيجية: يوجد عدة مؤشرات ومبادرات من المهم أخذها بعين الاعتبار والتحديد فيما يتعلق بجودة الحياة: أهمية التركيز على الصحة والتعليم والنقل كأساسيات في دعم جودة الحياة، على سبيل المثال عدد المستشفيات المعتمدة، وتطوير الطرق والبنية التحتية وجودة المخرجات التعليمية، وغيرها.,,,
31,4,معالي أ. محمد التميمي,استهداف السياحة العلاجية: من المهم دراسة وتقييم استهداف السياحة العلاجية ضمن المنتجات السياحية: من الأفضل عدم حصر السياحة بمتوسطي الدخل، وإنما وضع منتجات وبرامج مختلفة تستهدف فئات مختلفة، حيث تتميز الباحة بميزة عوامل تجذب على سبيل المثال السياحة العلاجية.,نود التوضيح بأن التوجه الاستراتيجي لركيزة السياحة في منطقة الباحة يستهدف بشكل أساسي فئة متوسطي الدخل، ولا يعني إغفال فئات الدخل الأخرى، ولكنها تشكل الفئة الرئيسية المستهدفة، حيث إن هنالك أيضا مشاريع وطنية أخرى تستهدف الفئة عالية الدخل (مثل منتجعات البحر الأحمر) . كما تم تضمين السياحة الصحية كأحد المنتجات السياحية المستهدفة، ودعمها من خلال مبادرة 04.03 تطوير مشروع مركز السياحة الصحية في منطقة الباحة بما يسهم في استقطاب شرائح إضافية والاستفادة من مقومات المنطقة,مكتمل,"شرائح 105 – 114 , شريحة 174 , شرائح 495 - 499"
31,5,معالي أ. محمد التميمي,ارتباط الاستراتيجية بالاستراتيجيات المناطقية: نرى أهمية الربط مع الاستراتيجيات المناطقية الأخرى وإيضاح الفجوة التي سيتم معالجتها: ضرورة التكامل مع المناطق المجاورة (عسير ومكة المكرمة)، وذلك على سبيل المثال لدعم سلسلة القيمة في الصناعات الزراعية ودعم التصدير، أو استحداث برامج سياحية تشمل عدة مناطق وتطوير منتجات سياحية مشتركة.,نود التوضيح أنه تم ضمن إعداد الاستراتيجية تحليل الميز التنافسية للمناطق المجاورة، وبالأخص منطقتي عسير ومكة المكرمة، بهدف ضمان أن يكون تموضع منطقة الباحة مكملاً للعروض والمزايا القائمة في المناطق الأخرى وليس منافساً لها. كما تم تحليل الوضع التنافسي الحالي للباحة مقارنة بالمناطق المجاورة، وتحديد التموضع المستهدف مستقبلاً استناداً إلى المقومات والمزايا النوعية للمنطقة، بما يدعم تطوير عرض متمايز ومتكامل على المستوى المناطقي . وقد أسهم هذا التحليل في تحديد مجالات التركيز الاستراتيجية للباحة وتوجيه البرامج والمبادرات نحو الاستفادة من ميزها التنافسية مع مراعاة فرص التكامل مع المناطق المجاورة في القطاعات ذات العلاقة,جاري العمل,شرائح 86 - 88
31,6,معالي أ. محمد التميمي,عدم تضمين التجارة الخارجية: لا تظهر التجارة الخارجية كمحور واضح على الرغم من التركيز على الصناعات الزراعية: تغطي الاستراتيجية بشكل واضح سلسلة القيمة للقطاع الزراعي، ولكن تفتقر إلى التمييز بين الاستهلاك المحلي والتصدير، ومن المهم تحديد توجهات استراتيجية الباحة في مجال التجارة.,"تمت دراسة الملاحظة، ونود التوضيح أن الاستراتيجية لا تحصر المنتجات الزراعية في السوق المحلي، بل تغطي سلسلة القيمة الزراعية حتى مرحلة ""تسويق المنتجات محلياً وخارجياً"". كما تشمل بعض المبادرات تحليل السوق والطلب، وفرص التسويق، وسلاسل الإمداد والخدمات اللوجستية، وتطوير الفرص الاستثمارية الزراعية والغذائية.ولم يتم تحديد توجه موحد للسوق المحلي أو التصدير، وذلك لاختلاف السوق الأنسب بحسب كل منتج، ويتم تحديده ضمن الدراسات التفصيلية للفرص الاستثمارية بناءً على حجم الإنتاج والجودة والطلب ومتطلبات الوصول إلى الأسواق",لم يبدأ,"شريحة 117 , شرائح 454 - 460"
32,7,معالي أ. محمد التميمي,عدم اتساق النمو المستهدف في السياحة: نمو عدد الزيارات لا يتسق مع نمو نسبة الانفاق وعدد المفاتيح والذي يتطلب استثمارات ضخمة: لا يوجد اتساق بين جميع المستهدفات. على سبيل المثال: في شريحة 62، تم الإيضاح بأن المستهدف في السياحة طبيعة متوسطي الدخل، وفي المقابل نسبة نمو الزيارات 8% فقط مقارنة بنسبة 69% في متوسط الانفاق ونسبة 71% في عدد المفاتيح.,نود التوضيح أن مستهدفات أعداد الزوار، ومتوسط الإنفاق السياحي، ومفاتيح الإيواء الواردة في استراتيجية منطقة الباحة تم إسقاطها من الاستراتيجية الوطنية للسياحة 2.0. و تمت المواءمة مع وزارة السياحة لعكس أي تحديثات جديدة طرأت على الاستراتيجية الوطنية,مكتمل,شرائح 106 - 108
32,8,معالي أ. محمد التميمي,تداخل نطاق المكتب مع نطاق الاستراتيجيات القطاعية: وفقاً لسياق العرض جميع المبادرات مملوكة من قبل المكتب وبالتحديد المبادرات القطاعية: من المهم تضمين مبادرات مملوكة للجهات القطاعية وبالتحديد فيما يتعلق بالقطاعات الرئيسية السياحة والزراعة لدعم تنفيذ الاستراتيجية.,تم الأخذ بالملاحظة، وتمت مراجعة ملكية المبادرات والمواءمة بشأنها مع الجهات القطاعية ذات العلاقة، وتحديث بطاقات المبادرات بما يعكس الملكية وأدوار التنفيذ والإشراف المتفق عليها، لضمان وضوح المسؤوليات وتجنب التداخل قبل اعتماد الاستراتيجية,جاري العمل,"شرائح 410 - 520, شرائح 255 - 265"
33,1,معالي أ. فيصل الابراهيم,فيما يخص مؤشر البطالة للسعوديين، تستهدف استراتيجية المنطقة خفض معدل البطالة إلى (7%) بحلول عام 2030م، في حين تشير أحدث البيانات الصادرة عن الهيئة العامة للإحصاء إلى بلوغ المعدل (6.5%) في الربع الأول من عام 2026م، متجاوزًا بذلك مستهدف الاستراتيجية قبل موعده بنحو أربع سنوات، ومقتربًا من المعدل الوطني البالغ (6.4%). وعليه، فإن الإبقاء على مستهدف عام 2030م بصورته الحالية قد لا يعكس واقع سوق العمل في المنطقة أو مستوى الطموح المستقبلي، وقد يؤثر على دقة التحليلات والاستنتاجات المبنية عليه. لذا قد يرى مناسبة إعادة تقييم مستهدف البطالة لعام 2030م وتحديث خط الأساس والمسار المستهدف بما يعكس الأداء الفعلي للمنطقة، مع النظر إلى جودة واستدامة الوظائف ومعدلات المشاركة الاقتصادية، إلى جانب معدل البطالة، بما يوفر قراءة أكثر شمولية لأداء سوق العمل.,تم الأخذ بالملاحظة، حيث تم تحديث خط الأساس لمعدل البطالة بين السعوديين في منطقة الباحة إلى 6.5% في الربع الأول من عام 2026م، ورفع مستوى الطموح بخفض مستهدف عام 2030م من 7.0% إلى 5.0%، والذي ~ يتواءم ~ أيضا مع التوجهات الوطنية للمملكة لنسبة البطالة المحددة ب 5%. وتم إلى التحسن المسجل في الفترات المتماثلة خلال الأعوام الثلاثة الأخيرة، وقرب معدل المنطقة (6.5%) من المعدل الوطني (6.4%) خلال الربع الأول من عام 2026، إضافةً إلى الأثر المتوقع للوظائف المستدامة التي ستنتج من تنفيذ الاستراتيجية,مكتمل ~ جاري العمل ~ لم يبدأ,شريحة ~ 133 ~ شريحة 399
34,1,,تضمنت الوثيقة مؤشرات الأداء الرئيسية والفرعية وتوضح ارتباطها بأهداف الاستراتيجية وقد تم توضيح المؤشرات المملوكة للمكتب الاستراتيجي والمؤشرات المسقطة من الجهات القطاعية، كما انه: ~ تم تضمين مؤشرات للأثر الاجتماعي والاقتصادي المترتب على تنفيذ الاستراتيجية (مثال: الناتج المحلي الإجمالي وعدد الوظائف المستحدثة، مساهمة المنطقة في الإيرادات غير النفطية). ~ تضمنت وثيقة الاستراتيجية الكاملة بطاقات المؤشرات، بما يشمل وصف المؤشر والجهة المالكة والهدف الاستراتيجية المرتبط والمستهدفات و آلية القياس. ~ يوجد عدد من المؤشرات لم يتم تحديد خط الأساس أو المستهدفات السنوية ومستهدف 2030، وقد تم توضيح انه سيتم العمل مع الجهات ذات العلاقة لإكمال ذلك.,تمت مناقشة المؤشرات التي يمكن تحديد مستهدفاتها وخطوط أساسها مع الجهات ذات العلاقة، وتحديثها وفق ما تم التوافق عليه. أما المؤشرات التي لم تتوفر لها خطوط أساس أو بيانات معتمدة حتى تاريخه، فقد تمت المواءمة بشأنها مع مركز أداء، والاتفاق على تحديثها من خلال طلبات التغيير ووفق الحوكمة المعتمدة، فور تفعيل المؤشرات أو توفر البيانات اللازمة,مكتمل ~ جاري العمل ~ لم يبدأ,367 ~ - ~ 394
34,2,,تم تحديث المؤشر المسقط من وزارة السياحة بشأن عدد الزوار، حيث كان مستهدف 2030 في وثيقة التوجهات الاستراتيجية (4 مليون زائر) واصبح المستهدف المسقط (1.22 مليون زائر) في وثيقة الاستراتيجية وفقاً للمستهدف المسقط من القطاع، حيث ان خط الأساس في وثيقة الاستراتيجية لعام 2024 (1.13 مليون زائر) ومستهدف لعام 2030 (1.22 مليون زائر) يعتبر غير طموح، ومن المهم ان يقوم المكتب بالمواءمة والعمل مع وزارة السياحة خلال مرحلة التنفيذ للتأكد من تحقيق اكبر قدر ممكن من عدد الزوار في منطقة الباحة.,تمت المواءمة مع وزارة السياحة بشأن مستهدفات أعداد الزوار لمنطقة الباحة، وتم التأكد من اتساق القيم المعتمدة في وثيقة الاستراتيجية مع المستهدفات الواردة في استراتيجية الوزارة، وعليه تم تحديث المؤشر ومستهدفاته بما يعكس الأرقام المتوافق عليها,,شريحة 108
34,3,,ذكرت الوثيقة طلب تحويل المكتب الاستراتيجي الى هيئة تطوير، مع تضمين مبررات عامة للتحول، ولكن من المهم أن يتم تقديم دراسة تفصيلية بما يشمل المبررات التفصيلية والجوانب الأخرى التي قد ترتبط بهذا الطلب (مثال: الجوانب المالية، الجوانب التنظيمية، وغيرها)، كما لم يتضح مواءمة الطلب مع مركز دعم هيئات التطوير، ومن المهم أن يتم الرفع بالطلب بشكل منفصل عن استراتيجية المنطقة وذلك لكونه مرتبط بالنموذج التشغيلي الداخلي لمكتب التطوير وليس لاستراتيجية المنطقة.,تم الأخذ بالملاحظة وفصل طلب تحويل المكتب الاستراتيجي إلى هيئة تطوير عن وثيقة استراتيجية المنطقة، وحذف ما يرتبط به من محتوى ضمن نطاق الوثيقة الحالية. وسيتم استكمال دراسة طلب التحول ومبرراته التفصيلية ورفعها من خلال المسار المخصص لذلك بشكل مستقل,,-
35,4,,تضمنت الاستراتيجية مبادرتي (03.04: تطوير مراكز رياضية وسياحة استشفائية و05.02: مركز الاستثمار الشامل) والتي تحتوي على إنشاء مراكز جديدة، ولكن من المهم ان يتم توضيح الميزانية التشغيلية المطلوبة وما اذا كانت ضمن الميزانية المطلوبة من الاستراتيجية، وعلى ان يكون انشاء أي كيانات جديدة وفقاً للإجراءات المتبعة لذلك.,نود التوضيح أن نطاق المبادرتين لا يتضمن إنشاء وتشغيل كيانات مستقلة أو مراكز فعلية ممولة من ميزانية الاستراتيجية؛ وتم التعديل على المبادرتين ليعكس ما سبق كالآتي: ~ فصل مبادرة تطوير مراكز رياضية وسياحة استشفائية إلى ~ 04.03 - تطوير مشروع مركز السياحة الصحية من قبل القطاع الخاص ~ 04.04 - تطوير مشروع مركز الأداء الرياضي العالي في المرتفعات ~ ( ~ HA-HPC ~ ) ~ من قبل القطاع الخاص ~ وتعديل مسمى مبادرة 05.02 لتصبح “ ~ 05.01 ~ تنسيق وإدارة المشاريع التنموية ورفع جاهزيتها لتمكين قطاع الأعمال في منطقة الباحة ,تمت المواءمة مع الجهات الحكومية المعنية وتحديد ملكية المبادرات,شرائح 152 – 180
35,5,,وضحت الوثيقة أن ملكية جميع المبادرات لدى المكتب الاستراتيجي لتطوير منطقة الباحة، ومن المهم ان تكون ملكية المبادرات ذات الطابع القطاعي لدى الجهات القائدة للقطاعات (مثال: مبادرة (03.02: تفعيل المواقع التراثية البارزة) ومبادرة (05.01: تحليل القطاعات الاقتصادية بالمنطقة وتطوير المحفزات والفرص) و مبادرة (05.03: تطوير وتفعيل الحوافز الاستثمارية)),تم الأخذ بالملاحظة، وتمت مراجعة ملكية المبادرات والمواءمة بشأنها مع الجهات القطاعية ذات العلاقة، وتحديث بطاقات المبادرات بما يعكس الملكية وأدوار التنفيذ والإشراف المتفق عليها، لضمان وضوح المسؤوليات وتجنب التداخل قبل اعتماد الاستراتيجية,,شرائح 12 - 13
100,,المكتب الاستراتيجي,العمل على تطوير وتحسين الرؤية والرسالة لمنطقة الباحة من خلال منهجية واضحة وبما يتماشى مع ملاحظات أصحاب المعالي,,تم,~ 1 ~
100,,معالي الدكتور حمد آل الشيخ,إضافة الزراعة والصناعات المرتبطة بها ضمن صياغة الرؤية,,,
100,,أعضاء اللجنة الإستراتيجية,تقليل عمومية الرؤية وتعزيز وضوح تركيزها الاستراتيجي,,,
100,,أعضاء اللجنة الإستراتيجية,تضمين بُعد جودة الحياة ضمن الرؤية بشكل أكثر وضوحًا,,,