slide,code,importance
5,01.01,تحديد الأولويات وخارطة التفعيل ربط الوجهات والمنتجات والخدمات والبنية التحتية ضمن إطار متكامل لإدارة الوجهة، بما يحسن تجربة الزائر ويوجه الاستثمارات نحو المشاريع الأعلى أثرًا ~ تكامل الوجهات وإدارة التجربة السياحية
5,01.02,إعداد المخططات التفصيلية للمنتجات السياحية تصميم المنتجات والتجارب ورحلة الزائر والرزنامة التشغيلية، وتحديد متطلبات التشغيل والحزم الاستثمارية اللازمة لرفع جاهزيتها للتنفيذ والاستثمار ~ تطوير تجربة الزائر ونماذج التشغيل
6,01.03,تسهم المبادرة في تحويل المقومات والمواقع السياحية الواعدة إلى فرص استثمارية واضحة وجاهزة للطرح، بما يعزز استقطاب رؤوس الأموال ويرفع تنافسية المنطقة كوجهة استثمارية سياحية
7,01.04,"أهمية المبادرة للمنطقة: ~ تطوير روزنامة الفعاليات والتجارب السياحية ~ انشاء وتفعيل مكتب تسويق وإدارة وجهة الباحة السياحية والذي يعنى بالتطوير والإشراف علـى القطاع السياحي فـي المنطقة وتطوير الفعاليات، ودعم تأهيل الكوادر السياحية ,وجودة الخدمات والمنتجات والمشهد السياحي والتسويق والترويج السياحي وقياس الأداء ~ تطوير رحلة السائح وخطط الحملات الترويجية السنوية وتنفيذها لجذب السياح والزوار للمنطقة. ~ مشروع التسويق والترويج السياحي ~ تحديد وتطوير روزنامة الفعاليات والتجارب السياحية المتنوعة علـى النطاقات السياحية لمدة 4 سنوات مع التركيز علـى الفعاليات التي تترك أصولاً وتحقق استدامة وتخفيض التكاليف التشغيلية للقطاع الخاص. ~ تطوير رحلة السائح وخطط الحملات الترويجية السنوية وتنفيذها لجذب السياح والزوار للمنطقة. مع إعداد تقارير دورية لقياس الأداء السياحي وضع الخطط التصحيحية مع اًصحاب المصلحة وتنفيذها ~ مشروع قياس الأداء السياحي ~ قائمة بالاستبيانات الدورية ~ قائمة بالمستهدفات السياحية ~ قائمة بمؤشرات الأداء السياحي"
11,02.02,تسهم المبادرة في تحويل المقومات والمنتجات الزراعية المميزة في الباحة إلى فرص استثمارية قابلة للطرح، بما يدعم استكمال سلاسل القيمة، وجذب الاستثمارات النوعية، وخلق فرص اقتصادية ووظيفية جديدة.
12,02.03,أهمية المبادرة للمنطقة: ~ تعظيم القيمة المضافة للمنتجات الحيوانية الأيقونية ~ تطوير ورفع جاهزية الفرص الاستثمارية المرتبطة بالمنتجات الحيوانية الأيقونية في منطقة الباحة، من خلال تحليل سلاسل القيمة وتحديد الفجوات والفرص ذات الأولوية، وتقييم جدواها وجاهزيتها وإعداد ملفات وحزم استثمارية متكاملة، بما يدعم جذب الاستثمارات وتعظيم القيمة المضافة في أنشطة الإنتاج والتجميع والتصنيع والخدمات المرتبطة بها ~ تسهم المبادرة في استكمال حلقات سلاسل القيمة للمنتجات الحيوانية، وتحفيز الاستثمارات النوعية في الإنتاج والتجميع والتصنيع والخدمات الداعمة، بما يعزز الأمن الغذائي ويخلق فرصًا اقتصادية ووظيفية جديدة في المنطقة
13,02.04,أهمية المبادرة للمنطقة: ~ دراسة إنشاء سوق منتجات المزارعين ~ تطوير ورفع جاهزية الفرص الاستثمارية في الصناعات الغذائية والتحويلية المرتبطة بالمنتجات الزراعية والحيوانية في منطقة الباحة، من خلال تحليل سلاسل القيمة والإمداد وتحديد الفجوات والمنتجات ذات القيمة المضافة، وتطوير فرص ومشاريع استثمارية قابلة للطرح والتنفيذ، بما يعزز التصنيع المحلي ويربط الإنتاج الزراعي والحيواني بالأسواق ~ تحليل سلاسل القيمة للمنتجات المحلية وتحديد فرص تطويرها وتسويقها، ووضع آليات دعم للمزارعين والمنتجين تعزز القيمة المضافة والتنافسية ~ دراسة دعم المنتجات المحلية (العسل – الرمان) ~ تحليل واقع قطاع التصنيع والتحويل الغذائي وسلاسل الإمداد، وتحديد الفجوات والفرص ذات الأولوية، وتطوير ملفات ومحفظة استثمارية متكاملة وجاهزة للطرح على المستثمرين ~ تطوير وتمكين الفرص الاستثمارية للصناعات الغذائية والتحويلية
17,03.01,إعداد وتنفيذ خطة إطلاق متكاملة للهوية، وتنفيذ الحملات الترويجية عبر القنوات الرقمية والخارجية للوصول إلى الشرائح المستهدفة وتعزيز حضور المنطقة.
18,03.02,حصر وتصنيف المواقع التراثية وفق الجاهزية والجاذبية وقابلية التفعيل، وتحديد المنتجات والتجارب والأنشطة المناسبة لكل موقع، وتطوير نموذج التشغيل والتمويل وفرص الاستثمار والرعاية والشراكة اللازمة لتفعيله بصورة مستدامة. ~ وتطوير نماذج الشراكة والتشغيل والرعاية المناسبة، واستهداف المستثمرين والمشغلين والمؤسسات والجمعيات غير الربحية لتولي أدوار محددة في تشغيل المواقع والبرامج والتجارب التراثية.
19,03.03,تسهم المبادرة في الحفاظ على البيوت التراثية وإعادة توظيفها اقتصاديًا وسياحيًا، بما يوفر مصادر دخل وفرص عمل محلية، وينشط السياحة الثقافية والريفية ويحافظ على الهوية العمرانية للباحة
23,04.02,دراسة لإنشاء مراكز ترفيهية متكاملة تضم مرافق متعددة مثل دور السينما، مناطق الألعاب الإلكترونية والعائلية، المطاعم والمقاهي، ومساحات للفعاليات والعروض الترفيهية.
26,04.05,دعم وتمكين المرأة للمشاركة في الأنشطة الاقتصادية والتنموية في منطقة الباحة، من خلال تنفيذ برامج تدريبية وورش عمل ومبادرات تطويرية تعزز دور المرأة في القطاعات ذات الميزة التنافسية مثل السياحة والزراعة والثقافة
29,05.01,تطوير إطار موحد لحصر وتصنيف وتقييم المشاريع التنموية ذات الأولوية، وتحديد فجوات جاهزيتها ومتطلبات استكمالها، وتنسيق معالجتها بالتعاون مع الجهات المالكة والمعنية. ~ تطوير وتفعيل إطار إدارة ورفع جاهزية المشاريع التنموية ~ متابعة تقدم المشاريع التنموية ذات الأولوية، وتنسيق معالجة المعوقات والاعتماديات المشتركة وتصعيدها عند الحاجة، وقياس التقدم نحو مستويات الجاهزية المستهدفة بصورة دورية. ~ التنسيق والمتابعة المستمرة لتقدم المشاريع
30,05.02,تحسين جودة بيانات المرصد الحضري من خلال تحديد البيانات ذات الأولوية، وتقييم فجوات الجودة، ومواءمة البيانات وتصحيحها بالتنسيق مع الجهات المالكة، بما يرفع موثوقيتها وقابليتها للاستخدام في دعم احتياجات قطاع الأعمال ~ رفع جودة وجاهزية بيانات المرصد الحضري لدعم قطاع الأعمال ~ تحديد ملكيات البيانات ودوريات تحديثها وآليات التحقق والمتابعة، بما يضمن استدامة جودة البيانات ذات الأولوية وحداثتها وجاهزيتها للاستخدام عبر المرصد الحضري القائم ~ تفعيل حوكمة جودة البيانات والتحديث المستمر