number,name,program,initiative_code,visitors_k,jobs_direct,jobs_indirect,gdp_contribution_sar_m,npv_sar_m,irr_pct,payback_years,revenue_2028,revenue_2029,revenue_2030,revenue_2031,revenue_2032,source_reference,description
1,منتجع التخييم الفاخر في منطقة الباحة,برنامج الباحة 365,01.02,118,970,436,106,40,21,9,6.1,12.1,18.3,24.7,31.3,الوثيقة التفصيلية، شريحتا 557-558,مكان إقامة هادئ وفاخر في الباحة، يوفر الاسترخاء وتجديد النشاط وسط المناظر الطبيعية الغنية في الباحة
2,منطقة للمقطورات والعربات المتنقلة,برنامج الباحة 365,01.02,54,555,345,47,26.9,24,7,2.4,4.6,6.9,9.3,11.8,الوثيقة التفصيلية، شريحتا 559-560,منطقة للمقطورات والعربات المتنقلة بموقعها الخلاب، توفر مزيجًا من التجارب العائلية المريحة و
3,قصر الثقافة والتراث,برنامج هوية الباحة وإحياء التراث,03.01,79,818,463,67,21.4,17.7,10,2.7,5.2,7.7,10.4,13.1,الوثيقة التفصيلية، شريحتا 561-562,صُمم ليغمر الزوار في الإرث الثقافي والتاريخي الغني للباحة من خلال تجارب تفاعلية ومشاركة المجتمع
4,نُزُل الأكواخ في الغابات​​,برنامج الباحة 365,01.02,38,783,355,72,27.7,20,9,3.1,6.1,9.1,12.3,15.6,الوثيقة التفصيلية، شريحتا 563-564,منتجع مغامرات، يوفر إقامة صديقة للبيئة وأنشطة مثيرة وسط غابات الباحة الخلابة
5,منبر دوس الذي يضم إعادة تأهيل قرية دوس,برنامج هوية الباحة وإحياء التراث,03.02,94,739,414,69,31.5,18.6,10,3.7,7.2,10.7,14.5,18.3,الوثيقة التفصيلية، شريحتا 565-566,وجهة ثقافية في الباحة تجمع بين التراث والمرافق الحديثة لتوفير تجربة فريدة لمحبي التاريخ
6,منتجع الباحة للفروسية ​,برنامج الارتقاء بجودة الحياة,04.02,54,2067,717,212,90,21,9,,20.5,31,42,53.3,الوثيقة التفصيلية، شريحتا 567-568,
7,مركز الباحة الشتوي الداخلي,برنامج الارتقاء بجودة الحياة,04.02,200,1076,697,90,35.5,20,9,4.6,9.1,13.7,18.5,23.5,الوثيقة التفصيلية، شريحتا 569-570,سيُسوَّق كمنتزه شتوي داخلي يعمل على مدار العام في الباحة، يجمع بين تقنيات التزلج الاصطناعي وتجارب ترفيهية عائلية مناسبة لجميع الأعمار
8,منتجع عائلي شامل كليًا وعضوي​,برنامج خيرات الباحة,02.03,113,2067,1134,194,62.6,19.2,10,8.6,16.9,25.5,34.3,43.5,الوثيقة التفصيلية، شريحتا 571-572,منتجع عائلي صديق للبيئة من الدرجة الأولى، يجمع بين الإقامة المريحة والأنشطة الإبداعية وتجارب الطعام المميزة.
9,منتجع معلّق على حافة الجرف,برنامج الارتقاء بجودة الحياة,04.02,57,595,247,64,30.6,20.9,9,,,,,,الوثيقة التفصيلية، شريحتا 573-574,سيُسوَّق كوجهة فريدة من نوعها على الجرف، تقدّم إطلالات خلابة، وأنشطة مليئة بالمغامرة والحماس، وتجارب إقامة فاخرة معلّقة
10,سوق الباحة الزراعي​,برنامج خيرات الباحة,02.03,266,626,848,11.6,7.1,17,9,2,2.5,2.5,2.6,2.6,الوثيقة التفصيلية، شريحتا 575-576,مركز نابض بالحياة يبيع فيه المزارعون والحرفيون المحليون منتجاتهم في أكشاكٍ مجاورة لمطاعم ومفاهيم المأكولات الشعبية، بما يدعم نمو المشاريع الصغيرة ويحتفي بنكهات المنطقة الأصيلة
11,فندق التراث,برنامج هوية الباحة وإحياء التراث,03.03,13,848,1273,205,40,17.3,11,,,,,,الوثيقة التفصيلية، شريحتا 577-578,
12,مركز أنشطة رياضية شاهق الارتفاع,برنامج الارتقاء بجودة الحياة,,40,387,580,338,116,16.6,11,,,,,,الوثيقة التفصيلية، شريحتا 579-580,وجهة رائدة للرياضيين المحترفين وهواة الرياضة، ومن المقرر أن يضم المركز مرافق تدريب متقدمة وبرامج تدريبية بمعايير عالمية
13,منتجع المندق الصحي,برنامج الارتقاء بجودة الحياة,,88,1122,1684,254,66,18.1,11,,,,,,الوثيقة التفصيلية، شريحتا 581-582,يشتهر المنتجع بالكهوف الطبيعية وتكوينات صخرية فريدة، محاطة بمساحات خضراء غنية بالنباتات
14,مركز الرياضات الجبلية,برنامج الباحة 365,01.03,105,820,1230,290,85,16.2,10,,,,,,الوثيقة التفصيلية، شريحتا 583-584,يشتهر المركز بتكويناته الصخرية الفريدة واحتضانه لأكبر مجموعة متنوعة من النباتات والفصائل الحيوانية في المنطقة
15,المحور الترفيهي والرياضي حول السدود,برنامج الباحة 365,01.03,102,282,423,80,29,20,10,,,,,,الوثيقة التفصيلية، شريحتا 585-586,يشتهر متنزه سد الجنابين والممشى الخلاب الممتد على جانبيه، وتتميز المنطقة بهوائها النقي، ومناطق ممارسة الرياضة وملاعب الأطفال
16,ساحة الأنشطة,برنامج الارتقاء بجودة الحياة,,314,2516,3774,385,80,19,10,,,,,,الوثيقة التفصيلية، شريحتا 587-588,الترويج لساحة الأنشطة بوصفها الوجهة الأولى لمحبي المهرجانات والفعاليات، ومن المقرر أن يضم المجمع ساحة متطورة لاستضافة الفعاليات وفندقًا ومتاجر حيوية للبيع بالتجزئة، ومنافذ لبيع الأغذية والمشروبات
17,مركز أنشطة المغامرات في الغابة,برنامج الباحة 365,01.03,256,246,369,122,46,16.1,10,,,,,,الوثيقة التفصيلية، شريحتا 589-590,يشتهر بالخضرة الوارفة وإطلالته الخلابة على الجبال والوديان المجاورة ومناخه المعتدل
18,منتجع العسل,برنامج خيرات الباحة,,22,1085,1628,251,67,16.3,10,,,,,,الوثيقة التفصيلية، شريحتا 591-592,سيتم تسويق المنتجع باعتباره وجهة رائدة لعشاق الطبيعة، حيث سيقدم تجربة الإقامة في أحضان الطبيعة، مستفيدًا من المزايا الزراعية التي تتمتع بها منطقة الباحة
19,قرية التراث,برنامج هوية الباحة وإحياء التراث,03.02,164,3768,5652,266,59,16.6,11,,,,,,الوثيقة التفصيلية، شريحتا 593-594,يتميز المجمع بطراز معماري فريد يجمع بين الأقواس والجص الأحمر، بالإضافة إلى عدة نقوش تعود إلى أوائل القرن الثالث الهجري
20,أماكن الإقامة وسط الطبيعة,برنامج الباحة 365,,85,120,180,28,12,20,9,,,,,,الوثيقة التفصيلية، شريحتا 595-596,تشتهر أماكن الإقامة وسط الطبيعة بإطلالاتها الخلابة وارتباطها المميز بالطبيعة، وتضم مركزًا للدراجات الهوائية يقدم تجربة مثيرة لعشاق رياضة ركوب الدراجات
21,منتجع الباحة الجبلي,برنامج الباحة 365,01.03,55,60,155,55,12.8,14.3,11,0.6,1.6,2.6,3.7,5,الوثيقة التفصيلية، شريحتا 597-598,تشتهر جبال الباحة بمناظرها الطبيعية الخلابة، حيث تجمع بين الفخامة البيئية وتراث العافية في إقامة لا تُنسى وسط جمال الباحة الطبيعي.
22,فندق مغارة الباحة,برنامج الباحة 365,01.03,48,60,155,49,13.2,15.5,11,5.1,7,8.9,11,13.2,الوثيقة التفصيلية، شريحتا 599-600,يقع كهف الباحة المنحوت في جبل شدا السفلي، ويجمع بين الفخامة والراحة والتراث الثقافي في إقامة غامرة في كهوف تمثل بتاريخ الباحة الجيولوجي وجمالها الطبيعي.
23,مدينة الرمان,برنامج خيرات الباحة,,,450,800,3300,50.4,17.8,11.8,51.4,75.9,101.2,103.7,106.1,الوثيقة التفصيلية، شريحتا 601-602,تقع في مرتفعات المملكة العربية السعودية الخصبة، مخصصة لإنتاج الرمان المستدام وعالي الجودة، من خلال الجمع بين خبرة الزراعة التقليدية والممارسات الزراعية البيئية الحديثة
24,مركز انتاج وتوزيع لحوم حمراء,برنامج خيرات الباحة,,,270,730,235,13,14.3,16.5,508,687,700,714,729,الوثيقة التفصيلية، شريحتا 603-604,
25,نزل حول القلعة,برنامج هوية الباحة وإحياء التراث,,84,151,256,231,73.6,16,11,18.1,26.7,35.6,44.8,54.3,الوثيقة التفصيلية، شريحتا 605-606,تمزج بيوت الضيافة في قلعة بخروش في الباحة بين التراث والثقافة والراحة في إقامة أصيلة تحتفي بالهندسة المعمارية والتاريخ والمناظر الطبيعية في المنطقة
26,رحلة في مزارع المنطقة,برنامج خيرات الباحة,,51,260,450,232,75,18.4,10,23,36,49.7,63.7,78.1,الوثيقة التفصيلية، شريحتا 607-608,يركز المشروع على تطوير سلسلة من تجربة المزارع المختلفة تحتوي على مساحات للفعاليات ونزل صديقة للبيئة، بالتعاون مع المزارعين المحليين لتقديم تجارب مستدامة للقهوة والعسل والمنتجات
27,مزرعة وتجربة الفراولة,برنامج خيرات الباحة,,,60,220,111,29.6,25.5,7.3,19,21.8,23.3,23.9,24.5,الوثيقة التفصيلية، شريحتا 609-610,إنشاء مزرعة باستخدام تقنيات الزراعة في البيئات المتحكم بها المتقدمة
28,مزارع الباحة بالتكنولوجيا العامودية,برنامج خيرات الباحة,,,260,450,187,13.9,16.1,13.5,25.1,34,34.7,35.3,36.1,الوثيقة التفصيلية، شريحتا 611-612,حقول الباحة هي منشأة إنتاج وتوزيع متكاملة رأسياً تعمل على تعزيز التوافر المحلي للفواكه والخضروات من خلال تقليل الاعتماد على الواردات
29,بانوراما المسارات الجبلية,برنامج الارتقاء بجودة الحياة,,156,80,430,1100,273,21.7,7,32.6,59.7,87.4,116.3,148.2,الوثيقة التفصيلية، شريحتا 613-614,تشتهر شدا بمناظرها الطبيعية الخلابة، حيث تجمع بين الفخامة البيئية وتراث العافية في إقامة لا تُنسى وسط جمال الباحة الطبيعي.
30,واجهة الباحة,برنامج الباحة 365,,82,40,300,143,20.6,14.4,12,9,12,15,19,22,الوثيقة التفصيلية، شريحتا 615-616,تجمع واجهة الباحة بين المناظر الطبيعية البانورامية والانغماس الثقافي، مما يوفر للزوار وجهة فريدة تحتفي بتاريخ المنطقة وتقاليدها.
