code,contribution,target_audience,problem_statement,expected_impact,outputs,slide
01.01,تسهم المبادرة في تنمية الطلب السياحي وزيادة عدد وعائد الزوار من خلال تحديد وتطوير تجمعات ووجهات سياحية متكاملة، وتوجيه الاستثمار نحو المشاريع الأعلى أولوية وأثرًا، وتحسين الترابط بين المنتجات والتجارب والخدمات السياحية، بما يعزز جاذبية الباحة كوجهة على مدار العام.,الجهات الحكومية المعنية بالسياحة والتخطيط والتنمية. ; المستثمرون ومشغلو المشاريع والوجهات السياحية. ; المجتمع المحلي ورواد الأعمال. ; الزوار والسياح المحليون والدوليون.,غياب مخطط سياحي متكامل يحدد التجمعات والوجهات السياحية وأدوارها وأولويات تطويرها على مستوى منطقة الباحة. ; ضعف استغلال المقومات الطبيعية والثقافية والسياحية بالشكل الأمثل. ; محدودية الترابط والتكامل بين التجمعات والوجهات السياحية والمشاريع والخدمات والبنية التحتية الداعمة، بما يحد من تكوين تجارب سياحية متكاملة. ; عدم وجود ترتيب واضح للمشاريع السياحية ذات الأولوية وخطة مرحلية متفق عليها لتفعيلها واستقطاب الاستثمار نحوها.,رفع جاهزية التجمعات والوجهات والمشاريع السياحية ذات الأولوية للاستثمار والتطوير والتنفيذ. ; زيادة جاذبية الوجهات وتحسين تكامل تجربة الزائر، بما يدعم زيادة عدد الزوار وعائدهم السياحي. ; تنويع المنتجات والتجارب السياحية عبر تطوير تجمعات ووجهات ذات عروض سياحية متمايزة ومتكاملة. ; تحفيز الاستثمارات السياحية. ; تعزيز مساهمة القطاع السياحي في دعم الاقتصاد المحلي وخلق فرص العمل.,1) 1 مخطط سياحي هيكلي وتفصيلي شامل لمنطقة الباحة ; 2) 1 قاعدة بيانات مرجعية سياحية موحدة ومتكاملة ; 3) 1 تقرير شامل لمقومات وتحديات القطاع السياحي في منطقة الباحة ; 4) 1 خريطة للوجهات والمحاور السياحية في المنطقة ; 5) 1 وثيقة محفظة المشاريع السياحية ذات الأولوية ; 6) 1 إطار حوكمة وإدارة الوجهة السياحية ; 7) 1 خطة تفعيل مرحلية للتجمعات والوجهات والمشاريع ذات الأولوية,415
01.02,تسهم المبادرة في تقديم تجربة سياحية متكاملة لزوار الباحة من خلال تطوير منتجات سياحية متمايزة ومتكاملة داخل النطاقات ذات الأولوية، ورفع جاهزيتها للاستثمار والتشغيل، بما يدعم زيادة تنوع وجودة العرض السياحي ومدة الإقامة والإنفاق ورضا الزوار.,الجهات الحكومية المعنية بالسياحة والتطوير العمراني. ; ا ; لمستثمرون ومشغلو الوجهات السياحية. ; المطورون العقاريون ومقدمو الخدمات السياحية. ; رواد الأعمال والمنشآت الصغيرة والمتوسطة. ; الزوار والسياح المحليون والدوليون.,محدودية المخططات التفصيلية التي تحدد مواقع ومكونات واستخدامات المنتجات السياحية ذات الأولوية داخل النطاقات السياحية. ; محدودية تطوير وتصميم منتجات وتجارب سياحية متكاملة وقابلة للتشغيل تستفيد من المقومات التنافسية لكل نطاق. ; محدودية جاهزية المنتجات والمواقع ذات الأولوية من حيث البنية التحتية والملكيات والموافقات والمتطلبات التطويرية والاستثمارية والتشغيلية. ; محدودية تنوع وتكامل وجودة المنتجات والتجارب السياحية المقدمة للزوار داخل النطاقات السياحية,رفع جودة وتنوع وتكامل المنتجات والتجارب السياحية داخل النطاقات ذات الأولوية. ; زيادة مدة إقامة السائح ومتوسط إنفاقه. ; رفع جاهزية المنتجات والمواقع السياحية ذات الأولوية للاستثمار والتنفيذ والتشغيل. ; زيادة عدد المنتجات والمواقع القابلة للطرح على المستثمرين والمشغلين وجذب استثمارات سياحية نوعية. ; تعزيز تنافسية منطقة الباحة كوجهة سياحية متكاملة.,,420
01.03,تسهم المبادرة في تعزيز الجاذبية الاستثمارية لمنطقة الباحة من خلال تطوير فرص استثمارية سياحية ذات ميزة تنافسية ورفع جاهزيتها للطرح والاستثمار، بما يدعم جذب رؤوس الأموال وتحفيز تطوير المشاريع السياحية ورفع تنافسية المنطقة كوجهة استثمارية.,المستثمرون المحليون والدوليون. ; شركات التطوير السياحي والعقاري. ; مشغلو الوجهات السياحية. ; الجهات الحكومية المعنية بالاستثمار والسياحة. ; رواد الأعمال والمنشآت الصغيرة والمتوسطة.,محدودية تطوير وترويج الفرص الاستثمارية السياحية ذات القيمة العالية. ; ضعف جاهزية الفرص الاستثمارية من حيث الدراسات والتصاميم والنماذج الاستثمارية. ; محدودية استقطاب المستثمرين للمشاريع السياحية ذات الأولوية. ; ضعف وضوح وتكامل المعلومات المتعلقة بالفرص الاستثمارية السياحية.,زيادة تدفق الاستثمارات السياحية إلى المنطقة. ; تسريع تطوير المشاريع السياحية ذات الأولوية. ; رفع تنافسية منطقة الباحة كوجهة استثمارية. ; تحسين استغلال الأصول والمواقع السياحية. ; خلق فرص اقتصادية ووظيفية جديدة.,1) 1 دراسة لتحليل واقع المواقع السياحية وتقييم جاهزيتها السياحية والاستثمارية ; 2) 1 تقرير للمقارنات المعيارية مع الوجهات السياحية المشابهة محليًا ودوليًا ; 3) 1 دراسة للفجوات السياحية في المنتجات المتوفرة في المنطقة ; 4) 1 ملف فرص استثمارية سياحية مبني على نتائج التحليل والدراسات ; 5) 1 تقرير يضم ملفات الفرص الاستثمارية الجاهزة للطرح على المستثمرين ; 6) 1 تقرير لمحفظة استثمارية سياحية متكاملة للمنطقة ; 7) 1 ملف لتمكين منظومة الاستثمار والترويج للفرص الاستثمارية وجذب المستثمرين,425
01.04,تسهم المبادرة في تنمية الطلب السياحي وزيادة عدد وعائد الزوار من خلال تطوير منظومة متكاملة لإدارة وتسويق الوجهة السياحية، وتعزيز الترويج السياحي للمنطقة، وتحسين تجربة الزوار، بما يدعم رفع تنافسية الباحة كوجهة سياحية على مدار العام.,السياح المحليون والدوليون. ; شركات السياحة والسفر ومنظمو الرحلات. ; المستثمرون في القطاع السياحي. ; الجهات الحكومية والهيئات ذات العلاقة. ; مقدمو الخدمات السياحية.,ضعف الترويج والتسويق السياحي لمنطقة الباحة. ; تشتت الجهود التسويقية وغياب جهة موحدة لإدارة الوجهة السياحية. ; محدودية الوعي بالمقومات والمنتجات السياحية في المنطقة. ; ضعف استقطاب الزوار وعدم استغلال الإمكانات السياحية بالشكل الأمثل.,زيادة عدد الزوار إلى منطقة الباحة. ; ر ; فع متوسط مدة الإقامة والإنفاق السياحي. ; تحسين تجربة الزوار ورفع مستوى رضاهم. ; تعزيز الصورة الذهنية للباحة كوجهة سياحية. ; دعم نمو القطاع السياحي والاقتصاد المحلي.,1) 1 ملف تصميم إطار ومؤشرات قياس الأداء السياحي ; 2) 1 ملف آليات جمع البيانات وتحليلها من الجهات المعنية والقطاع الخاص ; 3) 1 روزنامة فعاليات وتجارب سياحية متنوعة على النطاقات السياحية لمدة 4 سنوات، مع التركيز على الفعاليات التي تترك أصولًا وتحقق استدامة وتخفيض التكاليف التشغيلية للقطاع الخاص ; 4) 1 خطة لإشراك القطاع الخاص التصاعدي في رحلة إطلاق وتنفيذ الفعاليات والتجارب ; 5) 1 خطة تسويق وترويج سياحي مع توفير المواد والوسائل والمحتوى اللازم للتنفيذ ; 6) 1 تقرير لتنفيذ الحملات التسويقية والترويجية عبر القنوات الرقمية والإعلامية ; 7) 1 تقرير لتنفيذ الخطط وتقييم الأداء وتوسيع نطاق الفعاليات ; 8) 1 تقرير لمتابعة وقياس أداء الحملات وتحسينها بناءً على استجابة الزوار ; 9) تقارير دورية لقياس الأداء السياحي ووضع الخطط التصحيحية مع أصحاب المصلحة,430
02.01,تسهم المبادرة في تعظيم إنتاج القطاع الزراعي وتحفيز كفاءة استخدام الموارد الطبيعية من خلال توجيه الأنشطة الزراعية والحيوانية إلى المواقع الأكثر ملاءمة، ورفع كفاءة استخدام الأراضي والمياه، وتحديد المنتجات والفرص الاستثمارية ذات الأولوية ومتطلبات تفعيلها، بما يعزز الإنتاجية والقيمة المضافة والاستدامة الاقتصادية للقطاع.,الجهات الحكومية المعنية بالزراعة والمياه والبيئة. ; المستثمرون والمطورون والمشغلون في الأنشطة الزراعية والإنتاج الحيواني والصناعات والخدمات المرتبطة بها. ; المزارعون ومنتجو الثروة الحيوانية. ; الشركات العاملة في سلاسل الإمداد والخدمات والبنية التحتية الداعمة للزراعة والإنتاج الحيواني. ; رواد الأعمال والمنشآت الصغيرة والمتوسطة.,غياب مخطط مكاني وتفصيلي متكامل يحدد مواقع واستخدامات الأنشطة الزراعية والإنتاج الحيواني وأولويات تطويرها واستثمارها في المنطقة. ; محدودية المواءمة بين استخدام الأراضي والمياه والموارد المتاحة وبين الأنشطة الزراعية والحيوانية الأكثر ملاءمة وقيمة اقتصادية. ; تشتت الأنشطة الزراعية والحيوانية ومحدودية وضوح التوزيع المكاني الأمثل للأنشطة والمرافق والخدمات الداعمة لها. ; محدودية جاهزية المواقع والأنشطة الزراعية والحيوانية للاستثمار بسبب نقص البيانات وتفاوت توفر الموارد والبنية التحتية والخدمات ووضوح المتطلبات التطويرية.,رفع كفاءة الإنتاج الزراعي والحيواني في المنطقة. ; تحسين استدامة استخدام الموارد المائية والزراعية. ; زيادة عدد وجودة الفرص والمواقع الجاهزة للاستثمار في الأنشطة الزراعية والإنتاج الحيواني. ; تعزيز الأمن الغذائي المحلي. ; خلق فرص اقتصادية ووظيفية في المناطق الريفية.,1) 1 تقرير لتحليل سلاسل القيمة للقطاع الزراعي والإنتاج الحيواني ; 2) 1 مخطط تفصيلي متكامل للزراعة والإنتاج الحيواني في منطقة الباحة ; 3) 1 خريطة استخدامات الأراضي الزراعية والإنتاج الحيواني ; 4) 1 قاعدة بيانات للموارد الطبيعية والزراعية ; 5) 1 منصة بيانات زراعية لمنطقة الباحة ; 6) 1 إطار استثماري للأنشطة الزراعية والإنتاج الحيواني,436
02.02,تسهم المبادرة في تعزيز الجاذبية الاستثمارية وتنمية النشاط الاقتصادي المرتبط بسلاسل القيمة ذات الأولوية من خلال تطوير فرص استثمارية متكاملة للمنتجات الزراعية,المستثمرون في القطاع الزراعي والصناعات الغذائية. ; الشركات الزراعية وسلاسل الإمداد. ; الجهات الحكومية المعنية بالزراعة والاستثمار. ; المزارعون ورواد الأعمال. ; المنشآت الصغيرة والمتوسطة.,محدودية وجود فرص استثمارية مكتملة وجاهزة للطرح مرتبطة بالمنتجات الزراعية ; الأيقونية ; في منطقة الباحة. ; ضعف تكامل الدراسات والنماذج المالية المرتبطة بالقطاع الزراعي. ; محدودية تطوير سلاسل القيمة والصناعات المرتبطة بالقطاع الزراعي. ; ضعف جذب الاستثمارات النوعية في القطاع الزراعي والأنشطة المرتبطة به.,زيادة الاستثمارات المرتبطة بالمنتجات الزراعية ; الأيقونية ; وسلاسل قيمتها. ; تحفيز التوسع والاستثمار في الأنشطة ذات القيمة المضافة عبر سلاسل المنتجات ; الأيقونية ; . ; تطوير الأنشطة والصناعات والخدمات المكملة لسلاسل قيمة المنتجات الزراعية ; الأيقونية ; . ; تعزيز الأمن الغذائي المحلي. ; خلق فرص اقتصادية ووظيفية من خلال تفعيل الاستثمارات الجديدة المرتبطة بالمنتجات ; الأيقونية ; وسلاسل قيمتها.,1) 1 تحليل لواقع القطاع الزراعي وتقييم الموارد وجاهزية الأراضي للاستثمار ; 2) 1 دراسة للفجوات في المنتجات الزراعية وسلاسل الإمداد ; 3) 1 تقرير للمقارنات المعيارية مع المناطق الزراعية المشابهة ; 4) 1 تحليل لمقومات السياحة الزراعية في المنطقة مع تصور لتطوير منظومتها ; 5) 1 تقرير لحصر وتحليل الفرص الاستثمارية الزراعية ; 6) 1 ملف فرص استثمارية زراعية مبني على نتائج التحليل والدراسات ; 7) 1 دليل للفرص الزراعية (إعداد ونشر) ; 8) 1 تقرير يضم ملفات الفرص الاستثمارية الزراعية الجاهزة للطرح على المستثمرين ; 9) 1 خطة استقطاب وتفعيل لتمكين منظومة الاستثمار وترويج الفرص الزراعية ; 10) 1 ملتقى استثماري زراعي (بخطة تنفيذ وعرض للفرص),442
02.03,تسهم المبادرة في تعزيز الصناعة الزراعية وزيادة القيمة المضافة من خلال تطوير فرص استثمارية متكاملة للمنتجات الحيوانية,المستثمرون في قطاع الإنتاج الحيواني والصناعات الغذائية. ; الشركات الزراعية وسلاسل الإمداد المرتبطة بالإنتاج الحيواني. ; الجهات الحكومية المعنية بالزراعة والاستثمار. ; المزارعون ورواد الأعمال. ; المنشآت الصغيرة والمتوسطة.,محدودية وجود فرص استثمارية متكاملة وجاهزة للطرح مرتبطة بالمنتجات الحيوانية ; الأيقونية ; وسلاسل قيمتها. ; عدم اكتمال المعلومات السوقية والفنية والمالية اللازمة لتحويل فرص المنتجات الحيوانية ; الأيقونية ; إلى حالات استثمارية قابلة لاتخاذ القرار. ; وجود فجوات غير مستغلة عبر سلاسل قيمة المنتجات الحيوانية ; الأيقونية ; ، بما يحد من تعظيم القيمة المضافة محليًا. ; محدودية جذب المستثمرين النوعيين نتيجة نقص الفرص الجاهزة والمعلومات الاستثمارية المتكاملة حول المنتجات الحيوانية ; الأيقونية ; .,زيادة الاستثمارات في قطاع الإنتاج الحيواني والصناعات المرتبطة به. ; تحسين كفاءة واستدامة الإنتاج الحيواني. ; تطوير الأسواق والصناعات المرتبطة بالإنتاج الحيواني. ; تعزيز الأمن الغذائي المحلي. ; خلق فرص اقتصادية ووظيفية في المناطق الريفية.,1) 1 ملف لتحليل واقع قطاع الإنتاج الحيواني وجاهزية الأراضي للاستثمار ; 2) 1 دراسة للفجوات في منتجات الثروة الحيوانية وسلاسل الإمداد ; 3) 1 تقرير للمقارنات المعيارية مع المناطق المشابهة ; 4) 1 تقرير لتحليل واقع أسواق الماشية المحلية ; 5) 1 تقرير لتحليل واقع إنتاج واستهلاك الأعلاف في المنطقة ; 6) 1 ملف فرص استثمارية في الإنتاج الحيواني مبني على نتائج التحليل والدراسات ; 7) 1 ملف لمحفظة استثمارية متكاملة لقطاع الثروة الحيوانية ; 8) 1 تقرير يضم ملفات الفرص الجاهزة للطرح على المستثمرين ; 9) 1 خطة دعم لتنمية أسواق الماشية المحلية ; 10) 1 خطة دعم لتنمية إنتاج الأعلاف المحلية ; 11) 1 ملف لتمكين منظومة الاستثمار وترويج الفرص وجذب المستثمرين,449
02.04,تسهم المبادرة في تعزيز الجاذبية الاستثمارية لمنطقة الباحة من خلال تطوير فرص استثمارية للصناعات الغذائية والتحويلية ورفع جاهزيتها للاستثمار والتنفيذ، بما يدعم تعظيم القيمة المضافة للمنتجات الزراعية وتطوير الصناعات المرتبطة بها.,المستثمرون في قطاع الصناعات الغذائية والتحويلية. ; الشركات العاملة في التصنيع الغذائي وسلاسل الإمداد. ; الجهات الحكومية المعنية بالصناعة والزراعة والاستثمار. ; المزارعون ومنتجو المواد الخام. ; رواد الأعمال والمنشآت الصغيرة والمتوسطة.,ضعف تطوير الصناعات الغذائية والتحويلية رغم توفر منتجات زراعية محلية مميزة. ; محدودية الربط بين الإنتاج الزراعي والتصنيع الغذائي. ; ضعف جاهزية الفرص الاستثمارية من حيث الدراسات والنماذج الاقتصادية وسلاسل القيمة. ; محدودية تطوير سلاسل الإمداد والتصنيع الغذائي في المنطقة.,رفع القيمة المضافة للمنتجات الزراعية المحلية. ; تقليل الفاقد في الإنتاج الزراعي. ; زيادة الاستثمارات في الصناعات الغذائية والتحويلية. ; تطوير سلاسل الإمداد والتصنيع الغذائي. ; خلق فرص اقتصادية ووظيفية جديدة في المنطقة.,1) 1 ملف لواقع قطاع التصنيع والتحويل الغذائي وتقييم الموارد المتاحة والخدمات اللوجستية ; 2) 1 تقرير للمقارنات المعيارية مع المناطق المشابهة ; 3) 1 دراسة للفجوات في منتجات التصنيع والتحويل الغذائي ; 4) 1 تقرير لتحليل سلاسل القيمة للمنتجات المحلية ; 5) 1 دراسة لحجم الإنتاج المحلي وأنواع المنتجات والنموذج التشغيلي وفرص التسويق ; 6) 1 ملف فرص استثمارية في القطاع مبني على نتائج التحليل والدراسات ; 7) 1 ملف لمحفظة استثمارية متكاملة للقطاع ; 8) 1 تقرير يضم ملفات الفرص الجاهزة للطرح على المستثمرين ; 9) 1 ملف لنموذج الإيرادات والتكاليف وخارطة طريق التنفيذ ; 10) 1 تقرير لتطوير آليات الدعم للمزارعين والمنتجين وخطة التنفيذ ; 11) 1 ملف لتمكين منظومة الاستثمار وترويج الفرص وجذب المستثمرين,456
02.05,تسهم المبادرة في تقديم تجربة سياحية متكاملة لزوار الباحة من خلال إضافة تجارب زراعية وغذائية تفاعلية ومتميزة إلى العرض السياحي للمنطقة، بما يزيد تنوع الأنشطة ومدة التفاعل والإنفاق، ويربط تجربة الزائر بالهوية الزراعية والغذائية للباحة.,السياح الباحثون عن التجارب الريفية والزراعية. ; مشغلو الرحلات والوجهات السياحية. ; الجهات الحكومية المعنية بالسياحة والزراعة.,محدودية استثمار القطاع الزراعي في الأنشطة والتجارب السياحية. ; غياب تجارب سياحية زراعية وغذائية متكاملة في المنطقة. ; ضعف تنويع المنتجات والتجارب السياحية المرتبطة بالقطاع الزراعي. ; محدودية الاستفادة من المقومات الزراعية في جذب الزوار وتنمية الاقتصاد الريفي.,تنويع المنتجات والتجارب السياحية في المنطقة. ; زيادة دخل المزارعين من مصادر اقتصادية غير تقليدية. ; رفع مدة إقامة الزوار ومتوسط إنفاقهم. ; تعزيز الترابط بين القطاعين الزراعي والسياحي. ; دعم الاقتصاد المحلي في المناطق الريفية.,1) 1 تقرير يضم دراسات وحالات عمل لتطوير التجارب الزراعية السياحية ; 2) 1 ملف لنماذج استثمارية وتجارب سياحية مرتبطة بالقطاع الزراعي والغذائي ; 3) 1 ملف لتصميم تجارب سياحية تجمع بين الزراعة والمنتجات المحلية والأنشطة الغذائية ; 4) 1 دليل للتجارب الزراعية السياحية ; 5) 1 تقرير لحصر المزارع والمواقع الزراعية المناسبة للمسارات السياحية ; 6) 1 ملف لتحديد مواقع المزارع المناسبة وتصميم مفهوم المهرجانات الموسمية ; 7) 1 ملف لتمكين المزارعين والأسر المنتجة من المشاركة في السياحة الزراعية مع الإطلاق التجريبي ; 8) 1 ملف لتحديد المزارع المشاركة وتصميم مفهوم المهرجانات الزراعية ; 9) 1 خطة للتنظيم والتسويق وتنفيذ الفعاليات الزراعية ; 10) 1 تقرير لإطلاق المهرجانات التجريبية وتنفيذ خطة التسويق والتنظيم ; 11) 1 ملف لتصميم المسارات وخطة تطوير التجارب السياحية الزراعية ; 12) 1 ملف لتحديد المزارع والمطاعم المشاركة وتصميم تجربة البرنامج ; 13) 1 تقرير لإطلاق البرنامج التجريبي وتطوير آلية التشغيل والتسويق,463
03.01,تسهم المبادرة في ترسيخ هوية ثقافية وبصرية وعمرانية أصيلة ومتكاملة لمنطقة الباحة من خلال إطلاق وتفعيل الهوية الترويجية وتوحيد تطبيقها عبر المبادرات والحملات ونقاط الاتصال، بما يعزز الصورة الذهنية للمنطقة محلياً ودولياً ويدعم جاذبيتها السياحية والاستثمارية.,الزوار والسياح المحليون والدوليون. ; المستثمرون ومنشآت القطاع الخاص. ; الجهات الحكومية والهيئات ذات العلاقة. ; وسائل الإعلام وشركاء التسويق ومشغلو الوجهات السياحية. ; سكان منطقة الباحة والمجتمع المحلي.,عدم إطلاق وتفعيل هوية الباحة الترويجية على نطاق واسع. ; تفاوت تطبيق الهوية وغياب الاتساق البصري بين المبادرات والمواد والحملات. ; محدودية حضور الهوية في نقاط الاتصال مع الزوار والمستثمرين والجمهور المستهدف. ; الحاجة إلى توحيد جهود الجهات ذات العلاقة لضمان تطبيق الهوية بصورة متسقة وفعالة.,تعزيز حضور هوية الباحة وصورتها الذهنية كوجهة سياحية واستثمارية متميزة. ; زيادة الوعي بالهوية الترويجية للمنطقة محلياً ودولياً. ; رفع مستوى الاتساق في تطبيق الهوية عبر مبادرات المنطقة ونقاط الاتصال المختلفة. ; رفع فاعلية الحملات الترويجية والوصول إلى الفئات المستهدفة. ; دعم جاذبية المنطقة للزوار والمستثمرين.,1 خطة متكاملة لإطلاق وتفعيل الهوية الترويجية ; 2) 1 حزمة مواد وأصول ترويجية مطبقة وفق الهوية المعتمدة ; 3) 1 حزمة حملات إطلاق وترويج عبر القنوات المستهدفة,470
03.02,تسهم المبادرة في ترسيخ الهوية الثقافية والبصرية والعمرانية للباحة من خلال تفعيل المواقع التراثية وإحياء محتواها الثقافي بمشاركة القطاعين الخاص وغير الربحي، بما يعزز الحفاظ المستدام على الأصول التراثية ويحولها إلى منصات نشطة للتجارب الثقافية والسياحية والمشاركة المجتمعية.,السياح المحليون والدوليون. ; المهتمون بالتراث والثقافة. ; الجهات الحكومية المعنية بالثقافة والسياحة. ; مشغلو المواقع التراثية. ; المجتمع المحلي.,محدودية التفعيل السياحي للمواقع التراثية في منطقة الباحة. ; ضعف جاهزية المواقع التراثية من حيث البنية التحتية والخدمات وتجربة الزائر. ; محدودية استغلال الأصول الثقافية والتراثية اقتصاديًا وسياحيًا. ; ضعف التكامل بين المواقع التراثية والأنشطة السياحية المرتبطة بها.,زيادة عدد الزوار للمواقع التراثية. ; تعزيز الهوية الثقافية لمنطقة الباحة. ; تحسين تجربة الزوار في المواقع التراثية. ; تنشيط السياحة الثقافية في المنطقة. ; خلق فرص اقتصادية محلية مرتبطة بالمواقع التراثية.,1) 1 تقرير لحصر أبرز المواقع التراثية وتقييم جاهزيتها وتطوير المنتجات والفعاليات الملائمة ; 2) 1 ملف لتصور الفعاليات والنموذج التجاري والمالي لتحقيق الجدوى في الاستثمار ; والرعايات ; 3) 1 ملف لإطار ; الرعايات ; والخطة الترويجية والبدء في استقطاب المستثمرين والرعاة ; 4) 1 تقرير للحملة الإعلانية للفعالية لاستقطاب الزوار ; 5) 1 ملف لمنهجية قياس الأثر وتقديم نتائجها وقياس عدد الزيارات,475
03.03,تسهم المبادرة في ترسيخ الهوية الثقافية والبصرية والعمرانية لمنطقة الباحة من خلال الحفاظ على البيوت التراثية وتفعيلها اقتصاديًا وسياحيًا، وتمكين المجتمع المحلي من الاستثمار فيها بما يعزز استدامة التراث العمراني ويرفع مساهمته الاقتصادية والسياحية.,ملاك البيوت التراثية. ; ال ; مجتمع المحلي في القرى والمناطق التراثية. ; المستثمرون في السياحة الثقافية والريفية. ; رواد الأعمال والمنشآت الصغيرة والمتوسطة. ; الجهات الحكومية والجهات الداعمة.,ضعف الاستغلال الاقتصادي للبيوت التراثية في منطقة الباحة. ; محدودية جاهزية ملاك البيوت التراثية والمجتمع المحلي للاستثمار والتشغيل. ; نقص المعرفة بنماذج التأهيل والتشغيل المناسبة للبيوت التراثية. ; محدودية تحويل الأصول التراثية إلى مشاريع اقتصادية مستدامة.,زيادة استثمار البيوت التراثية في المنطقة. ; رفع دخل المجتمع المحلي من الأنشطة السياحية والتراثية. ; تعزيز الحفاظ على التراث العمراني. ; تنشيط السياحة الريفية والثقافية. ; خلق فرص عمل محلية مستدامة.,1) 1 تقرير حصر للبيوت التراثية القابلة للاستثمار ; 2) 1 ملف للتصور والنماذج الاستثمارية لتحقيق تجارب سياحية مرتبطة بالقطاع التراثي ; 3) 1 خطة عمل للمشروع وتنفيذه ; 4) 1 ملف لتمكين المجتمع المحلي من الاستثمار في تلك الأصول وتحقيق دعم الشركاء ; 5) 1 ملف للنزل التراثية المفعلة,480
04.01,تسهم المبادرة في تطوير بنية تحتية اقتصادية داعمة للقطاعات ذات الأولوية من خلال استكمال المخططات العمرانية للمراكز والقرى، ورفع كفاءة استخدام الأراضي وتوزيع الخدمات والبنية التحتية، وتوجيه الأنشطة الاقتصادية والاستثمارات نحو المواقع الملائمة؛ بما يدعم التنمية المتوازنة ويحسن جودة المكان,الجهات الحكومية المعنية بالتخطيط العمراني والبلديات ; المستثمرون والمطورون العقاريون ; الجهات الخدمية (المياه، الكهرباء، الطرق، الاتصالات) ; المجتمع المحلي في المراكز والقرى,عدم اكتمال المخططات العمرانية للمراكز والقرى ; ضعف تنظيم النمو العمراني وتشتت استخدامات الأراضي ; عدم كفاءة توزيع الخدمات والبنية التحتية مع احتياجات المراكز والقرى ; محدودية جاهزية الأراضي والمخططات الداعمة للاستثمارات والأنشطة الاقتصادية.,تحسين كفاءة استخدام الأراضي في المراكز والقرى المستهدفة ; رفع جودة التخطيط العمراني للمراكز والقرى ; رفع جاهزية المواقع والأراضي للمشروعات التنموية والاستثمارات الاقتصادية ; تحسين توزيع الخدمات والبنية التحتية ; تعزيز التنمية المستدامة في منطقة الباحة,1) 1 تقرير لتحليل الوضع الراهن ; 2) 1 تقرير للمقارنات المرجعية ; 3) 1 قاعدة بيانات مكانية ( ; GIS) ; 4),486
04.02,تسهم المبادرة في تقديم تجربة سياحية متكاملة لزوار الباحة من خلال تمكين القطاع الخاص من تطوير وتشغيل مرافق ترفيهية متنوعة، بما يحسن تجربة الزوار والعائلات ويرفع جاذبية المنطقة للاستثمار في قطاع الترفيه,العائلات والسكان المحليون. ; السياح المحليون والدوليون. ; المستثمرون في القطاع الترفيهي. ; مشغلو المرافق والأنشطة الترفيهية. ; الجهات الحكومية المعنية بالترفيه والاستثمار والسياحة,محدودية توفر مرافق ومراكز ترفيهية متكاملة تلبي احتياجات العائلات والزوار ; ضعف تنوع الأنشطة والخيارات الترفيهية في المنطقة ; محدودية جاهزية المواقع للاستثمار والتشغيل من قبل القطاع الخاص ; ضعف استقطاب الاستثمارات في القطاع الترفيهي,زيادة خيارات الترفيه للعائلات والزوار. ; رفع عدد الزوار إلى منطقة الباحة. ; تحسين جودة الحياة للسكان المحليين. ; جذب استثمارات جديدة في القطاع الترفيهي. ; دعم تنويع الاقتصاد المحلي.,1) 1 دراسة للاحتياج والتوزيع المكاني ; 2) 1 حزمة للفرص الاستثمارية المطوّرة ; 3) 1 حزمة للمحفزات ودعم المستثمرين ; 4) 1 ملف لاستقطاب المستثمرين والتعاقد معهم,491
04.03,تسهم المبادرة في تعزيز مكانة الباحة كوجهة للراحة والاستجمام من خلال تطوير مشروع سياحة صحية قابل للاستثمار، يوسع المنتجات السياحية ويجذب شرائح جديدة من الزوار والاستثمارات الخاصة,زوار السياحة الصحية والعافية ; سكان منطقة الباحة ; المستثمرون والمشغلون في القطاعين الصحي والسياحي ; مقدمو خدمات العلاج الطبيعي والتأهيل والعافية ; الجهات الحكومية المعنية بالصحة والسياحة والاستثمار,محدودية مرافق وخدمات السياحة الصحية المتخصصة في المنطقة ; ضعف استثمار المقومات الطبيعية والمناخية للباحة في السياحة الصحية ; عدم وجود مشروع استثماري متكامل وجاهز للطرح للاستثمار من قبل القطاع الخاص ; تعدد التراخيص والمتطلبات اللازمة لإنشاء المركز وتشغيله (رحلة المستثمر) والحل لتسهيلها بالتعاون مع وزارة الاستثمار ووزارة الصحة والجهات المعنية,توفير منتج جديد للسياحة الصحية في المنطقة ; جذب شرائح جديدة من الزوار ; زيادة مدة إقامة الزوار وإنفاقهم ; استقطاب استثمارات خاصة في السياحة الصحية ; توفير وظائف في القطاعين الصحي والسياحي ; تحسين خدمات القطاع الصحي في المنطقة,1 دراسة جدوى واختيار الموقع ; 1 دراسة للمقارنات المعيارية ; 1 تصور فني للمركز وخدماته ; 1 نموذج تجاري ومالي ; 1 ملف للمحفزات والمتطلبات التنظيمية ; 1 فرصة استثمارية مطورة ومطروحة ; 1 عقد مع القطاع الخاص لتنفيذ المشروع وتشغيله,496
04.04,تسهم المبادرة في تعزيز مكانة الباحة كوجهة متخصصة للأداء الرياضي العالي والتدريب في المرتفعات، واستقطاب المنتخبات والأندية والمعسكرات الرياضية على مدار العام، بما يدعم السياحة الرياضية ويزيد الطلب خارج المواسم السياحية الرئيسية,المنتخبات والأندية والفرق الرياضية ; الاتحادات والأكاديميات الرياضية ; الرياضيون المحترفون ورياضيو النخبة والفرق الفنية والطبية المصاحبة ; المستثمرون والمشغلون في القطاعين الرياضي والسياحي ; الجهات الحكومية المعنية بالرياضة والسياحة والاستثمار,محدودية المرافق المتخصصة والمتكاملة للأداء الرياضي العالي والتدريب في المرتفعات القادرة على استضافة المنتخبات والأندية والرياضيين المحترفين ; محدودية استثمار الخصائص المناخية والارتفاعات والتضاريس في الباحة لتطوير التدريب الرياضي في المرتفعات والأداء العالي ; عدم وجود فرصة استثمارية متكاملة وجاهزة لتطوير وتشغيل مركز متخصص للأداء الرياضي العالي في المرتفعات ; الحاجة إلى تنسيق متطلبات الموقع والبنية التحتية والتراخيص اللازمة,توفير مركز نوعي ومتخصص للأداء الرياضي العالي والتدريب في المرتفعات ; استقطاب معسكرات المنتخبات والأندية وبرامج الإعداد والتدريب الرياضي المتخصص ; زيادة الزيارات خارج المواسم السياحية ; جذب استثمارات خاصة في البنية التحتية والخدمات المتخصصة للأداء الرياضي والسياحة الرياضية ; توفير وظائف في قطاعي الرياضة والسياحة,1 دراسة جدوى واختيار الموقع ; 1 دراسة للمقارنات المعيارية ; 1 تصور فني متكامل لمركز ; HA-HPC ; ومرافق التدريب والأداء العالي والاستشفاء والإقامة ; 1 نموذج تجاري ومالي ; 1 ملف للمحفزات والمتطلبات التنظيمية ; 1 فرصة استثمارية مطورة ومطروحة ; 1 عقد مع القطاع الخاص لتنفيذ المشروع وتشغيله,501
04.05,تسهم المبادرة في رفع مشاركة سكان الباحة في القطاعات ذات الأولوية من خلال مواءمة مهاراتهم مع احتياجات سوق العمل، وتحسين فرص التوظيف وريادة الأعمال، وتعزيز دور القطاعين الخاص وغير الربحي في تنمية رأس المال البشري.,الشباب الباحثون عن فرص عمل. ; رواد الأعمال والمنشآت الصغيرة والمتوسطة. ; الباحثون عن عمل من سكان المنطقة. ; الجهات التعليمية والتدريبية. ; الشركات العاملة في القطاعات ذات الأولوية.,محدودية مشاركة السكان المحليين في القطاعات الاقتصادية ذات الأولوية. ; وجود فجوة بين مخرجات التعليم واحتياجات سوق العمل. ; ضعف جاهزية الكفاءات المحلية للقطاعات ذات الميزة التنافسية. ; محدودية فرص ريادة الأعمال والتمكين الاقتصادي للسكان المحليين.,زيادة نسبة التوظيف في القطاعات ذات الأولوية. ; تحسين مواءمة المهارات مع احتياجات سوق العمل. ; دعم نمو ريادة الأعمال المحلية. ; رفع إنتاجية القوى العاملة المحلية. ; تعزيز التنمية الاقتصادية والاجتماعية في المنطقة.,1) 1 قائمة بالأنشطة ذات الأولوية والمهارات المطلوبة ; 2) 1 حزمة برامج تدريبية ومهنية ; 3) 1 برنامج احتضان وتسريع لتنمية المهارات الريادية,506
05.01,تسهم المبادرة في تعزيز الجاذبية الاستثمارية للباحة من خلال رفع جاهزية المشاريع التنموية المؤثرة في بيئة الأعمال وتسريع تقدمها، بما يحسن جاهزية المواقع والخدمات، ويسهّل مشاركة قطاع الأعمال في المنطقة,الجهات الحكومية المالكة والمنفذة للمشاريع التنموية ; الجهات الخدمية والتنظيمية المرتبطة بتنفيذ المشاريع ; قطاع ; الأعمال المستفيدون من جاهزية المشاريع التنموية,تفاوت ترتيب أولويات المشاريع التنموية بين الجهات ذات العلاقة ; عدم اكتمال متطلبات الجاهزية لبعض المشاريع المؤثرة في قطاع الأعمال ; تعدد الاعتماديات بين الجهات المالكة والخدمية والتنظيمية ; تأخر تنفيذ بعض المشاريع نتيجة المعوقات المشتركة وتعدد الجهات المرتبطة بها ; محدودية المتابعة المتكاملة لتقدم المشاريع وأثرها على تمكين قطاع الأعمال,رفع جاهزية المشاريع التنموية ذات الأولوية ; تسريع استكمال متطلبات تنفيذ المشاريع ; تقليل التأخير الناتج عن الاعتماديات والمعوقات المشتركة ; تحسين جاهزية المواقع والخدمات الداعمة لقطاع الأعمال ; تسهيل دخول المستثمرين وممارسة الأعمال في المنطقة,1) 1 تقرير لقائمة معتمدة ومحدثة بالمشاريع التنموية ذات الأولوية وحالتها التنفيذية. ; 2) 1 تقرير تقييم جاهزية المشاريع ومتطلبات استكمالها ; 3) 1 خطة دعم التنفيذ ورفع الجاهزية المتفق عليها مع الجهات المالكة ; 4) 5 تقارير دورية لتقدم المشاريع والمعوقات,512
05.02,تسهم المبادرة في تعزيز بيئة الأعمال في منطقة الباحة من خلال توفير بيانات موثوقة ومحدثة تدعم فهم خصائص المنطقة ومقوماتها الاقتصادية، وتقلل فجوات المعلومات، وتدعم قطاع الأعمال من الوصول إلى معلومات أكثر دقة وموثوقية,قطاع الأعمال والمنشآت العاملة في منطقة الباحة ; المرصد الحضري في منطقة الباحة ; الجهات الحكومية والقطاعية المعنية بالبيانات الاقتصادية والتنموية,تفاوت مستويات اكتمال ودقة وحداثة البيانات المتاحة ; اختلاف مصادر وتعريفات ودوريات تحديث البيانات بين الجهات ذات العلاقة ; محدودية جاهزية بعض البيانات والمؤشرات لتلبية احتياجات قطاع الأعمال ودعم تحليل البيئة والفرص الاقتصادية في المنطقة,رفع موثوقية وجودة ; بيانات المرصد الحضري ; المتاحة لقطاع الأعمال وصناع القرار ; تقليل الوقت والجهد اللازمين للوصول إلى البيانات والتحقق منها ; تعزيز عملية اتخاذ القرار بناءً على بيانات محدثة وموثوقة ; تعزيز التكامل والاتساق بين البيانات الواردة من الجهات القطاعية المختلفة ; رفع جاهزية المرصد الحضري لتوفير معلومات موثوقة تلبي احتياجات قطاع الأعمال,1) 1 سجل لمجموعات البيانات ذات الأولوية لقطاع الأعمال ومتطلبات جودتها ; 2) 1 تقرير لتقييم جودة البيانات وتحديد الفجوات والأولويات ; 3) 1 حزمة محدَثة للبيانات ذات الأولوية ; 4),517
