dimension,challenge,mitigation,initiatives_text,government_projects,expected_impact
الأصول الطبيعية,عدم الاستفادة الكاملة من الأصول الطبيعية والمناخية في توليد أثر اقتصادي وسياحي مستدام,تحويل الأصول الطبيعية إلى منتجات وتجارب سياحية قابلة للاستثمار، مع تنظيم استخدامها عبر التخطيط السياحي والعمراني وحماية الغابات والمنتزهات,تطوير المخطط السياحي وخارطة الوجهات والمشاريع ذات الأولوية وخطة تفعيلها في منطقة الباحة تطوير المخطط التفصيلي للمنتجات السياحية ذات الأولوية داخل النطاقات السياحية ورفع جاهزيتها للاستثمار والتشغيل في منطقة الباحة تطوير وتفعيل تجارب سياحية زراعية وغذائية قائمة على التجربة في منطقة الباحة تسويق وترويج وجهة الباحة كوجهة سياحية على مدار العام ( DMMO ),تطوير المنتزه الوطني الثاني عشر الهيجاء (التلال) توريد وتركيب اللوحات الارشادية في المناطق الجنوبية والجنوبية الغربية (الباحة) تأهيل غابات منطقة المدينة المنورة - عسير - نجران - الباحة - المرحلة الأولى تصميم وإنشاء منظومة لمر اقبة أراضي الغابات (المرحلة الأولى والثانية),رفع جاهزية الأصول الطبيعية للتشغيل السياحي ; تحويل المنتزهات والغابات إلى تجارب قابلة للزيارة ; تحسين تنظيم الوصول داخل المواقع الطبيعية ; تعزيز جاذبية الباحة كوجهة طبيعية ; دعم الإنفاق السياحي المرتبط بالطبيعة
الأصول الطبيعية,انخفاض الاستغلال الاقتصادي للأراضي الزراعية رغم توفر أراضٍ صالحة للزراعة,تحديد الأراضي الزراعية المناسبة والمحاصيل ذات الأولوية، وربط الموارد الزراعية بسلاسل القيمة والفرص الاستثمارية,تطوير المخطط التفصيلي الزراعي والإنتاج الحيواني ومواردهما الداعمة للاستثمار في منطقة الباحة تطوير الفرص الاستثمارية الزراعية الأيقونية في منطقة الباحة تطوير الفرص الاستثمارية للمنتجات الحيوانية الأيقونية في منطقة الباحة تطوير وتمكين الفرص الاستثمارية للصناعات الغذائية والتحويلية في منطقة الباحة,ردم وتحصين مشروع الآبار بمنطقة الباحة حفر عدد (5) آبار يدوية اعتراضية بوادي الجنابين مع تأمين مضخات المياه وانشاء خطوط لنقل المياه استكمال الأعمال المدنية والميكانيكية والكهربائية لسد وادي عردة بالباحة,رفع جاهزية الأراضي الزراعية للاستثمار ; تحسين توفر المياه للمواقع الزراعية ; توجيه الاستثمار نحو المحاصيل المجدية ; تمكين فرص زراعية قابلة للترويج ; دعم سلاسل القيمة الزراعية والغذائية
الأصول الطبيعية,ضعف تحويل المنتجات الزراعية المميزة مثل العسل والرمان والبن الشدوي إلى علامات ومنتجات ذات قيمة مضافة,تطوير سلاسل القيمة للمنتجات المحلية، وتحويل الإنتاج الأولي إلى منتجات مصنعة أو تجارب زراعية وغذائية قابلة للتسويق,تطوير الفرص الاستثمارية الزراعية الأيقونية في منطقة الباحة تطوير وتمكين الفرص الاستثمارية للصناعات الغذائية والتحويلية في منطقة الباحة تطوير وتفعيل تجارب سياحية زراعية وغذائية قائمة على التجربة في منطقة الباحة,,تطوير منتجات محلية أعلى قيمة ; تعزيز قابلية المنتجات للتصنيع والتسويق ; ربط المنتجات الزراعية بالتجارب السياحية ; دعم فرص الاستثمار في الصناعات الغذائية
الأصول الطبيعية,الحاجة إلى حماية الغابات والغطاء النباتي من التدهور مع تنامي الاستخدام السياحي والعمراني,ربط تنمية المواقع الطبيعية بإجراءات الحماية والمراقبة والتشغيل المستدام، وضمان عدم تحويل النمو السياحي إلى ضغط بيئي غير منظم,تطوير المخطط السياحي وخارطة الوجهات والمشاريع ذات الأولوية وخطة تفعيلها في منطقة الباحة تطوير المخطط التفصيلي للمنتجات السياحية ذات الأولوية داخل النطاقات السياحية ورفع جاهزيتها للاستثمار والتشغيل في منطقة الباحة تطوير المخططات العمرانية للمراكز والقرى في منطقة الباحة,تأهيل غابات منطقة المدينة المنورة - عسير - نجران - الباحة - المرحلة الأولى الحد من انتشار نباتات الهدال والعنم المتطفلة في غابات منطقة مكة المكرمة - عسير – الباحة تصميم وإنشاء منظومة لمراقبة أراضي الغابات (المرحلة الأولى والثانية) إنتاج الشتلات بمناطق الباحة - الجوف - مكة المكرمة,حماية الغابات من الاستخدام غير المنظم ; تحسين مراقبة أراضي الغابات ; مواءمة التنمية السياحية مع الاستدامة ; تقليل الضغط العمراني على الغطاء النباتي
الأصول الطبيعية,وجود أصول تعدينية غير مستثمرة بالشكل الأمثل ضمن نموذج التنمية المتوازن,التعامل مع الأصول التعدينية كفرص مستقبلية يتم تنسيقها مع الجهات القطاعية، مع ضمان عدم تعارضها مع السياحة والزراعة وحماية البيئة,,,حصر الفرص التعدينية المستقبلية ; تنسيق الاستغلال مع الجهات القطاعية ; ضمان التوازن مع السياحة والبيئة
السوق العقاري,محدودية الأصول العقارية عالية الجودة، خصوصًا الفنادق ومرافق الضيافة,تطوير فرص استثمارية سياحية واضحة وربطها بالمخططات السياحية ومناطق الجذب، بما يحسن جدوى الاستثمار في الضيافة والإيواء,تطوير المخطط التفصيلي للمنتجات السياحية ذات الأولوية داخل النطاقات السياحية ورفع جاهزيتها للاستثمار والتشغيل في منطقة الباحة تطوير الفرص الاستثمارية السياحية ذات الميزة التنافسية في منطقة الباحة تأهيل البيوت التراثية في منطقة الباحة للاستثمار من قبل المجتمع المحلي توحيد وتنسيق جهود دعم المستثمرين ومعالجة تحدياتهم في منطقة الباحة,,تحديد فرص ضيافة قابلة للاستثمار ; رفع وضوح الطلب السياحي للمستثمرين ; دعم تطوير مرافق إقامة نوعية
السوق العقاري,محدودية مرافق الترفيه ودور السينما والعروض العائلية,تطوير مرافق ترفيهية عائلية ومتعددة الاستخدامات وربطها بجودة الحياة وتجربة الزائر,تطوير المواقع والمراكز الترفيهية والعائلية في منطقة الباحة من قبل القطاع الخاص تسويق وترويج وجهة الباحة كوجهة سياحية على مدار العام ( DMMO ),انشاء ساحات و ممرات مشاه (بلدية بني حسن) مشروع إنشاء صالة مغطاة بالمدينة الجامعية بالعقيق,زيادة خيارات الترفيه العائلي ; تحسين جودة الحياة للسكان والزوار ; دعم تشغيل مرافق متعددة الاستخدامات
السوق العقاري,انخفاض عدد المطاعم والمقاهي النوعية مقارنة بحجم السكان والزوار,خلق طلب مستدام عبر تنويع التجارب السياحية والفعاليات والمراكز الترفيهية، وطرح فرص استثمارية في الأغذية والمشروبات,تطوير المواقع والمراكز الترفيهية والعائلية في منطقة الباحة من قبل القطاع الخاص تطوير الفرص الاستثمارية السياحية ذات الميزة التنافسية في منطقة الباحة تسويق وترويج وجهة الباحة كوجهة سياحية على مدار العام ( DMMO ),تتم تغطيته ضمن الأعمال اليومية للمكتب الاستراتيجي لتطوير منطقة الباحة من خلال تمكين المستثمرين وتنسيق الفرص مع الجهات ذات العلاقة,خلق طلب سياحي مستدام ; تحفيز فرص نوعية في الأغذية والمشروبات ; تحسين تجربة الزائر داخل الوجهة
السوق العقاري,تحديات في تصنيف وملكية الأراضي، ووجود أراضٍ زراعية داخل النطاق العمراني,تصنيف الاستخدامات الحالية والمستقبلية للأراضي، ورفع جودة بيانات استخدامات الأراضي وربطها بالتخطيط العمراني والريفي والأنشطة الاقتصادية والزراعية والسياحية,تطوير المخططات العمرانية للمراكز والقرى في منطقة الباحة تطوير المخطط التفصيلي الزراعي والإنتاج الحيواني ومواردهما الداعمة للاستثمار في منطقة الباحة رفع كفاءة وجودة بيانات المرصد الحضري في منطقة الباحة لدعم قطاع الأعمال,إعداد دراسات ورفوعات مساحية للطرق والمخططات الاستثمارية (بلدية محافظة العقيق) دراسات واشراف للأمانة والبلديات التابعة (تخطيط وتصميم الأراضي التابعة للأمانة) نظم المعلومات الجغرافية,تحسين وضوح استخدامات الأراضي ; دعم قرارات التخطيط والاستثمار ; تقليل تعارض الاستخدامات العمرانية والزراعية ; رفع جاهزية الأراضي للطرح الاستثماري
المحرك الاقتصادي,أداء اقتصادي دون الإمكانات المتاحة للمنطقة,بناء محرك اقتصادي قائم على السياحة والزراعة والصناعات المرتبطة، مع رفع مساهمة القطاع الخاص وتقليل تسرب القيمة خارج المنطقة,تطوير الفرص الاستثمارية السياحية ذات الميزة التنافسية في منطقة الباحة تطوير الفرص الاستثمارية الزراعية الأيقونية في منطقة الباحة تطوير الفرص الاستثمارية للمنتجات الحيوانية الأيقونية في منطقة الباحة تطوير وتمكين الفرص الاستثمارية للصناعات الغذائية والتحويلية في منطقة الباحة توحيد وتنسيق جهود دعم المستثمرين ومعالجة تحدياتهم في منطقة الباحة,استكمال تنفيذ تطوير مطار الملك سعود بالباحة استكمال ربط محافظة القرى بالعقيق مع التقاطع (23) كم بمنطقة الباحة استكمال ربط الباحة بطريق الرياض/الرين/بيشة بمنطقة مكة المكرمة,تفعيل محركات النمو السياحي والزراعي ; تحسين ربط المنطقة بالأسواق ; رفع مساهمة القطاع الخاص ; تقليل تسرب القيمة خارج المنطقة
المحرك الاقتصادي,ارتفاع بطالة السعوديين، خصوصًا بين النساء والشباب,ربط النمو الاقتصادي بفرص عمل محلية في السياحة والزراعة والثقافة وريادة الأعمال والخدمات المرتبطة,تطوير برامج تنمية مهارات سكان منطقة الباحة في القطاعات ذات الميز التنافسية بالتعاون مع القطاعين الخاص وغير الربحي تطوير وتفعيل تجارب سياحية زراعية وغذائية قائمة على التجربة في منطقة الباحة تطوير وتمكين الفرص الاستثمارية للصناعات الغذائية والتحويلية في منطقة الباحة تطوير المواقع والمراكز الترفيهية والعائلية في منطقة الباحة من قبل القطاع الخاص تطوير مشروع مركز السياحة الصحية في منطقة الباحة من قبل القطاع الخاص تطوير مشروع مركز الأداء الرياضي العالي في المرتفعات ( HA-HPC ) في منطقة الباحة من قبل القطاع الخاص تسويق وترويج وجهة الباحة كوجهة سياحية على مدار العام ( DMMO ),مشروع إنشاء كلية الطب,توسيع فرص العمل المحلية ; ربط المهارات بالقطاعات الواعدة ; دعم وظائف السياحة والزراعة والخدمات
المحرك الاقتصادي,محدودية مساهمة القطاع الخاص والاستثمار الأجنبي في المنطقة,تنويع المنتج السياحي على مدار العام وربطه بالفعاليات والتجارب الطبيعية والزراعية والثقافية والترفيهية,تطوير الفرص الاستثمارية السياحية ذات الميزة التنافسية في منطقة الباحة تطوير الفرص الاستثمارية الزراعية الأيقونية في منطقة الباحة تطوير الفرص الاستثمارية للمنتجات الحيوانية الأيقونية في منطقة الباحة تطوير وتمكين الفرص الاستثمارية للصناعات الغذائية والتحويلية في منطقة الباحة تفعيل المواقع التراثية البارزة في منطقة الباحة من قبل القطاعين الخاص وغير الربحي تأهيل البيوت التراثية في منطقة الباحة للاستثمار من قبل المجتمع المحلي تطوير المواقع والمراكز الترفيهية والعائلية في منطقة الباحة من قبل القطاع الخاص تطوير مشروع مركز السياحة الصحية في منطقة الباحة من قبل القطاع الخاص تطوير مشروع مركز الأداء الرياضي العالي في المرتفعات ( HA-HPC) في منطقة الباحة من قبل القطاع الخاص توحيد وتنسيق جهود دعم المستثمرين ومعالجة تحدياتهم في منطقة الباحة رفع كفاءة وجودة بيانات المرصد الحضري في منطقة الباحة لدعم قطاع الأعمال,استكمال تنفيذ تطوير مطار الملك سعود بالباحة إنشاء مرافق بلدية بقرية ذي عين بمحافظة المخواة,رفع جاهزية الفرص الاستثمارية ; تحسين جاذبية المواقع السياحية والتراثية ; تعزيز ثقة المستثمرين بالطلب المتوقع ; دعم مشاركة القطاع الخاص
المحرك الاقتصادي,ضعف تكامل سلاسل القيمة الزراعية والسياحية,استكمال سلسلة القيمة من الإنتاج إلى التصنيع والتسويق والتجربة السياحية، وربط المزارع والمنتجات المحلية بالزوار والأسواق,تطوير الفرص الاستثمارية الزراعية الأيقونية في منطقة الباحة تطوير وتمكين الفرص الاستثمارية للصناعات الغذائية والتحويلية في منطقة الباحة تطوير وتفعيل تجارب سياحية زراعية وغذائية قائمة على التجربة في منطقة الباحة تطوير المخطط التفصيلي للمنتجات السياحية ذات الأولوية داخل النطاقات السياحية ورفع جاهزيتها للاستثمار والتشغيل في منطقة الباحة,استكمال ربط محافظة القرى بالعقيق مع التقاطع (23) كم بمنطقة الباحة استكمال ربط الباحة بطريق الرياض/الرين/بيشة بمنطقة مكة المكرمة استكمال تنفيذ تطوير مطار الملك سعود بالباحة,ربط الإنتاج المحلي بالأسواق والزوار ; تحسين الوصول بين مواقع الإنتاج والتجربة ; دعم التكامل بين الزراعة والسياحة ; تعزيز قيمة المنتجات المحلية
المحرك الاقتصادي,محدودية الوجهات الجوية إلى مطار الباحة وتأثيرها على السياحة والاستثمار,تحسين الوصولية وربط تطوير المطار بجهود الترويج السياحي وجذب الاستثمار وزيادة الطلب المستدام,تسويق وترويج وجهة الباحة كوجهة سياحية على مدار العام ( DMMO ) تطوير الفرص الاستثمارية السياحية ذات الميزة التنافسية في منطقة الباحة تطوير المخطط السياحي وخارطة الوجهات والمشاريع ذات الأولوية وخطة تفعيلها في منطقة الباحة,استكمال تنفيذ تطوير مطار الملك سعود بالباحة,رفع جاهزية المطار لاستقبال الطلب ; دعم نمو الحركة السياحية والاستثمارية ; تحسين ربط الوجهة بالأسواق المستهدفة
التخطيط الحضري والمكاني,تقادم المخططات واحتياج المنطقة إلى تحديث شامل للتخطيط العمراني والريفي,تحديث التخطيط العمراني والريفي بناءً على البيانات المكانية والاقتصادية والاجتماعية، وربط التخطيط بالمحاور التنموية,تطوير المخططات العمرانية للمراكز والقرى في منطقة الباحة رفع كفاءة وجودة بيانات المرصد الحضري في منطقة الباحة لدعم قطاع الأعمال,دراسات واشراف للأمانة والبلديات التابعة (تخطيط وتصميم الأراضي التابعة للأمانة) إعداد دراسات ورفوعات مساحية للطرق والمخططات الاستثمارية (بلدية محافظة العقيق) نظم المعلومات الجغرافية,تحديث التخطيط العمراني والريفي ; مواءمة التخطيط مع الأولويات التنموية ; دعم قرارات التنمية المكانية
التخطيط الحضري والمكاني,غياب قاعدة بيانات جيومكانية موحدة للمنطقة,تطوير آلية موحدة لتصنيف ومتابعة المشاريع وربطها بالأثر التنموي والأولويات المكانية,تطوير المخططات العمرانية للمراكز والقرى في منطقة الباحة تطوير المخطط التفصيلي الزراعي والإنتاج الحيواني ومواردهما الداعمة للاستثمار في منطقة الباحة تطوير المخطط السياحي وخارطة الوجهات والمشاريع ذات الأولوية وخطة تفعيلها في منطقة الباحة رفع كفاءة وجودة بيانات المرصد الحضري في منطقة الباحة لدعم قطاع الأعمال,,توحيد البيانات المكانية الأساسية ; دعم قرارات التخطيط والاستثمار ; تحسين متابعة الأولويات المكانية
التخطيط الحضري والمكاني,العمران المتناثر وصعوبة موازنة التنمية بين المحافظات,توجيه التنمية عبر مراكز حضرية وريفية واضحة وربط التوسع بالخدمات والطرق والفرص الاقتصادية,تطوير المخططات العمرانية للمراكز والقرى في منطقة الباحة,,توجيه النمو نحو مراكز واضحة ; تحسين توزيع الخدمات بين المحافظات ; دعم تنمية عمرانية أكثر توازناً
التخطيط الحضري والمكاني,التشوه البصري وتشتت الهوية العمرانية,تفعيل الهوية العمرانية والبصرية وتحسين المشهد الحضري وربطها بالهوية السياحية والتراثية للمنطقة,تطوير المخططات العمرانية للمراكز والقرى في منطقة الباحة إطلاق الهوية الترويجية لمنطقة الباحة,تحسين المشهد الحضري للطرق المستلمة من وزارة النقل في مدينة الباحة تحسين وتطوير المنطقة المركزية مرحلة أولى تحسين وتطوير المنطقة المركزية مرحلة ثانية,تحسين المشهد الحضري للمواقع الرئيسية ; تعزيز الهوية العمرانية والبصرية ; رفع جاذبية المراكز الحضرية
التخطيط الحضري والمكاني,الزحف العمراني على البيئة الطبيعية,ضبط التوسع العمراني من خلال تصنيف الأراضي والاشتراطات التخطيطية وربط الموافقات بالاعتبارات البيئية,تطوير المخططات العمرانية للمراكز والقرى في منطقة الباحة تطوير المخطط التفصيلي الزراعي والإنتاج الحيواني ومواردهما الداعمة للاستثمار في منطقة الباحة,مشروع دراسة هيدرولوجية لمخطط الشروق ودراسة الأثر البيئي لفتح طريق بأمانة منطقة الباحة؛ نظم المعلومات الجغرافية,ضبط التوسع العمراني غير المنظم حماية المواقع الطبيعية الحساسة ربط الموافقات بالاعتبارات البيئية
البنية التحتية والخدمات,ارتفاع وفيات وإصابات الحوادث المرورية مقارنة بالمملكة,تحسين السلامة المرورية والاستجابة للطوارئ ورفع كفاءة الطرق ذات الخطورة العالية، مع تعزيز التنسيق بين النقل والمرور والهلال الأحمر,تطوير المخططات العمرانية للمراكز والقرى في منطقة الباحة,إنشاء وتجهيز مركز العمليات الأمنية الموحدة (911) بمنطقة الباحة توريد وتركيب مراكز إسعافية مطورة - المرحلة الثانية الأعمال المتبقية لمشروع الطرق الثانوية بمنطقة الباحة (المجموعة الرابعة ) الدائري الجزء السادس استكمال ربط محافظة القرى بالعقيق مع التقاطع (23) كم بمنطقة الباحة الأعمال المتبقية لازدواج الطريق الذي يربط منطقة الباحة بطريق الرياض / الرين / بيشة (16 كم ) المرحلة الرابعة,تحسين الاستجابة للطوارئ المرورية ; رفع كفاءة الطرق ذات الخطورة ; دعم السلامة على المحاور الرئيسية ; تقليل آثار الحوادث المرورية
البنية التحتية والخدمات,محدودية الوصولية اللوجستية بسبب الطرق الجبلية والعقبات,ربط مشاريع الطرق والمطار باحتياجات السياحة والزراعة وسلاسل القيمة، وتحديد أولويات الطرق ذات الأثر الاقتصادي والاجتماعي,تطوير المخطط السياحي وخارطة الوجهات والمشاريع ذات الأولوية وخطة تفعيلها في منطقة الباحة تطوير المخطط التفصيلي للمنتجات السياحية ذات الأولوية داخل النطاقات السياحية ورفع جاهزيتها للاستثمار والتشغيل في منطقة الباحة تطوير المخطط التفصيلي الزراعي والإنتاج الحيواني ومواردهما الداعمة للاستثمار في منطقة الباحة تطوير وتمكين الفرص الاستثمارية للصناعات الغذائية والتحويلية في منطقة الباحة,استكمال تنفيذ تطوير مطار الملك سعود بالباحة استكمال ربط محافظة القرى بالعقيق مع التقاطع (23) كم بمنطقة الباحة الأعمال المتبقية لاستكمال ازدواج طريق المخواة / المجاردة (الجزء الواقع بمنطقة الباحة ) استكمال ربط الباحة بطريق الرياض/الرين/بيشة بمنطقة مكة المكرمة ازدواج طريق المخواة / المجاردة (الجزء الواقع بمنطقة الباحة ) بطول (10.100) كلم,تحسين الربط بين المحافظات والأسواق ; رفع كفاءة الوصول للمواقع السياحية ; دعم حركة المنتجات الزراعية ; تقليل أثر العوائق الجبلية
البنية التحتية والخدمات,انخفاض تغطية شبكة الصرف الصحي مقارنة بالمتوسط الوطني,متابعة تنفيذ شبكات ومحطات الصرف الصحي وربطها بالتوسع العمراني والسياحي ومواقع الأولوية السكانية,تطوير المخططات العمرانية للمراكز والقرى في منطقة الباحة,تنفيذ محطة معالجة مياه الصرف الصحي بمدينة المندق بمنطقة الباحة (المرحلة الأولى) مشروع تنفيذ شبكات الصرف الصحي لمدينة قلوة بمنطقة الباحة (المرحلة الأولى) مشروع استكمال تنفيذ شبكة الصرف الصحي بمدينة الباحة (المرحلة الثانية ) بمنطقة الباحة مشروع تنفيذ محطة معالجة مياه الصرف الصحي لمدينة بلجرشي (المرحلة الاولى) تنفيذ محطة معالجة مياه الصرف الصحي لمدينة قلوة ( المرحلة الأولى ) بمنطقة الباحة مشروع تنفيذ شبكة الصرف الصحي بمحافظة المندق وقراها بمنطقة الباحة المرحلة الثانية تنفيذ شبكات الصرف الصحي بمحافظة بلجرشي - المرحلة الثالثة تنفيذ شبكات الصرف الصحي بمحافظة قلوة المرحلة الثانية تنفيذ شبكات الصرف الصحي - المرحلة الثالثة - بمحافظة العقيق تنفيذ شبكات الصرف الصحي بمحافظة العقيق بمنطقة الباحة - مرحلة ثانية مشروع استكمال ربط شبكات مياه الصرف الصحي في مواقع متفرقة من محافظات منطقة الباحة لخدمة طلبات التوصيلات المنزلية تنفيذ شبكات الصرف الصحي في محافظة المخواة – المرحلة الثالثة,توسيع تغطية شبكات الصرف ; رفع جاهزية البنية البلدية الأساسية ; دعم التوسع العمراني والسياحي المنظم
البنية التحتية والخدمات,فجوات في خدمات المياه في بعض المحافظات والمراكز,استكمال شبكات المياه والخزانات والخطوط الناقلة وربطها بالتوسع العمراني والريفي والمشاريع الزراعية والسياحية,تطوير المخططات العمرانية للمراكز والقرى في منطقة الباحة تطوير المخطط التفصيلي الزراعي والإنتاج الحيواني ومواردهما الداعمة للاستثمار في منطقة الباحة,"تنفيذ شبكات المياه بقلوة بالباحة استكمال ايصال المياه إلى عليب والشعراء وراخ ومواقع المدينة الصناعية بمنطقة الباحة استكمال مشروع تنفيذ محطتي تنقية مياه الشرب بمحافظتي المخواة وقلوة بمنطقة الباحة؛ إنشاء محطتي الضخ والخط الناقل للتغذية من خط الحياة بقلوة بمنطقة الباحة استكمال تنفيذ مناهل المياه وإنشاء خزان بالمزرع وخزان بمحافظة القرى بمنطقة الباحة مشروع استكمال شبكة مياه محافظة المندق المرحلة الخامسة بمنطقة الباحة تنفيذ توصيلات المياه المنزلية بمنطقة الباحة تنفيذ شبكات المياه م7 بالعقيق بالباحة إنشاء الخزان الاستراتيجي سعة (75,000) م3 في محافظة بلجرشي استكمال الخطوط الناقلة و شبكات المياه بقطاع محافظات السراة بمنطقة الباحة تنفيذ خزان وشبكة بني ظبيان بمنطقة الباحة إنشاء الخزان الاستراتيجي بقلوة بالباحة استكمال الخطوط الناقلة و شبكات المياه بمحافظات سهل تهامة بمنطقة الباحة تنفيذ مشروع نقل المياه إلى عدد من الأودية بمحافظتي المخواة وقلوة بمنطقة الباحة توريد وتنفيذ أعمال خطوط أنابيب نقل مياه عردة (المرحلة الثانية)",تحسين موثوقية إمدادات المياه ; توسيع التغطية في المحافظات المستهدفة ; دعم الاحتياج السكني والزراعي ; تعزيز جاهزية الخزانات والخطوط الناقلة
البنية التحتية والخدمات,ضعف توفر الرعاية الصحية التخصصية وارتفاع الإحالات الطبية خارج المنطقة,تحسين جاهزية المرافق الصحية والخدمات التخصصية، مع استثمار فرص الصحة والسياحة الاستشفائية المرتبطة بميزة المنطقة,تطوير مشروع مركز السياحة الصحية في منطقة الباحة من قبل القطاع الخاص,مشروع إنشاء كلية الطب مشروع تطوير وتجهيز أقسام العناية المركزة لحديثي الولادة والأطفال وكبار السن بمستشفى الملك فهد بالباحة (المرحلة الثانية) مشروع استحداث قسم الجناح النفسي وقسم الموقوفين بمستشفى الملك فهد تطوير غرف العزل بالعنايات المركزة وغرفة فحص الدرن بالمختبر وقسم الحروق بمستشفى الامير مشاري,رفع جاهزية الخدمات الصحية التخصصية ; تقليل الحاجة للإحالات خارج المنطقة ; دعم التخصصات الطبية ذات الأولوية ; تحسين جودة الحياة الصحية
البنية التحتية والخدمات,انخفاض نسبة اعتماد المستشفيات وضعف جودة بعض الخدمات الصحية,ربط مشاريع تطوير المرافق الصحية بمعايير الجودة والاعتماد وتحسين الجاهزية التشغيلية والخدمات المساندة,,مشروع تحسين شبكة الغازات الطبية بمستشفى الملك فهد مشروع توريد وتركيب واختبار خزانات اوكسجين لعدد2 بمستشفى المندق العام مشروع توريد وتركيب محطة تنقية مياه مستشفى قلوة العام؛ توريد وتركيب نظام إطفاء الحريق FM200 وتركيب نظام إطفاء الحريق الرش الآلي للدور الأول والثاني لمبنى العيادات لمستشفى الأمير مشاري تطوير مبنى k بمستشفى الملك فهد بالباحة مشروع تطوير مبنى الامداد والشئون الهندسية بصحة الباحة استبدال أرضيات الفنيل ببعض اقسام مستشفى الملك فهد,تحسين جاهزية المرافق الصحية ; دعم متطلبات الجودة والاعتماد ; رفع موثوقية الخدمات التشغيلية
البنية التحتية والخدمات,ارتفاع الأمية رغم وجود نتائج تعليمية جيدة لدى الأجيال الجديدة,التعامل مع الأمية وبرامج التعليم المستمر كمسار قطاعي ومجتمعي، مع ربطه باستبقاء السكان وجودة الحياة,تطوير برامج تنمية مهارات سكان منطقة الباحة في القطاعات ذات الميز التنافسية بالتعاون مع القطاعين الخاص وغير الربحي,استكمال إنشاء ثانوية القفيل وبني عاصم؛ انشاء ابتدائية ومتوسطة الحسن بن علي مشروع تأهيل مبنى المعهد العلمي؛ مشروع تأهيل كلية بني سار؛ مشروع ترميم المبنى الأكاديمي رقم (5) كلية التربية بالباحة,دعم مسارات التعليم المستمر ; تحسين الوصول للبرامج التعليمية المجتمعية ; تقليل فجوة المهارات الأساسية
البنية التحتية والخدمات,نظام تعليمي تقليدي ومحدودية المدارس الأهلية والعالمية,دعم تنويع الخيارات التعليمية والتدريبية وربط التعليم بالاقتصاد المحلي والقطاعات ذات الميزة التنافسية,تطوير برامج تنمية مهارات سكان منطقة الباحة في القطاعات ذات الميز التنافسية بالتعاون مع القطاعين الخاص وغير الربحي,استكمال إنشاء ثانوية القفيل وبني عاصم انشاء ابتدائية ومتوسطة الحسن بن علي مشروع تأهيل مبنى المعهد العلمي؛ مشروع تأهيل كلية بني سار مشروع إنشاء كلية الطب,دعم تنويع الخيارات التعليمية ; ربط التعليم باحتياجات الاقتصاد المحلي ; رفع جاذبية البيئة التعليمية للأسر
الثقافة والتراث,ضعف تفعيل التراث الطبيعي والعمراني كمحرك اقتصادي وسياحي,تحويل المواقع التراثية إلى منتجات وتجارب ثقافية وسياحية قابلة للتشغيل والاستثمار,إطلاق الهوية الترويجية لمنطقة الباحة تفعيل المواقع التراثية البارزة في منطقة الباحة من قبل القطاعين الخاص وغير الربحي تأهيل البيوت التراثية في منطقة الباحة للاستثمار من قبل المجتمع المحلي تسويق وترويج وجهة الباحة كوجهة سياحية على مدار العام ( DMMO ),إنشاء مرافق بلدية بقرية ذي عين بمحافظة المخواة,تحويل التراث إلى تجارب سياحية ; رفع جاهزية المواقع التراثية للتشغيل ; تعزيز الأثر الاقتصادي للتراث
الثقافة والتراث,عدم اكتمال هوية بصرية وترويجية موحدة للباحة,بناء هوية موحدة تربط الطبيعة والتراث والزراعة والثقافة، واستخدامها في الترويج السياحي والاستثماري,إطلاق الهوية الترويجية لمنطقة الباحة تسويق وترويج وجهة الباحة كوجهة سياحية على مدار العام ( DMMO ),,بناء هوية موحدة للمنطقة ; تحسين وضوح الرسائل الترويجية ; تعزيز تميز الباحة سياحياً واستثمارياً
الثقافة والتراث,محدودية استفادة المجتمع المحلي من البيوت والمواقع التراثية,تمكين المجتمع المحلي من الاستثمار في البيوت التراثية والتجارب الثقافية، ورفع قدرات التشغيل والتسويق,تفعيل المواقع التراثية البارزة في منطقة الباحة من قبل القطاعين الخاص وغير الربحي تأهيل البيوت التراثية في منطقة الباحة للاستثمار من قبل المجتمع المحلي تطوير برامج تنمية مهارات سكان منطقة الباحة في القطاعات ذات الميز التنافسية بالتعاون مع القطاعين الخاص وغير الربحي,إنشاء مرافق بلدية بقرية ذي عين بمحافظة المخواة,تمكين المجتمع من الاستثمار التراثي ; رفع قدرات التشغيل المحلي ; زيادة العائد المحلي من المواقع التراثية
الثقافة والتراث,ضعف ربط التراث غير المادي بالاقتصاد الإبداعي والسياحة,تحويل الأكلات والفنون والحرف والأسواق والمهرجانات إلى عناصر ضمن التجربة السياحية والفعاليات,إطلاق الهوية الترويجية لمنطقة الباحة تفعيل المواقع التراثية البارزة في منطقة الباحة من قبل القطاعين الخاص وغير الربحي تسويق وترويج وجهة الباحة كوجهة سياحية على مدار العام ( DMMO) تطوير وتفعيل تجارب سياحية زراعية وغذائية قائمة على التجربة في منطقة الباحة,,تحويل الفنون والحرف إلى تجارب ; ربط الأكلات والأسواق بالوجهة السياحية ; دعم الاقتصاد الإبداعي المحلي
المقومات الديموغرافية,ارتفاع الانتقال إلى خارج المنطقة، خصوصًا بين الشباب,خلق فرص اقتصادية محلية وتحسين جودة الحياة والخدمات والترفيه، بما يعزز جاذبية المنطقة للعيش والعمل,تطوير برامج تنمية مهارات سكان منطقة الباحة في القطاعات ذات الميز التنافسية بالتعاون مع القطاعين الخاص وغير الربحي تطوير المواقع والمراكز الترفيهية والعائلية في منطقة الباحة من قبل القطاع الخاص تطوير مشروع مركز السياحة الصحية في منطقة الباحة من قبل القطاع الخاص تطوير مشروع مركز الأداء الرياضي العالي في المرتفعات ( HA-HPC ) في منطقة الباحة من قبل القطاع الخاص تطوير وتمكين الفرص الاستثمارية للصناعات الغذائية والتحويلية في منطقة الباحة تسويق وترويج وجهة الباحة كوجهة سياحية على مدار العام ( DMMO ),مشروع إنشاء كلية الطب مشروع إنشاء صالة مغطاة بالمدينة الجامعية بالعقيق تطوير مركز صحي ناوان تطوير مركز صحي الشعراء؛ تطوير مركز صحي غامد الزناد,تحسين جاذبية العيش والعمل ; زيادة فرص الشباب محلياً ; تعزيز جودة الحياة والخدمات
المقومات الديموغرافية,فقدان جزء من الطاقات الشابة والكوادر الواعدة,ربط الشباب والكوادر بفرص التدريب وريادة الأعمال والقطاعات ذات الميزة التنافسية,تطوير برامج تنمية مهارات سكان منطقة الباحة في القطاعات ذات الميز التنافسية بالتعاون مع القطاعين الخاص وغير الربحي تطوير وتفعيل تجارب سياحية زراعية وغذائية قائمة على التجربة في منطقة الباحة تطوير المواقع والمراكز الترفيهية والعائلية في منطقة الباحة من قبل القطاع الخاص تطوير مشروع مركز السياحة الصحية في منطقة الباحة من قبل القطاع الخاص تطوير مشروع مركز الأداء الرياضي العالي في المرتفعات ( HA-HPC ) في منطقة الباحة من قبل القطاع الخاص,مشروع إنشاء كلية الطب استكمال إنشاء ثانوية القفيل وبني عاصم مشروع تأهيل كلية بني سار,ربط الشباب بفرص القطاعات الواعدة ; دعم مسارات التدريب والتمكين ; تعزيز بقاء الكفاءات في المنطقة
المقومات الديموغرافية,ارتفاع نسبة كبار السن مقارنة بالمملكة,مواءمة المشاريع الصحية والاجتماعية مع التركيبة السكانية واحتياجات كبار السن، مع تحسين جودة الحياة,تطوير مشروع مركز السياحة الصحية في منطقة الباحة من قبل القطاع الخاص تطوير المواقع والمراكز الترفيهية والعائلية في منطقة الباحة من قبل القطاع الخاص,مشروع تطوير وتجهيز أقسام العناية المركزة لحديثي الولادة والأطفال وكبار السن بمستشفى الملك فهد بالباحة (المرحلة الثانية) تطوير مركز صحي ناوان تطوير مركز صحي الشعراء؛ تطوير مركز صحي غامد الزناد,تحسين الخدمات الملائمة لكبار السن ; دعم الرعاية الصحية وجودة الحياة ; تهيئة مرافق صحية وترفيهية مناسبة
المقومات الديموغرافية,حجم سكاني منخفض يحد من جاذبية بعض الأنشطة الاقتصادية,تعويض محدودية الطلب المحلي عبر جذب الزوار والاستثمارات وزيادة مدة الإقامة وتطوير خدمات تخدم السكان والزوار معًا,تسويق وترويج وجهة الباحة كوجهة سياحية على مدار العام ( DMMO ) تطوير الفرص الاستثمارية السياحية ذات الميزة التنافسية في منطقة الباحة تطوير المواقع والمراكز الترفيهية والعائلية في منطقة الباحة من قبل القطاع الخاص تطوير مشروع مركز السياحة الصحية في منطقة الباحة من قبل القطاع الخاص تطوير مشروع مركز الأداء الرياضي العالي في المرتفعات ( HA-HPC ) في منطقة الباحة من قبل القطاع الخاص,استكمال تنفيذ تطوير مطار الملك سعود بالباحة,تعويض محدودية الطلب المحلي بالزوار ; رفع مدة الإقامة والإنفاق ; تحسين جاذبية الأنشطة الاستثمارية
المقومات الديموغرافية,ضعف استبقاء الكفاءات والأسر الشابة,تحسين البيئة الحضرية والخدمات والفرص الاقتصادية النوعية، وربطها بمبادرات جودة الحياة والاستثمار,تطوير المخططات العمرانية للمراكز والقرى في منطقة الباحة تطوير المواقع والمراكز الترفيهية والعائلية في منطقة الباحة من قبل القطاع الخاص تطوير مشروع مركز السياحة الصحية في منطقة الباحة من قبل القطاع الخاص تطوير مشروع مركز الأداء الرياضي العالي في المرتفعات ( HA-HPC ) في منطقة الباحة من قبل القطاع الخاص تطوير برامج تنمية مهارات سكان منطقة الباحة في القطاعات ذات الميز التنافسية بالتعاون مع القطاعين الخاص وغير الربحي,تحسين وتطوير المنطقة المركزية مرحلة أولى تحسين وتطوير المنطقة المركزية مرحلة ثانية مشروع إنشاء صالة مغطاة بالمدينة الجامعية بالعقيق مشروع إنشاء كلية الطب,تحسين البيئة الحضرية والخدمية ; توفير مرافق نوعية للأسر ; دعم فرص اقتصادية أكثر جاذبية
الحوكمة والمؤسسات والتخطيط,مركزية الحوكمة وتعدد الجهات ذات العلاقة,تفعيل دور المكتب كمنسق وممكّن بين الجهات، مع توحيد الأولويات ومتابعة المشاريع القطاعية في المنطقة,تسويق وترويج وجهة الباحة كوجهة سياحية على مدار العام ( DMMO ) تطوير المخطط السياحي وخارطة الوجهات والمشاريع ذات الأولوية وخطة تفعيلها في منطقة الباحة,,توحيد الأولويات بين الجهات ; تفعيل دور المكتب كمنسق تنموي ; تحسين متابعة المشاريع القطاعية
الحوكمة والمؤسسات والتخطيط,ضعف التنسيق الأفقي بين الجهات المحلية والقطاعية,بناء آليات تشغيلية للتنسيق بين الجهات، وربط المبادرات والمشاريع بالمخرجات والأثر,توحيد وتنسيق جهود دعم المستثمرين ومعالجة تحدياتهم في منطقة الباحة تسويق وترويج وجهة الباحة كوجهة سياحية على مدار العام ( DMMO ) تطوير المخططات العمرانية للمراكز والقرى في منطقة الباحة تطوير المخطط السياحي وخارطة الوجهات والمشاريع ذات الأولوية وخطة تفعيلها في منطقة الباحة,إشراف على تنفيذ مشاريع أمانة منطقة الباحة اشراف ومتايعة لمشاريع مخططات المنح بأمانة منطقة الباحة,تحسين التنسيق بين الجهات المعنية ; ربط المشاريع بالمخرجات والأثر ; تقليل ازدواجية الجهود التنفيذية
الحوكمة والمؤسسات والتخطيط,ضعف الرصد والمتابعة المبنية على البيانات,تأسيس قواعد بيانات ومؤشرات ومتابعة دورية للمشاريع والأثر السياحي والاستثماري والعمراني,تطوير المخططات العمرانية للمراكز والقرى في منطقة الباحة تطوير المخطط التفصيلي الزراعي والإنتاج الحيواني ومواردهما الداعمة للاستثمار في منطقة الباحة تسويق وترويج وجهة الباحة كوجهة سياحية على مدار العام ( DMMO ) فع كفاءة البيانات الحضرية في منطقة الباحة لدعم اتخاذ القرارات الاستثمارية,نظم المعلومات الجغرافية إنشاء وتجهيز مركز العمليات الأمنية الموحدة (911) بمنطقة الباحة,تعزيز المتابعة المبنية على البيانات ; دعم تقارير الأداء والأثر ; تحسين رصد المشاريع والمبادرات
الحوكمة والمؤسسات والتخطيط,عدم وضوح العلاقة بين المشاريع القائمة والمستهدفات التنموية,إعداد مصفوفة ربط بين التحديات والمشاريع والمبادرات والأثر الاجتماعي والاقتصادي وجودة الحياة,,تتم تغطيته ضمن الأعمال اليومية للمكتب الاستراتيجي لتطوير منطقة الباحة,-
الحوكمة والمؤسسات والتخطيط,محدودية جاهزية بعض الفرص الاستثمارية للترويج,تطوير حافظة فرص استثمارية قابلة للتمويل والترويج، وتبسيط الإجراءات وتفعيل الحوافز للمستثمرين.,تطوير الفرص الاستثمارية السياحية ذات الميزة التنافسية في منطقة الباحة تطوير الفرص الاستثمارية الزراعية الأيقونية في منطقة الباحة تطوير الفرص الاستثمارية للمنتجات الحيوانية الأيقونية في منطقة الباحة تطوير وتمكين الفرص الاستثمارية للصناعات الغذائية والتحويلية في منطقة الباحة تطوير المخطط التفصيلي للمنتجات السياحية ذات الأولوية داخل النطاقات السياحية ورفع جاهزيتها للاستثمار والتشغيل في منطقة الباحة توحيد وتنسيق جهود دعم المستثمرين ومعالجة تحدياتهم في منطقة الباحة رفع كفاءة وجودة بيانات المرصد الحضري في منطقة الباحة لدعم قطاع الأعمال,,تطوير فرص استثمارية قابلة للترويج ; تحسين جاهزية الحوافز والتمكين ; تسريع جذب المستثمرين للقطاعات الواعدة
