slide,sector,kind,text
550,-,note,تم عقد 5 ورش عمل مع مختلف فئات المجتمع والأعمال وذلك لضمان شمولية الاستراتيجية للتحديات الحالية...
550,-,note,المصادر: تحليل إستراتيجي أند
550,-,note,أبرز نقاط المناقشة والقطاعات المعنية
550,-,note,ما هي أبرز نقاط القوة للقطاع؟
550,-,note,ما هي أبرز نقاط الضعف التي تؤخر تطور القطاع؟
550,-,note,ما هي أبرز الفرص التي تود أن تراها ضمن القطاع؟
550,-,note,إذا كان لديك مقترح أساسي للتحسين، ما هو؟
550,-,note,ربات المنازل / غير العاملات، موظفات القطاع الحكومي، موظفات القطاع الخاص، العاملات المستقلات، الباحثات عن عمل، طالبات الجامعات، وغيرها.
550,-,note,المهنيون الشباب، طلاب الجامعات، طلاب المدارس الثانوية، الرياضيون، ممثلو المجالس الشبابية، وغيرها.
550,-,note,العاملين في قطاعات الاستثمار والسياحة
550,-,note,المدراء التنفيذيين، ملاك مكاتب السياحة، المستثمرون الصغار والكبار في منطقة الباحة، ملاك المتاحف، وغيرها.
550,-,note,العاملين في قطاع الزراعة
550,-,note,المزارعون، ممثلو الجمعيات التعاونية الزراعية، ممثلو السياحة الزراعية، وغيرها.
551,السياحة,note,... وتم الخروج بالنتائج التالية وتضمينها ضمن الأهداف الاستراتيجي لتطوير منطقة الباحة
551,السياحة,note,الأهداف الاستراتيجية ذات العلاقة
551,السياحة,note,المبادرات ذات العلاقة
551,السياحة,finding,"""اللجان التي تقيم فرص الاستثمار السياحي تفتقر إلى الخبرة الكافية."""
551,السياحة,finding,"""لا توجد دراسات واضحة لتقييم الطلب على القطاعات السياحية المختلفة."""
551,السياحة,finding,"""القطاعات التي تعزز السياحة مثل الرياضة لا تحظى بالدعم الكافي."""
551,السياحة,finding,"""ضعف التسويق والترويج لمنطقة الباحة كوجهة سياحية."""
551,السياحة,note,تعزيز الجاذبية الاستثمارية للباحة
551,السياحة,initiative,05.02 رفع كفاءة وجودة بيانات المرصد الحضري في منطقة الباحة لدعم قطاع الأعمال
551,السياحة,note,تنمية الطلب السياحي وزيادة عدد والعائد من الزوار
551,السياحة,note,تعزيز الجاذبية الاستثمارية للباحة
551,السياحة,initiative,01.01 تطوير المخطط السياحي وخارطة الوجهات والمشاريع ذات الأولوية وخطة تفعيلها في منطقة الباحة
551,السياحة,initiative,05.01 تنسيق وإدارة المشاريع التنموية ورفع جاهزيتها لتمكين قطاع الأعمال في منطقة الباحة
551,السياحة,note,تعزيز مكانة الباحة كوجهة للراحة والاستجمام
551,السياحة,initiative,04.03 تطوير مشروع مركز السياحة الصحية في منطقة الباحة من قبل القطاع الخاص
551,السياحة,note,تنمية الطلب السياحي وزيادة عدد والعائد من الزوار
551,السياحة,initiative,01.04 تسويق وترويج وجهة الباحة كوجهة سياحية على مدار العام (
551,السياحة,finding,"""المواقع التراثية والثقافية تفتقر إلى الصيانة اللازمة."""
551,السياحة,note,ترسيخ هوية ثقافية وبصرية وعمرانية أصيلة ومتكاملة
551,السياحة,initiative,03.02 تفعيل المواقع التراثية البارزة في منطقة الباحة من قبل القطاعين الخاص وغير الربحي
551,السياحة,initiative,03.03 تأهيل البيوت التراثية في منطقة الباحة للاستثمار من قبل المجتمع المحلي
552,الزراعة,note,... وتم الخروج بالنتائج التالية وتضمينها ضمن الأهداف الاستراتيجي لتطوير منطقة الباحة
552,الزراعة,finding,"""تفتقر منطقة الباحة إلى مصانع لتصنيع المنتجات الزراعية، مما يحد من الاستفادة من الإنتاج الزراعي.."""
552,الزراعة,finding,"""تبذل المنطقة جهودًا محدودة في البحث عن مصادر المياه الجوفية."""
552,الزراعة,finding,"""ضعف التسويق للمنتجات الزراعية يؤدي إلى إهدارها أو تخفيض الأسعار."""
552,الزراعة,finding,"""ضعف خدمات النقل والخدمات اللوجستية وارتفاع تكلفتها."""
552,الزراعة,note,الأهداف الاستراتيجية ذات العلاقة
552,الزراعة,note,المبادرات ذات العلاقة
552,الزراعة,note,تعزيز الصناعة الزراعية لزيادة نسبة القيمة المضافة لمنطقة الباحة
552,الزراعة,initiative,02.04 تطوير الفرص الاستثمارية في الصناعات الغذائية والتحويلية في منطقة الباحة
552,الزراعة,note,تحفيز كفاءة استخدام الموارد الطبيعية
552,الزراعة,initiative,02.01 تطوير المخطط التفصيلي الزراعي والإنتاج الحيواني ومواردهما الداعمة للاستثمار في منطقة الباحة
552,الزراعة,note,ترسيخ هوية ثقافية وبصرية وعمرانية أصيلة ومتكاملة لمنطقة الباحة
552,الزراعة,initiative,03.01 إطلاق الهوية الترويجية لمنطقة الباحة
552,الزراعة,note,تطوير بنية تحتية اقتصادية داعمة للقطاعات ذات الأولوية
552,الزراعة,initiative,05.01 تنسيق وإدارة المشاريع التنموية ورفع جاهزيتها لتمكين قطاع الأعمال في منطقة الباحة
553,الثقافة,note,... وتم الخروج بالنتائج التالية وتضمينها ضمن الأهداف الاستراتيجي لتطوير منطقة الباحة
553,الثقافة,finding,"""تفتقر مواقع الثقافة والتراث لدينا إلى الحفظ والصيانة المطلوبة."""
553,الثقافة,finding,"""معظم المواقع التراثية في الباحة هي مبادرات فردية، كما تفتقر المنطقة إلى الدعم الحكومي في هذا المجال."""
553,الثقافة,finding,"""بسبب ضعف التسويق، يفتقر كل من السكان والزوار إلى الوعي الكافي بالمواقع التراثية الغنية في منطقة الباحة."""
553,الثقافة,finding,"""يفتقر التراث الغني في المنطقة إلى سردية متكاملة ومسار تجربة مترابط."""
553,الثقافة,note,الأهداف الاستراتيجية ذات العلاقة
553,الثقافة,note,المبادرات ذات العلاقة
553,الثقافة,note,ترسيخ هوية ثقافية وبصرية وعمرانية أصيلة ومتكاملة لمنطقة الباحة
553,الثقافة,initiative,03.02 تفعيل المواقع التراثية البارزة في منطقة الباحة من قبل القطاعين الخاص وغير الربحي
553,الثقافة,note,تأهيل البيوت التراثية في منطقة الباحة للاستثمار من قبل المجتمع المحلي
553,الثقافة,note,ترسيخ هوية ثقافية وبصرية وعمرانية أصيلة ومتكاملة لمنطقة الباحة
553,الثقافة,note,الهوية الترويجية لمنطقة الباحة
553,الثقافة,initiative,03.02 تفعيل المواقع التراثية البارزة في منطقة الباحة من قبل القطاعين الخاص وغير الربحي
553,الثقافة,initiative,03.03 تأهيل البيوت التراثية في منطقة الباحة للاستثمار من قبل المجتمع المحلي
553,الثقافة,note,تنمية الطلب السياحي وزيادة عدد والعائد من الزوار
553,الثقافة,initiative,01.04 تسويق وترويج وجهة الباحة كوجهة سياحية على مدار العام (
553,الثقافة,note,تقديم تجربة سياحية متكاملة لزوار الباحة
553,الثقافة,initiative,01.02 تطوير المخطط التفصيلي للمنتجات السياحية ذات الأولوية داخل النطاقات السياحية ورفع جاهزيتها للاستثمار والتشغيل في منطقة الباحة
553,الثقافة,note,ترسيخ هوية ثقافية وبصرية وعمرانية أصيلة ومتكاملة لمنطقة الباحة
553,الثقافة,initiative,03.01 إطلاق الهوية الترويجية لمنطقة الباحة
553,الثقافة,note,ترسيخ هوية ثقافية وبصرية وعمرانية أصيلة ومتكاملة لمنطقة الباحة
553,الثقافة,initiative,03.01 إطلاق الهوية الترويجية لمنطقة الباحة
553,الثقافة,initiative,03.02 تفعيل المواقع التراثية البارزة في منطقة الباحة من قبل القطاعين الخاص وغير الربحي
