code,pillar,description,slide
OBJ-S01,السياحة,تعزيز تموضع منطقة الباحة كوجهة سياحية قائمة على المقومات الطبيعية والمناخية، من خلال تطوير تجارب وأنشطة سياحية متوافقة مع البيئة الطبيعية للمنطقة تشمل البيئات الجبلية والغابات والمزارع والمواقع ذات الطابع الهادئ، بما يستهدف الزوار المحليين والإقليميين الباحثين عن التجارب الطبيعية والمناخ المعتدل والابتعاد عن صخب المدن، ويسهم الهدف الاستراتيجي خلال فترة الاستراتيجية في تنويع المنتجات السياحية بالمنطقة,3
OBJ-S02,السياحة,تنمية الطلب السياحي على منطقة الباحة من خلال استهداف الأسواق المحلية والإقليمية والدولية ذات الأولوية، بما يسهم في زيادة أعداد الزوار، ورفع متوسط الإنفاق السياحي، واستقطاب شرائح زوار ذات قيمة اقتصادية أعلى، وتعظيم العائد الاقتصادي للسياحة على المنطقة,3
OBJ-S03,السياحة,رفع جودة وتكامل التجربة السياحية في منطقة الباحة عبر تحسين مستوى رضا الزوار عن عناصر التجربة الرئيسية، بما يشمل جودة الإيواء والخدمات والأنشطة والبنية التحتية السياحية، وتعزيز تكاملها بما ينعكس على رضا الزوار ورفع تنافسية الوجهة السياحية درجة مؤشر التوصية بالوجهة السياحية في الباحة -,3
OBJ-S04,الزراعة والصناعات المرتبطة,رفع إنتاج المنتجات الزراعية ذات الميزة النسبية في منطقة الباحة من خلال تحفيز وتطوير القطاع الزراعي وتعزيز قدرته الإنتاجية في المحاصيل المنتقاة ذات الأولوية,5
OBJ-S05,الزراعة والصناعات المرتبطة,تعميق سلاسل القيمة الزراعية والغذائية في منطقة الباحة,5
OBJ-S06,الزراعة والصناعات المرتبطة,تعزيز كفاءة واستدامة استخدام الموارد الطبيعية في القطاع الزراعي بمنطقة الباحة، خصوصًا المياه والأراضي الزراعية، من خلال رفع كفاءة الاستخدام، وتقليل الفاقد، وتبني الممارسات الزراعية المستدامة، بما يسهم في الحفاظ على استدامة الموارد الطبيعية، ودعم استمرارية الإنتاج الزراعي على المدى الطويل,5
OBJ-S07,هوية الباحة,ترسيخ هوية ثقافية وبصرية وعمرانية متسقة ومتميزة لمنطقة الباحة، تعكس الخصوصية التراثية والطبيعية والمعمارية للمنطقة، من خلال إعادة تأهيل المواقع التراثية وتفعيل الفعاليات الثقافية والسياحية والتراثية، بما يسهم في تعزيز الصورة الذهنية والتموضع الوطني للباحة كوجهة ذات طابع متفرد ومستدام,7
OBJ-S08,المجتمع المحلي,تعزيز مشاركة وتمكين سكان منطقة الباحة في القطاعات ذات الأولوية من خلال تطوير المهارات والقدرات عبر برامج التدريب والتأهيل، بما يسهم في رفع استفادة مختلف شرائح المجتمع من الفرص التنموية خلال فترة الاستراتيجية,9
OBJ-S09,المجتمع المحلي,تعزيز التنظيم المؤسسي للكيانات الاقتصادية المجتمعية في منطقة الباحة، بما يشمل التعاونيات والجمعيات الإنتاجية والكيانات المحلية المرتبطة بسلاسل القيمة ذات الأولوية، من خلال دعم تأسيسها وترخيصها واستمرارية عملها، بما يوسّع قاعدة الكيانات المجتمعية الاقتصادية المرخصة والعاملة، ويعزز تنظيم مشاركتها ضمن سلاسل القيمة ذات الأولوية,9
OBJ-S10,المنظومة التمكينية,تعزيز جاهزية البنية التحتية الداعمة للقطاعات ذات الأولوية في منطقة الباحة، من خلال زيادة الطاقة الاستيعابية لمرافق الإيواء السياحي وتحسين الربط الجوي للمنطقة,11
OBJ-S11,المنظومة التمكينية,تعزيز جاذبية وتنافسية البيئة الاستثمارية في منطقة الباحة للقطاعات ذات الأولوية، من خلال تحسين بيئة الأعمال، ورفع وضوح الفرص الاستثمارية، بوصفها عوامل تمكينية تقود إلى جذب استثمارات نوعية ومستدامة وزيادة إجمالي الاستثمارات الخاصة المنفذة في القطاعات ذات الأولوية، ودعم النمو الاقتصادي للمنطقة,11
