kpi_number,objective,kpi_code,kpi
K1.1,OBJ-S01,KPI-12,عدد وجهات الاستجمام المفعلة في منطقة الباحة
K2.1,OBJ-S02,KPI-13,عدد الزوار السياحيين لمنطقة الباحة
K2.2,OBJ-S02,KPI-14,إجمالي الإنفاق السياحي السنوي في منطقة الباحة
K3.1,OBJ-S03,KPI-15,درجة مؤشر التوصية بالوجهة السياحية في الباحة - NPS
K3.2,OBJ-S03,KPI-16,نسبة رضا الزوار عن التجربة السياحية في منطقة الباحة
K4.1,OBJ-S04,KPI-17,إجمالي حجم إنتاج منطقة الباحة من المنتجات الزراعية المنتقاة بالطن
K5.1,OBJ-S05,KPI-18,عدد منشآت الصناعات الغذائية التحويلية المرخصة في منطقة الباحة
K6.1,OBJ-S06,KPI-19,معدل كفاءة الإنتاج الزراعي لكل متر مكعب من المياه المستخدمة
K7.1,OBJ-S07,KPI-20,نسبة المواقع التراثية المعاد تأهيلها في منطقة الباحة
K7.2,OBJ-S07,KPI-21,عدد الفعاليات الثقافية والسياحية والتراثية المقامة في منطقة الباحة
K8.1,OBJ-S08,KPI-22,عدد خريجي برامج التدريب والتأهيل في القطاعات ذات الأولوية
K9.1,OBJ-S09,KPI-23,عدد الكيانات المجتمعية الاقتصادية المرخصة في منطقة الباحة
K10.1,OBJ-S10,KPI-24,إجمالي عدد مفاتيح مرافق الإيواء السياحي المرخصة في منطقة الباحة
K10.2,OBJ-S10,KPI-25,إجمالي عدد المسافرين عبر مطار الباحة سنويًا
K11.1,OBJ-S11,KPI-26,إجمالي قيمة الاستثمارات الخاصة المنفذة في القطاعات ذات الأولوية بمنطقة الباحة
