code,name,start_label,end_label,capital,operational,is_project,slide
01.01,مشروع تطوير المخطط السياحي وخارطة الوجهات والمشاريع ذات الأولوية وخطة تفعيلها,Q1 السنة الأولى,Q 3 السنة الثالثة,12000000,0,,4
01.01,الإعداد وإطلاق نطاق الأعمال,Q1 السنة الأولى,Q1 السنة الأولى,600000,0,,4
01.01,دراسة الوضع الراهن,Q 1 السنة الأولى,Q2 السنة الأولى,900000,0,,4
01.01,تقييم المقومات والفرص السياحية,Q2 السنة الأولى,Q3 السنة الأولى,1200000,0,,4
01.01,صياغة الرؤية والتوجهات التخطيطية,Q3 السنة الأولى,Q4 السنة الأولى,200000,0,,4
01.01,إعداد المخطط الهيكلي السياحي (الخارطة السياحية),Q4 السنة الأولى,Q1 السنة الثانية,1800000,0,,4
01.01,إعداد المخططات التفصيلية للمواقع,Q1 السنة الثانية,Q3 السنة الثانية,3600000,0,,4
01.01,إعداد الأطر التنظيمية والتنفيذية,Q3 السنة الثانية,Q1 السنة الثالثة,1400000,0,,4
01.01,إطار واضح لإدارة الوجهة السياحية,Q4 السنة الثانية,Q2 السنة الثالثة,1200000,0,,4
01.01,الاعتماد وخطة التفعيل المرحلي,Q2 السنة الثالثة,Q3 السنة الثالثة,1100000,0,,4
01.02,مشروع تطوير المخططات التفصيلية للمنتجات السياحية ذات الأولوية داخل النطاقات السياحية,Q1 السنة الأولى,Q4 السنة الثالثة,23000000,0,,9
01.02,دراسة وتحليل النطاقات السياحية,Q1 السنة الأولى,Q1 السنة الأولى,1000000,0,,9
01.02,دراسة وتحليل الممكنات والبنية التحتية,Q2 السنة الأولى,Q2 السنة الأولى,1000000,0,,9
01.02,إعداد الرؤية التصميمية للمواقع,Q2 السنة الأولى,Q3 السنة الأولى,1700000,0,,9
01.02,دراسة وتحليل الميز التنافسية للمواقع,Q3 السنة الأولى,Q1 السنة الثانية,1200000,0,,9
01.02,إعداد المخططات التفصيلية,Q2 السنة الثانية,Q2 السنة الثالثة,10000000,0,,9
01.02,وضع تصور للتجارب والمنتجات السياحية,Q3 السنة الثالثة,Q2 السنة الثالثة,1000000,0,,9
01.02,إعداد حزم ومخططات التطوير الاستثمارية,Q4 السنة الثانية,Q3 السنة الثالثة,3200000,0,,9
01.02,خطة التنفيذ والتشغيل المرحلي,Q3 السنة الثالثة,Q4 السنة الثالثة,3900000,0,,9
01.02,مشروع تطوير وتصميم تجربة الزائر والنموذج التشغيلي للمنتجات السياحية ذات الأولوية,Q2 السنة الثالثة,Q4 السنة الثالثة,0,2000000,,9
01.02,حصر جميع التجارب والمنتجات المقترحة على كل موقع مع عمل المقارنة المعيارية,Q2 السنة الثالثة,Q4 السنة الثالثة,0,600000,,9
01.02,وضع التصور الشامل للرحلة السياحية في النطاق السياحي,Q2 السنة الثالثة,Q4 السنة الثالثة,0,800000,,9
01.02,رزنامة المنتجات والتجارب السياحية المتنوعة على كل نطاق سياحي,Q2 السنة الثالثة,Q4 السنة الثالثة,0,600000,,9
01.03,مشروع تطوير الفرص الاستثمارية السياحية والترويج لها,Q1 السنة الأولى,Q3 السنة الثالثة,0,0,,14
01.03,تحليل واقع المواقع السياحية وتقييم جاهزيتها السياحية والاستثمارية,Q2 السنة الأولى,Q1 السنة الأولى,0,0,,14
01.03,دراسة الفجوات السياحية في المنتجات المتوفرة في المنطقة,Q3 السنة الأولى,Q4 السنة الأولى,0,0,,14
01.03,إجراء المقارنات المعيارية مع الوجهات السياحية المشابهة محلياً ودولياً,Q4 السنة الأولى,Q4 السنة الأولى,0,0,,14
01.03,تطوير فرص استثمارية سياحية بناءً على نتائج التحليل والدراسات.,Q4 السنة الأولى,Q1 السنة الثانية,0,0,,14
01.03,إعداد ملفات الفرص الاستثمارية الجاهزة للطرح على المستثمرين,Q2 السنة الثانية,Q1 السنة الثالثة,0,0,,14
01.03,تطوير محفظة استثمارية سياحية متكاملة للمنطقة,Q2 السنة الثانية,Q3 السنة الثالثة,0,0,,14
01.03,تمكين منظومة الاستثمار والترويج للفرص الاستثمارية وجذب المستثمرين بالاستفادة من الهيئات والمنصات الحكومية ذات العلاقة,Q3 السنة الثالثة,Q3 السنة الثالثة,0,0,,14
01.04,مشروع دعم تطوير وإقامة الفعاليات والتجارب السياحية,Q1 السنة الأولى,Q4 السنة الرابعة,0,6000000,,19
01.04,تحديد وتطوير روزنامة الفعاليات والتجارب السياحية,Q1 السنة الأولى,Q1 السنة الأولى,0,2000000,,19
01.04,إطلاق وتنفيذ الفعاليات والتجارب السياحية التجريبية,Q2 السنة الأولى,Q4 السنة الرابعة,0,2000000,,19
01.04,تقييم الأداء وتوسيع نطاق الفعاليات الناجحة,Q3 السنة الأولى,Q4 السنة الرابعة,0,1000000,,19
01.04,مشروع التسويق والترويج السياحي,Q2 السنة الأولى,Q4 السنة الرابعة,0,12000000,,19
01.04,ا عداد استراتيجية وخطة تسويق وترويج سياحي متكاملة,Q2 السنة الأولى,Q4 السنة الرابعة,0,6500000,,19
01.04,تنفيذ الحملات التسويقية والترويجية عبر القنوات الرقمية والإعلامية,Q3 السنة الأولى,Q4 السنة الرابعة,0,4500000,,19
01.04,متابعة أداء الحملات وتحسينها بناءً على مؤشرات الأداء واستجابة الزوار,Q4 السنة الأولى,Q4 السنة الرابعة,0,2000000,,19
01.04,مشروع قياس الأداء السياحي,Q1 السنة الأولى,Q4 السنة الرابعة,0,2000000,,19
01.04,تصميم إطار ومؤشرات قياس الأداء السياحي,Q1 السنة الأولى,Q1 السنة الأولى,0,1000000,,19
01.04,تطوير آليات جمع البيانات وتحليلها من الجهات المعنية والقطاع الخاص,Q1 السنة الأولى,Q2 السنة الأولى,0,500000,,19
01.04,إعداد تقارير دورية لقياس الأداء السياحي,Q3 السنة الأولى,Q4 السنة الرابعة,0,500000,,19
02.01,دراسة وتحليل المواقع الزراعية,Q1 السنة الأولى,Q2 السنة الأولى,0,1900000,,25
02.01,دراسة وتحليل الخصائص الطبيعية والبيئية,Q2 السنة الأولى,Q3 السنة الأولى,0,1900000,,25
02.01,تحديد وتصنيف الأراضي الزراعية الصالحة للتنمية,Q3 السنة الأولى,Q4 السنة الأولى,0,1900000,,25
02.01,تقييم الموارد المائية وبدائلها,Q2 السنة الأولى,Q2 السنة الثانية,0,1900000,,25
02.01,تحليل منظومة الإنتاج الحيواني,Q4 السنة الأولى,Q2 السنة الثانية,0,1900000,,25
02.01,تحديد المنتجات الأيقونية,Q2 السنة الثانية,Q3 السنة الثانية,0,1900000,,25
02.01,إعداد المخطط التفصيلي الزراعي,Q1 السنة الثانية,Q4 السنة الثانية,0,6000000,,25
02.01,إطلاق قاعدة بيانات زراعية للباحة,Q4 السنة الثانية,Q2 السنة الثالثة,0,1900000,,25
02.01,خطة التنفيذ والتمكين الاستثماري,Q4 السنة الثانية,Q3 السنة الثالثة,0,5700000,,25
02.02,مشروع تطوير الفرص الاستثمارية الزراعية والترويج لها,Q1 السنة الأولى,Q1 السنة الثالثة,0,3600000,,31
02.02,تحليل الوضع الراهن,Q1 السنة الأولى,Q2 السنة الأولى,0,400000,,31
02.02,إجراء المقارنات المعيارية,Q2 السنة الأولى,Q3 السنة الأولى,0,300000,,31
02.02,إعداد قائمة الفجوات الاستثمارية,Q3 السنة الأولى,Q4 السنة الأولى,0,300000,,31
02.02,إعداد قائمة الفرص الاستثمارية,Q4 السنة الأولى,Q2 السنة الثانية,0,700000,,31
02.02,تطوير وثائق الفرصة الاستثمارية,Q2 السنة الثانية,Q3 السنة الثانية,0,1200000,,31
02.02,تطوير خطة الاستقطاب وتفعيله,Q3 السنة الثانية,Q1 السنة الثالثة,0,700000,,31
02.02,إعداد دليل الفرص الزراعية في الباحة,Q2 السنة الثانية,Q1 السنة الثالثة,0,1200000,,32
02.02,حصر وتحليل الفرص الاستثمارية الزراعية,Q2 السنة الثانية,Q3 السنة الثانية,0,700000,,32
02.02,إعداد ونشر دليل الفرص الزراعية,Q3 السنة الثانية,Q4 السنة الثانية,0,500000,,32
02.02,تنظيم ملتقى المستثمرين الزراعيين,Q3 السنة الثانية,Q1 السنة الثالثة,0,1200000,,32
02.02,الإعداد والتنسيق للملتقى الاستثماري الزراعي,Q3 السنة الثانية,Q4 السنة الثانية,0,500000,,32
02.02,تنفيذ الملتقى وعرض الفرص الاستثمارية الزراعية,Q4 السنة الثانية,Q1 السنة الثالثة,0,700000,,32
02.02,دراسة تطوير منظومة سياحة زراعية,Q2 السنة الثانية,Q1 السنة الثالثة,0,1000000,,32
02.02,تحليل مقومات السياحة الزراعية في المنطقة,Q3 السنة الثانية,Q4 السنة الثانية,0,400000,,32
02.02,إعداد تصور لتطوير منظومة السياحة الزراعية,Q4 السنة الثانية,Q1 السنة الثالثة,0,600000,,32
02.03,تطوير وتجهيز الفرص الاستثمارية للمنتجات الحيوانية الأيقونية,Q1 السنة الأولى,Q1 السنة الثالثة,0,2000000,,38
02.03,تحليل واقع قطاع الإنتاج الحيواني وتقييم الموارد المتاحة وجاهزية الأراضي للاستثمار.,Q1 السنة الأولى,Q2 السنة الأولى,0,200000,,38
02.03,دراسة الفجوات في منتجات الثروة الحيوانية وسلاسل الإمداد في المنطقة.,Q2 السنة الأولى,Q3 السنة الأولى,0,200000,,38
02.03,إجراء المقارنات المعيارية مع المناطق المشابهة في محلياً ودولياً.,Q3 السنة الأولى,Q4 السنة الأولى,0,200000,,38
02.03,تطوير فرص استثمارية في الإنتاج الحيواني بناءً على نتائج والدراسات,Q4 السنة الأولى,Q1 السنة الثانية,0,200000,,38
02.03,إعداد ملفات الفرص الاستثمارية في الثروة الحيوانية الجاهزة للطرح على المستثمرين.,Q1 السنة الثانية,Q3 السنة الثانية,0,500000,,38
02.03,تطوير محفظة استثمارية لقطاع الثروة الحيوانية في المنطقة.,Q2 السنة الثانية,Q4 السنة الثالثة,0,500000,,38
02.03,تمكين منظومة الاستثمار وترويج الفرص الاستثمارية وجذب المستثمرين لقطاع الإنتاج الحيواني.,Q4 السنة الثانية,Q1 السنة الثالثة,0,200000,,38
02.03,دراسة تطوير أسواق الماشية المحلية,Q 1 السنة الثانية,Q3 السنة الثانية,0,600000,,38
02.03,تحليل واقع إنتاج واستهلاك الأعلاف في المنطقة,Q 1 السنة الثانية,Q 2 السنة الثانية,0,400000,,38
02.03,إعداد توصيات وخطة دعم لتنمية إنتاج الأعلاف المحلية,Q 2 السنة الثانية,Q3 السنة الثانية,0,200000,,38
02.03,دراسة دعم الأعلاف المحلية,Q 1 السنة الثانية,Q4 السنة الثانية,0,400000,,39
02.03,تحليل واقع إنتاج واستهلاك الأعلاف في المنطقة,Q 1 السنة الثانية,Q 2 السنة الثانية,0,200000,,39
02.03,إعداد توصيات وخطة دعم لتنمية إنتاج الأعلاف المحلية,Q 3 السنة الثانية,Q4 السنة الثانية,0,200000,,39
02.04,مشروع تطوير وتمكين الفرص الاستثمارية للصناعات الغذائية والتحويلية,Q1 السنة الأولى,Q1 السنة الثالثة,0,1500000,,45
02.04,تحليل واقع قطاع التصنيع والتحويل الغذائي وتقييم الموارد المتاحة والخدمات اللوجستية,Q1 السنة الأولى,Q2 السنة الأولى,0,300000,,45
02.04,دراسة الفجوات في منتجات التصنيع والتحويل الغذائي وسلاسل الإمداد في المنطقة,Q2 السنة الأولى,Q3 السنة الأولى,0,300000,,45
02.04,إجراء المقارنات المعيارية مع المناطق المشابهة في قطاع التصنيع والتحويل الغذائي محليًا ودوليًا,Q3 السنة الأولى,Q4 السنة الأولى,0,300000,,45
02.04,تطوير فرص استثمارية في قطاع التصنيع والتحويل الغذائي بناءً على نتائج التحليل والدراسات,Q1 السنة الثانية,Q3 السنة الثانية,0,350000,,45
02.04,تمكين منظومة الاستثمار وترويج الفرص الاستثمارية وجذب المستثمرين لقطاع التصنيع الغذائي,Q3 السنة الثانية,Q1 السنة الثالثة,0,250000,,45
02.04,دراسة إنشاء سوق منتجات المزارعين,Q1 السنة الأولى,Q4 السنة الأولى,0,0,,46
02.04,تحليل العرض والطلب وتحديد النموذج المناسب للسوق,Q1 السنة الأولى,Q2 السنة الأولى,0,0,,46
02.04,إعداد دراسة الجدوى وخطة التنفيذ لإنشاء السوق,Q2 السنة الأولى,Q4 السنة الأولى,0,0,,46
02.04,دراسة دعم المنتجات المحلية (العسل – الرمان (,Q1 السنة الأولى,Q4 السنة الأولى,0,500000,,46
02.04,تحليل سلاسل القيمة للمنتجات المحلية,Q1 السنة الأولى,Q4 السنة الأولى,0,350000,,46
02.04,إعداد برنامج دعم المنتج المحلي وخطة التنفيذ,Q2 السنة الأولى,Q4 السنة الأولى,0,150000,,46
02.05,تطوير وتفعيل التجارب السياحية الزراعية والغذائية القائمة على التجربة,Q1 السنة الأولى,Q1 السنة الثالثة,0,1000000,,52
02.05,التجارب السياحية الزراعية والغذائية,Q1 السنة الأولى,Q3 السنة الأولى,0,400000,,52
02.05,الأدلة الارشادية والمعيارية,Q2 السنة الأولى,Q4 السنة الأولى,0,200000,,52
02.05,الترويج والتمكين للمزارعين والإطلاق التجريبي,Q1 السنة الثانية,Q1 السنة الثالثة,0,400000,,52
02.05,دراسة مسارات السياحة الزراعية,Q2 السنة الأولى,Q2 السنة الثانية,0,0,,53
02.05,حصر المزارع والمواقع الزراعية المناسبة للمسارات السياحية,Q2 السنة الأولى,Q3 السنة الأولى,0,0,,53
02.05,إعداد تصميم المسارات وخطة تطوير التجارب السياحية الزراعية,Q3 السنة الأولى,Q2 السنة الثانية,0,0,,53
02.05,مهرجانات المزارع الموسمية,Q3 السنة الأولى,Q1 السنة الثالثة,0,0,,53
02.05,تحديد المزارع المشاركة وتصميم مفهوم المهرجانات الزراعية,Q3 السنة الأولى,Q4 السنة الأولى,0,0,,53
02.05,إطلاق المهرجانات التجريبية وتنفيذ خطة التسويق والتنظيم,Q4 السنة الأولى,Q4 السنة الثانية,0,0,,53
02.05,برنامج المزرعة إلى المائدة,Q3 السنة الأولى,Q1 السنة الثالثة,0,0,,53
02.05,تحديد المزارع تصميم تجربة البرنامج,Q3 السنة الأولى,Q4 السنة الأولى,0,0,,53
02.05,إطلاق البرنامج التجريبي وتطوير آلية التشغيل والتسويق,Q1 السنة الثانية,Q1 السنة الثالثة,0,0,,53
03.01,مشروع إطلاق هوية سياحية متكاملة لمنطقة الباحة,Q1 السنة الأولى,Q2 السنة الثالثة,0,5000000,,59
03.01,إعداد خطة إطلاق وتفعيل الهوية,Q1 السنة الأولى,Q2 السنة الأولى,0,500000,,59
03.01,تطبيق الهوية على المبادرات والمواد ونقاط الاتصال,Q2 السنة الأولى,Q4 السنة الأولى,0,1000000,,59
03.01,تنفيذ إطلاق الهوية والحملات الترويجية,Q3 السنة الأولى,Q4 السنة الثانية,0,3100000,,59
03.01,قياس الأثر,Q2 السنة الثانية,Q2 السنة الثالثة,0,400000,,59
03.02,مشروع تفعيل المواقع التراثية البارزة,Q1 السنة الأولى,Q2 السنة الثالثة,0,0,,64
03.02,حصر المواقع والمنتجات التراثية,Q1 السنة الأولى,Q2 السنة الأولى,0,0,,64
03.02,تطوير التصور والنموذج التجاري والمالي,Q2 السنة الأولى,Q4 السنة الأولى,0,0,,64
03.02,استقطاب وتمكين القطاعين الخاص وغير الربحي للتفعيل,Q4 السنة الأولى,Q3 السنة الثانية,0,0,,64
03.02,الترويج السياحي للزوار,Q2 السنة الثانية,Q1 السنة الثالثة,0,0,,64
03.02,قياس الأثر,Q3 السنة الثانية,Q2 السنة الثالثة,0,0,,64
03.03,مشروع إعداد خطة لتأهيل البيوت التراثية في منطقة الباحة وتحويلها إلى نُزل ضيافة سياحية,Q1 السنة الأولى,Q2 السنة الثالثة,0,0,,69
03.03,التصور والنماذج الاستثمارية,Q1 السنة الأولى,Q3 السنة الأولى,0,0,,69
03.03,خطة عمل,Q2 السنة الأولى,Q4 السنة الأولى,0,0,,69
03.03,تمكين المجتمع المحلي,Q 1 السنة الثاني,Q2 السنة الثالثة,0,0,,69
04.01,إعداد واعتماد المخططات العمرانية للمراكز والقرى,Q1 السنة الأولى,Q2 السنة الثالثة,0,0,,75
04.01,دراسة وتحليل الوضع العمراني للمراكز والقرى,Q1 السنة الأولى,Q2 السنة الأولى,0,0,,75
04.01,تحديث البيانات المكانية والاجتماعية والاقتصادية للمراكز والقرى,Q1 السنة الأولى,Q3 السنة الأولى,0,0,,75
04.01,تقييم الموارد الطبيعية والبنية التحتية,Q2 السنة الأولى,Q4 السنة الأولى,0,0,,75
04.01,تحليل استخدامات الأراضي والأنشطة الاقتصادية,Q3 السنة الأولى,Q2 السنة الثانية,0,0,,75
04.01,إعداد المخططات العمرانية التفصيلية للمراكز,Q1 السنة الثانية,Q3 السنة الثانية,0,0,,75
04.01,إعداد المخططات العمرانية التفصيلية للقرى,Q1 السنة الثانية,Q3 السنة الثانية,0,0,,75
04.01,صياغة السياسات والضوابط التخطيطية,Q4 السنة الثانية,Q2 السنة الثالثة,0,0,,75
04.01,تفعيل الكود العمراني وتطبيقاته,Q1 السنة الثالثة,Q2 السنة الثالثة,0,0,,75
04.02,دراسة إنشاء مراكز ترفيهية متكاملة,Q1 السنة الأولى,Q2 السنة الثالثة,0,0,,80
04.02,حصر الاحتياج والتوزيع المكاني,Q1 السنة الأولى,Q2 السنة الأولى,0,0,,80
04.02,تطوير النموذج التجاري والمالي,Q2 السنة الأولى,Q4 السنة الأولى,0,0,,80
04.02,حصر المحفزات وتمكين المستثمرين,Q1 السنة الثانية,Q2 السنة الثالثة,0,0,,80
04.03,تطوير وطرح مشروع مركز السياحة الصحية,Q1 السنة الأولى,Q2 السنة الثالثة,0,0,,85
04.03,تحليل الاحتياج واختيار الموقع,Q1 السنة الأولى,Q2 السنة الأولى,0,0,,85
04.03,إجراء المقارنات المعيارية,Q2 السنة الأولى,Q3 السنة الأولى,0,0,,85
04.03,تحديد الخدمات والتصور الفني,Q3 السنة الأولى,Q4 السنة الأولى,0,0,,85
04.03,تطوير النموذج التجاري والمالي,Q4 السنة الأولى,Q1 السنة الثانية,0,0,,85
04.03,تحديد المحفزات والمتطلبات,Q1 السنة الثانية,Q2 السنة الثانية,0,0,,85
04.03,إعداد وطرح الفرصة الاستثمارية,Q2 السنة الثانية,Q3 السنة الثانية,0,0,,85
04.03,استقطاب المستثمرين,Q3 السنة الثانية,Q2 السنة الثالثة,0,0,,85
04.04,تطوير وطرح مشروع مركز الأداء الرياضي العالي في المرتفعات ( HA-HPC ),Q1 السنة الأولى,Q2 السنة الثالثة,0,0,,90
04.04,تحليل الاحتياج واختيار الموقع,Q1 السنة الأولى,Q2 السنة الأولى,0,0,,90
04.04,إجراء المقارنات المعيارية,Q2 السنة الأولى,Q3 السنة الأولى,0,0,,90
04.04,تحديد المرافق والتصور الفني,Q3 السنة الأولى,Q4 السنة الأولى,0,0,,90
04.04,تطوير النموذج التجاري والمالي,Q4 السنة الأولى,Q1 السنة الثانية,0,0,,90
04.04,تحديد المحفزات والمتطلبات,Q1 السنة الثانية,Q2 السنة الثانية,0,0,,90
04.04,إعداد وطرح الفرصة الاستثمارية,Q2 السنة الثانية,Q3 السنة الثانية,0,0,,90
04.04,استقطاب المستثمر والتعاقد معه,Q3 السنة الثانية,Q2 السنة الثالثة,0,0,,90
04.05,مشروع تطوير وتنفيذ برامج تنمية المهارات في القطاعات ذات الميزة التنافسية,Q1 السنة الأولى,Q2 السنة الثالثة,0,0,,95
04.05,حصر قائمة للأنشطة التجارية,Q1 السنة الأولى,Q2 السنة الأولى,0,0,,95
04.05,تدريب وتطوير,Q2 السنة الأولى,Q2 السنة الثالثة,0,0,,95
04.05,تطوير حاضنات ومسرعات أعمال,Q3 السنة الأولى,Q2 السنة الثالثة,0,0,,95
05.01,تطوير وتفعيل إطار إدارة ورفع جاهزية المشاريع التنموية,Q1 السنة الأولى,Q 2 السنة الثالثة,0,0,,101
05.01,حصر وتصنيف المشاريع التنموية,Q1 السنة الأولى,Q2 السنة الأولى,0,0,,101
05.01,تقييم المشاريع وتحديد الأولويات وفجوات الجاهزية,Q2 السنة الأولى,Q3 السنة الأولى,0,0,,101
05.01,إعداد وتنفيذ خطط رفع جاهزية المشاريع,Q3 السنة الأولى,Q4 السنة الأولى,0,0,,101
05.01,التنسيق والمتابعة المستمرة لتقدم المشاريع,Q4 السنة الأولى,Q2 السنة الثالثة,0,0,,101
05.02,رفع جودة وجاهزية بيانات المرصد الحضري لدعم قطاع الأعمال,Q1 السنة الأولى,Q2 السنة الثالثة,0,0,,106
05.02,تحديد البيانات ذات الأولوية ومتطلبات استخدامها,Q1 السنة الأولى,Q2 السنة الأولى,0,0,,106
05.02,تقييم جودة البيانات وحصر الفجوات,Q2 السنة الأولى,Q4 السنة الأولى,0,0,,106
05.02,تحسين ومواءمة بيانات المرصد الحضري,Q4 السنة الأولى,Q4 السنة الثانية,0,0,,106
05.02,تفعيل حوكمة الجودة والتحديث المستمر,Q1 السنة الثانية,Q2 السنة الثالثة,0,0,,106
