code,name,mitigation,score,impact,likelihood,slide
01.01,تأخر أو نقص دقة البيانات المكانية والسياحية,استخدام التقنيات الحديثة للحصول على بيانات دقيقة,9,3,3,4
01.01,تأخر اعتماد المخططات من الجهات المعنية,تشكيل فريق عمل يضم الجهات المعنية لتسريع الاعتماد,6,3,2,4
01.02,تأخر توفير البنية التحتية أو الحصول على الموافقات والتراخيص اللازمة لبعض المنتجات,إعداد مصفوفة متطلبات واعتماد خطة مشتركة مع الجهات المعنية لمعالجة فجوات البنية التحتية,6,3,2,9
01.02,تعقيدات الملكيات والاشتراطات التنظيمية في المواقع المستهدفة,فحص الملكيات والقيود التنظيمية مبكرًا قبل اعتماد المواقع,6,3,2,9
01.03,تأخر مخرجات المبادرات التخطيطية السابقة 01.01 و01.02,مواءمة الاعتماديات والجداول الزمنية وتطوير الفرص تباعًا,9,3,3,14
01.03,عدم اكتمال جاهزية المواقع والبيانات اللازمة لإعداد الفرص,تطبيق تقييم جاهزية قبل إدراج الفرصة ضمن المحفظة,6,3,2,14
01.04,تأخر مشروع توسعة المطار,التنسيق المستمر مع الجهات المعنية بقطاع الطيران لمتابعة تقدم المشروع والتنسيق المستمر مع الجهات المعنية بقطاع النقل,9,3,3,19
01.04,تأخر تنفيذ المشاريع والاستثمارات السياحية المرتبطة بالوجهة مثل تطوير المواقع أو المرافق,التنسيق مع الجهات المطورة والمستثمرين لمتابعة جاهزية المشاريع السياحية ومتابعة جاهزية المشاريع مع الجهات المطورة,6,2,3,19
01.04,محدودية الميزانية التسويقية مقارنة بالوجهات المنافسة داخل المملكة.,تطوير وتنفيذ محتوى وحملات ترويجية مستهدفة تعكس هوية الوجهة بالتعاون مع الشركاء.,4,2,2,19
02.01,نقص البيانات المكانية الزراعية والموارد الطبيعية,استخدام التقنيات الحديثة للحصول على بيانات دقيقة,6,3,2,25
02.01,محدودية أو عدم استدامة الموارد المائية في المواقع المستهدفة,ربط تصنيف المواقع بتوافر المياه وكفاءتها وبدائل الإمداد,9,3,3,25
02.02,عدم دقة أو نقص البيانات الزراعية والإنتاجية اللازمة للتحليل,الاعتماد على مصادر بيانات رسمية متعددة للتحقق من دقة المعلومات,9,3,3,31
02.02,تغير الطلب على المنتجات الزراعية أو تقلبات الأسواق الزراعية,تحديث الدراسات والتحليلات دورياً وفق تغيرات السوق الزراعي,4,2,2,31
02.02,عدم دقة أو نقص البيانات الزراعية والإنتاجية اللازمة للتحليل,الاعتماد على مصادر بيانات رسمية متعددة للتحقق من دقة المعلومات,9,3,3,32
02.02,تغير الطلب على المنتجات الزراعية أو تقلبات الأسواق الزراعية,تحديث الدراسات والتحليلات دورياً وفق تغيرات السوق الزراعي,4,2,2,32
02.03,عدم دقة أو نقص البيانات الإنتاج الحيواني اللازمة للتحليل,الاعتماد على مصادر بيانات رسمية متعددة للتحقق من دقة المعلومات,9,3,3,38
02.03,تغير الطلب على المنتجات الحيوانية,تحديث الدراسات والتحليلات دورياً وفق تغيرات السوق,4,2,2,38
02.03,عدم دقة أو نقص البيانات الإنتاج الحيواني اللازمة للتحليل,الاعتماد على مصادر بيانات رسمية متعددة للتحقق من دقة المعلومات,9,3,3,39
02.03,تغير الطلب على المنتجات الحيوانية,تحديث الدراسات والتحليلات دورياً وفق تغيرات السوق,4,2,2,39
02.04,عدم توفر الخدمات اللوجستية اللازمة لـلأراضي المستهدفة,تنفيذ المشاريع اللازمة التي تخرج من المخطط التفصيلي الزراعي والحيواني,6,3,2,45
02.04,عدم وضوح متطلبات صندوق التنمية الصناعي,توفير متطلبات صندوق التنمية الصناعي,4,2,2,45
02.04,عدم توفر الإنتاج الكافي (المادة الخام) من المنتجات الزراعية والحيوانية,تبدأ هذه المبادرة بعد تحقيق انجاز كافي للإنتاج الحيواني و الزراعي,9,3,3,45
02.04,عدم توفر الخدمات اللوجستية اللازمة لـلأراضي المستهدفة,تنفيذ المشاريع اللازمة التي تخرج من المخطط التفصيلي الزراعي والحيواني,9,3,3,46
02.04,عدم وضوح متطلبات صندوق التنمية الصناعي,توفير متطلبات صندوق التنمية الصناعي,4,2,2,46
02.04,عدم توفر الإنتاج الكافي (المادة الخام) من المنتجات الزراعية والحيوانية,تبدأ هذه المبادرة بعد تحقيق انجاز كافي للإنتاج الحيواني و الزراعي,9,3,3,46
02.05,موسمية الإنتاج الزراعي,تطوير تقويم سنوي للفعاليات الزراعية لضمان استمرارية التجارب,6,3,2,52
02.05,نقص الخبرة في إدارة الضيافة الريفية,دعم المزارع بالبنية التحتية السياحية والتشغيلية.,9,3,3,52
02.05,ضعف جاهزية بعض المزارع لاستقبال السياح,تدريب المزارعين على الضيافة السياحية وإدارة التجارب الزراعية,1,1,1,52
02.05,موسمية الإنتاج الزراعي,تطوير تقويم سنوي للفعاليات الزراعية لضمان استمرارية التجارب,6,3,2,53
02.05,نقص الخبرة في إدارة الضيافة الريفية,دعم المزارع بالبنية التحتية السياحية والتشغيلية.,9,3,3,53
02.05,ضعف جاهزية بعض المزارع لاستقبال السياح,تدريب المزارعين على الضيافة السياحية وإدارة التجارب الزراعية,1,1,1,53
03.01,عدم اتساق تطبيق الهوية بين المبادرات والجهات ذات العلاقة,اعتماد حزمة الهوية ودليل الاستخدام الصادر عن الهيئة السعودية للسياحة كمرجع موحد، ومراجعة المواد قبل النشر,6,3,2,59
03.01,التأخير في إطلاق الهوية وتنفيذ الحملات الترويجية,إعداد خطة إطلاق تفصيلية وتحديد المسؤوليات والموافقات وربطها بجدول زمني واضح.,6,3,2,59
03.01,انخفاض مستويات الوصول والتفاعل مع حملات إطلاق الهوية,تنويع القنوات الترويجية، واستهداف الشرائح المناسبة، ومتابعة الأداء دورياً وتحسين الحملات وفق النتائج.,6,3,2,59
03.02,ضعف إقبال القطاعين الخاص وغير الربحي على تشغيل المواقع,تطوير نماذج تشغيل وتمويل متنوعة وجاذبة لكل موقع,9,3,3,64
03.02,ضعف جاهزية بعض المواقع للتشغيل واستقبال الزوار,تقييم الجاهزية وتحديد متطلبات التأهيل قبل طرح الموقع,6,3,2,64
03.03,ارتفاع تكاليف ترميم وتأهيل البيوت التراثية,تطوير حلول تمويل وحوافز ونماذج مشاركة تخفف العبء على الملاك,6,3,2,69
03.03,ضعف قدرة الأسر والملاك على إدارة وتشغيل النُزل التراثية,برامج تأهيل وتشغيل وربط الملاك بمشغلين متخصصين,6,3,2,69
03.03,انخفاض الطلب السياحي في بعض المواسم,ربط النُزل بالمسارات والتجارب والفعاليات والترويج الموسمي,4,2,2,69
04.01,تأخر اعتماد المخططات العمرانية والريفية,إشراك وزارة البلديات والإسكان وأمانة منطقة الباحة والبلديات والجهات الخدمية عند بدء الأعمال، مع تحديد مسار واضح للمراجعة والاعتماد,6,3,2,75
04.01,تأخر تطبيق الكود العمراني,الموائمة مع وزارة البلديات والإسكان وأمانة منطقة الباحة على متطلبات التفعيل، وربط الكود بإجراءات التخطيط والتراخيص البلدية,9,3,3,75
04.02,ضعف الجدوى المالية للفرص وارتفاع تكاليف التطوير والتشغيل,تطوير نماذج تجارية قابلة للتنفيذ وتفعيل المحفزات المناسبة,6,3,2,80
04.02,تأخر تجهيز المواقع واستكمال التراخيص والمتطلبات التنظيمية,التنسيق المبكر مع الجهات المعنية ووضع خطة واضحة للتراخيص وتجهيز المواقع,6,3,2,80
04.03,تأخر اعتماد الموقع واستكمال التراخيص الصحية والبلدية والسياحية,التنسيق قبل طرح الفرصة مع الجهات المعنية واعتماد مسار التراخيص,6,3,2,85
04.03,ضعف الجدوى المالية أو محدودية إقبال المستثمرين,تحليل اهتمام المستثمرين وتطوير نموذج مالي واقعي وتفعيل المحفزات المناسبة,6,3,2,85
04.04,ضعف الطلب الفعلي من الأندية والمنتخبات على استخدام المركز,التنسيق مع الاتحادات والأندية والحصول على خطابات اهتمام مبدئية قبل الطرح,6,3,2,90
04.04,تأخر تجهيز الموقع والبنية التحتية واستكمال التراخيص,اعتماد الموقع والمتطلبات والتراخيص مع الجهات المعنية قبل طرح المشروع,6,3,2,90
04.05,ضعف إقبال السكان على ريادة الأعمال والتوظيف بسبب تفضيل الضمان الاجتماعي أو الوظائف التقليدية,لعمل مع الجهات المعني لتوضيح الحوافز المتوفرة لدعم الدخول في ريادة الأعمال والوظائف في القطاعات المستهدفة,6,3,2,95
04.05,ضعف المواءمة بين مهارات السكان واحتياجات القطاعات الاقتصادية ذات الأولوية,تصميم برامج تدريبية موجهة وفق احتياجات سوق العمل في القطاعات المستهدفة,4,2,2,95
05.01,تعثر بعض المشاريع بسبب نقص التمويل أو الموافقات او متطلبات التنفيذ,ربط أولوية المشروع بوضوح الملكية ومسار التمويل وقابلية التنفيذ، وتصعيد المعوقات الجوهرية للجهات المختصة,9,3,3,101
05.02,تأخر الجهات في توفير أو تحديث البيانات المطلوبة,تحديد ملاك البيانات ودوريات التحديث ومسؤوليات كل جهة، ومتابعة الالتزام والتصعيد عند الحاجة.,6,3,2,106
05.02,تعارض البيانات والتعريفات بين المصادر المختلفة,اعتماد تعريفات موحدة وتحديد المصدر المرجعي لكل مجموعة بيانات وتطبيق إجراءات للتحقق والمواءمة.,6,3,2,106
05.02,تراجع جودة البيانات بعد استكمال أعمال التحسين,تفعيل مؤشرات لجودة البيانات ودوريات مراجعة وتحديث مستمرة وربطها بمسؤوليات الجهات المالكة.,6,3,2,106
