code,index,name,description,join
01.01,0,مشروع تطوير المخطط السياحي وخارطة الوجهات والمشاريع ذات الأولوية وخطة تفعيلها,مخطط سياحي متكامل لمنطقة الباحة يحدد التجمعات والوجهات السياحية، وترابطها المكاني، والمشاريع ذات الأولوية وخطة تفعيلها المرحلية,position
01.01,1,الإعداد وإطلاق نطاق الأعمال,وتتمثل في تحديد النطاق، الأهداف، ومنهجية إعداد المخططات الشاملة السياحية,position
01.01,2,دراسة الوضع الراهن,جمع وتحليل البيانات السياحية والمكانية، ودراسة أنماط الطلب والحركة السياحية، والبنية التحتية والخدمات والأصول القائمة لتحديد فرص تكوين وربط التجمعات والوجهات السياحية,position
01.01,3,تقييم المقومات والفرص السياحية,حصر وتقييم الأصول والفرص السياحية وفجوات التطوير، وتحديد التجمعات والوجهات السياحية المحتملة وفق معايير واضحة للجاذبية والجاهزية وإمكانات الاستثمار,position
01.01,4,صياغة الرؤية والتوجهات التخطيطية,إعداد رؤية مكانية متكاملة لتطوير التجمعات والوجهات السياحية في منطقة الباحة، وتحديد الأدوار والخصائص والمنتجات السياحية المستهدفة لكل تجمع,position
01.01,5,إعداد المخطط الهيكلي السياحي (الخارطة السياحية),إعداد الخارطة السياحية للمنطقة وتحديد التجمعات والوجهات والمحاور السياحية الرئيسية والروابط بينها، وتوزيع الأنشطة والمنتجات والخدمات السياحية الداعمة,position
01.01,6,إعداد المخططات التفصيلية للمواقع,إعداد التصورات والمخططات التفصيلية للتجمعات والوجهات ذات الأولوية وتحديد احتياجات التطوير والمشاريع الممكنة داخل كل منها,position
01.01,7,إعداد الأطر التنظيمية والتنفيذية,تحديد متطلبات التفعيل والأدوار والمسؤوليات والاشتراطات التنظيمية وآليات التنسيق اللازمة لتطوير الوجهات وتنفيذ المشاريع ذات الأولوية,position
01.01,8,إطار واضح لإدارة الوجهة السياحية,تحديد آليات التنسيق والتكامل بين التجمعات والوجهات السياحية والفعاليات والخدمات والمشاريع ذات الأولوية، بما يدعم إدارة تجربة الزائر وتكامل العرض السياحي,position
01.01,9,الاعتماد وخطة التفعيل المرحلي,اعتماد المخطط وخارطة الوجهات ومحفظة المشاريع ذات الأولوية، وإعداد خطة تفعيل مرحلية تحدد الأولويات والتسلسل الزمني، والجهات ذات العلاقة، ومتطلبات التنفيذ والاستثمار لكل مشروع,position
01.02,0,مشروع تطوير المخططات التفصيلية للمنتجات السياحية ذات الأولوية داخل النطاقات السياحية,مخططات تفصيلية ( Zoning ) للمنتجات السياحية ذات الأولوية تحدد الاستخدامات والأنشطة والمكونات ومتطلبات التطوير والبنية التحتية والاشتراطات اللازمة لكل منتج,position
01.02,1,دراسة وتحليل النطاقات السياحية,ا ستلام وتحليل النطاقات السياحية ذات الأولوية المحددة ضمن المخطط السياحي، وتحديد المنتجات والمواقع المستهدفة بالتخطيط التفصيلي داخل كل نطاق,position
01.02,2,دراسة وتحليل الممكنات والبنية التحتية,تقييم الجاهزية الحالية لكل منتج وموقع من حيث الوصول، البنية التحتية، المرافق والخدمات، الملكيات، الاشتراطات والموافقات اللازمة، وتحديد الفجوات والحلول المطلوبة لرفع جاهزيته للتطوير والتشغيل,position
01.02,3,إعداد الرؤية التصميمية للمواقع,تحليل الميزة التنافسية والطلب المتوقع والقيمة المضافة لكل منتج سياحي مقترح، بما يدعم تحديد المنتجات ذات الأولوية ونموذج تطويرها وتموضعها داخل النطاق السياحي,position
01.02,4,دراسة وتحليل الميز التنافسية للمواقع,إعداد الرؤية والمفهوم التطويري لكل منتج سياحي، وتحديد مكوناته وعلاقته بالمنتجات الأخرى وتوزيع الاستخدامات والأنشطة والمسارات والمرافق الداعمة داخل النطاق,position
01.02,5,إعداد المخططات التفصيلية,إعداد مخططات Zoning تفصيلية تحدد الاستخدامات، مواقع المنتجات والأنشطة، السعات، الحركة والوصول، المرافق والخدمات، ومراحل التطوير لكل منتج سياحي ذي أولوية,position
01.02,6,وضع تصور للتجارب والمنتجات السياحية,تحديد وتصميم المنتجات والتجارب السياحية ذات الأولوية ومكوناتها وقيمتها المقدمة للزائر والفئات المستهدفة ومتطلبات تشغيلها، بما يضمن تنوع وتكامل العرض السياحي داخل كل نطاق,position
01.02,7,إعداد حزم ومخططات التطوير الاستثمارية,إعداد حزم تطوير واستثمار لكل منتج ذي أولوية تتضمن نطاق المشروع، متطلبات الموقع والبنية التحتية، الاشتراطات، مراحل التطوير، نموذج الاستثمار المقترح ومتطلبات المستثمر أو المطور,position
01.02,8,خطة التنفيذ والتشغيل المرحلي,إعداد خارطة طريق مرحلية لرفع جاهزية المنتجات وتنفيذها وتشغيلها، تحدد الأولويات والتسلسل الزمني والمتطلبات والجهات ذات العلاقة ونموذج التشغيل لكل منتج,position
01.02,9,مشروع تطوير وتصميم تجربة الزائر والنموذج التشغيلي للمنتجات السياحية ذات الأولوية,تطوير المحتوى والتجارب ونماذج التشغيل للمنتجات السياحية المحددة ضمن المخططات التفصيلية، بما يضمن تكاملها داخل كل نطاق وتهيئتها للتشغيل المستدام,position
01.02,10,حصر جميع التجارب والمنتجات المقترحة على كل موقع مع عمل المقارنة المعيارية,حصر وتقييم وترتيب المنتجات والتجارب المقترحة داخل كل نطاق وفق الطلب والجاذبية والميزة التنافسية والجدوى الأولية وقابلية الاستثمار والتشغيل,position
01.02,11,وضع التصور الشامل للرحلة السياحية في النطاق السياحي,تصميم رحلة الزائر داخل كل نطاق وربط المنتجات والتجارب والخدمات معًا لتقديم تجربة متكاملة وزيادة مدة الإقامة والإنفاق,position
01.02,12,رزنامة المنتجات والتجارب السياحية المتنوعة على كل نطاق سياحي,إعداد خطة ورزنامة تشغيلية للمنتجات والتجارب داخل كل نطاق، تراعي الموسمية وأوقات التشغيل والفعاليات والتكامل بين المنتجات,position
01.03,0,مشروع تطوير الفرص الاستثمارية السياحية والترويج لها,تحليل واقع الاستثمار السياحي في منطقة الباحة من خلال تقييم المواقع السياحية ،بهدف تحديد الفجوات السياحية وتطوير فرص استثمارية نوعية تعزز جاذبية المنطقة للاستثمار السياحي.,name
01.04,0,مشروع دعم تطوير وإقامة الفعاليات والتجارب السياحية,مشروع تطوير رزنامة الفعاليات السنوية وإدارتها وتخصيص مواردها التمويلية من القطاع الحكومي والخاص,position
01.04,1,تحديد وتطوير روزنامة الفعاليات والتجارب السياحية,تحديد وتطوير روزنامة الفعاليات والتجارب السياحية المتنوعة على النطاقات السياحية لمدة 4 سنوات مع التركيز على الفعاليات التي تترك أصولاً وتحقق استدامة وتخفيض التكاليف التشغيلية للقطاع الخاص,position
01.04,2,إطلاق وتنفيذ الفعاليات والتجارب السياحية التجريبية,خطة إشراك القطاع الخاص التصاعدي في رحلة إطلاق وتنفيذ الفعاليات والتجارب السياحية,position
01.04,3,تقييم الأداء وتوسيع نطاق الفعاليات الناجحة,تنفيذ الخطط وتقييم الأداء وتوسيع نطاق الفعاليات والتجارب السياحية,position
01.04,4,مشروع التسويق والترويج السياحي,تطوير خطط الحملات الترويجية السنوية وتنفيذها لجذب السياح والزوار للمنطقة.,position
01.04,5,ا عداد استراتيجية وخطة تسويق وترويج سياحي متكاملة,تطوير خطط التسويق والترويج السياحي مع توفير المواد والوسائل والمحتوى اللازم للتنفيذ,position
01.04,6,تنفيذ الحملات التسويقية والترويجية عبر القنوات الرقمية والإعلامية,تنفيذ الحملات التسويقية والترويجية عبر القنوات الرقمية والإعلامية,position
01.04,7,متابعة أداء الحملات وتحسينها بناءً على مؤشرات الأداء واستجابة الزوار,متابعة أداء الحملات وتحسينها بناءً على مؤشرات الأداء واستجابة الزوار,position
01.04,8,مشروع قياس الأداء السياحي,وضع منهجيات القياس للأداء والنتائج لمزودي الخدمات والزوار وتنفيذها,position
01.04,9,تصميم إطار ومؤشرات قياس الأداء السياحي,تصميم إطار ومؤشرات قياس الأداء السياحي,position
01.04,10,تطوير آليات جمع البيانات وتحليلها من الجهات المعنية والقطاع الخاص,تطوير آليات تقنية ل جمع البيانات وتحليلها من الجهات المعنية والقطاع الخاص,position
01.04,11,إعداد تقارير دورية لقياس الأداء السياحي,إعداد تقارير دورية لقياس الأداء السياحي وضع الخطط التصحيحية مع اًصحاب المصلحة وتنفيذها,position
02.01,0,دراسة وتحليل المواقع الزراعية,تحديد وتحليل نطاقات ومواقع الأنشطة الزراعية والإنتاج الحيواني الحالية والمحتملة، وتحديد حدودها المكانية واستخداماتها وفرص تطويرها,position
02.01,1,دراسة وتحليل الخصائص الطبيعية والبيئية,تحليل التربة والمياه والمناخ والطبوغرافيا والموارد الطبيعية والقيود البيئية المؤثرة على ملاءمة المواقع للأنشطة الزراعية والإنتاج الحيواني,position
02.01,2,تحديد وتصنيف الأراضي الزراعية الصالحة للتنمية,تصنيف المواقع والأراضي حسب ملاءمتها للأنشطة الزراعية والإنتاج الحيواني، وتحديد الاستخدام الأمثل والقدرة الإنتاجية والقيود التطويرية لكل نطاق,position
02.01,3,تقييم الموارد المائية وبدائلها,تقييم مصادر المياه الحالية والمحتملة وكمياتها وجودتها وكفاءة استخدامها، وتحديد بدائل الإمداد والمعالجة وإعادة الاستخدام وحصاد المياه ومتطلبات الاستدامة لكل نشاط زراعي أو حيواني,position
02.01,4,تحليل منظومة الإنتاج الحيواني,تحليل منظومة الإنتاج الحيواني مكانيًا وتشغيليًا، بما يشمل الطاقة الاستيعابية، مصادر الأعلاف والمياه، الخدمات البيطرية، مرافق التربية والتجميع والخدمات المساندة، وتحديد المواقع والأنشطة الأعلى ملاءمة للتطوير والاستثمار,position
02.01,5,تحديد المنتجات الأيقونية,تحديد وترتيب المنتجات والأنشطة ذات الأولوية وفق الميزة التنافسية والطلب وكفاءة استخدام الموارد والقيمة الاقتصادية والقابلية للاستثمار,position
02.01,6,إعداد المخطط التفصيلي الزراعي,إعداد المخطط التفصيلي الزراعي والحيواني وتوزيع الأنشطة والمنتجات والمواقع الاستثمارية وفق ملاءمة الأراضي وكفاءة الموارد ومتطلبات البنية التحتية والخدمات والاعتبارات البيئية,position
02.01,7,إطلاق قاعدة بيانات زراعية للباحة,تطوير قاعدة بيانات زراعية حيث تحتوي على بيانات الأراضي الزراعية (المستغلة، غير المستغلة، أنواع المحاصيل، وتوافر الموارد إلخ..),position
02.01,8,خطة التنفيذ والتمكين الاستثماري,تحديد مراحل التنفيذ وآليات الدعم والتمويل التشغيلي,position
02.02,0,مشروع تطوير الفرص الاستثمارية الزراعية والترويج لها,تحديد وتطوير الفرص الاستثمارية المرتبطة بالمنتجات الزراعية الأيقونية المعتمدة في منطقة الباحة، وتقييم جدواها وجاهزيتها وإعدادها في صورة فرص قابلة للطرح على المستثمرين، بما يدعم استكمال سلاسل القيمة وتعظيم القيمة المضافة المحلية,position
02.02,1,تحليل الوضع الراهن,تحليل الوضع الاستثماري للمنتجات الزراعية الأيقونية وسلاسل القيمة المرتبطة بها، وتقييم القدرات القائمة والفجوات والعوائق التي تحد من تطوير الفرص الاستثمارية,position
02.02,2,إجراء المقارنات المعيارية,إجراء مقارنات معيارية لفرص ونماذج الاستثمار الناجحة في المنتجات الزراعية المشابهة، والاستفادة منها في تصميم الفرص الاستثمارية الأيقونية في الباحة,position
02.02,3,إعداد قائمة الفجوات الاستثمارية,تحديد الفجوات الاستثمارية عبر حلقات سلاسل القيمة للمنتجات الأيقونية، بما يشمل الإنتاج، التجميع، التصنيع، التخزين، الخدمات اللوجستية، التسويق والأنشطة الداعمة بحسب طبيعة كل منتج,position
02.02,4,إعداد قائمة الفرص الاستثمارية,تحديد وتقييم وترتيب الفرص الاستثمارية المرتبطة بالمنتجات الزراعية الأيقونية وفق الجاذبية الاقتصادية، الأثر، قابلية التنفيذ، الجاهزية والطلب الاستثماري المتوقع,position
02.02,5,تطوير وثائق الفرصة الاستثمارية,إعداد ملفات استثمارية متكاملة للفرص ذات الأولوية تشمل وصف الفرصة، نطاقها، السوق والطلب، النموذج التشغيلي، الاحتياجات الاستثمارية، المؤشرات المالية الأولية، الموقع والمتطلبات، المخاطر والممكنات ونموذج الاستثمار المقترح,position
02.02,6,تطوير خطة الاستقطاب وتفعيله,إعداد خطة استهداف واستقطاب للمستثمرين المحتملين للفرص المطورة، تحدد الشرائح المستهدفة وقنوات التواصل وآليات عرض الفرص ومتابعتها حتى مرحلة الاهتمام الاستثماري,position
02.02,7,إعداد دليل الفرص الزراعية في الباحة,إعداد محفظة ودليل موحد للفرص الاستثمارية الزراعية الأيقونية الجاهزة للطرح في منطقة الباحة,position
02.02,8,حصر وتحليل الفرص الاستثمارية الزراعية,مراجعة وتجميع الفرص المطورة للمنتجات الأيقونية والتحقق من اكتمال بياناتها وجدواها وجاهزيتها للطرح,position
02.02,9,إعداد ونشر دليل الفرص الزراعية,إعداد ونشر دليل استثماري يعرض الفرص الأيقونية الجاهزة بصورة موحدة ومهنية للمستثمرين المستهدفين,position
02.02,10,تنظيم ملتقى المستثمرين الزراعيين,الإعداد والتنسيق للملتقى الاستثماري ووضع خطة تنفيذ للملتقى,position
02.02,11,الإعداد والتنسيق للملتقى الاستثماري الزراعي,تنظيم ملتقى استثماري لعرض الفرص الزراعية وجذب المستثمرين للمنطقة,position
02.02,12,تنفيذ الملتقى وعرض الفرص الاستثمارية الزراعية,وضع خطة تنفيذ الملتقى وعرض الفرص الاستثمارية الزراعية على المستثمرين,position
02.02,13,دراسة تطوير منظومة سياحة زراعية,تحليل مقومات السياحة الزراعية وإعداد تصور لتطوير تجارب سياحية زراعية,position
02.02,14,تحليل مقومات السياحة الزراعية في المنطقة,تقييم الموارد والمواقع الزراعية القابلة لتطوير تجارب سياحية.,position
02.02,15,إعداد تصور لتطوير منظومة السياحة الزراعية,تصميم نموذج متكامل لتطوير التجارب والمسارات السياحية الزراعية.,position
02.03,0,تطوير وتجهيز الفرص الاستثمارية للمنتجات الحيوانية الأيقونية,تحليل سلاسل القيمة للمنتجات الحيوانية الأيقونية وتحديد الفجوات والفرص الاستثمارية المرتبطة بها، وتطوير فرص ذات أولوية ورفع جاهزيتها للطرح على المستثمرين، بما يعزز القيمة المضافة المحلية ويستكمل حلقات سلسلة القيمة,position
02.03,1,تحليل واقع قطاع الإنتاج الحيواني وتقييم الموارد المتاحة وجاهزية الأراضي للاستثمار.,تحليل الوضع الحالي للمنتجات الحيوانية الأيقونية وسلاسل قيمتها، بما يشمل الإنتاج، الموارد والمدخلات، البنية التحتية والخدمات، الأسواق، التصنيع، والقنوات التسويقية ذات العلاقة,position
02.03,2,دراسة الفجوات في منتجات الثروة الحيوانية وسلاسل الإمداد في المنطقة.,إجراء مقارنات معيارية مع نماذج ناجحة في تطوير واستثمار المنتجات الحيوانية المشابهة، والاستفادة منها في تصميم الفرص الاستثمارية الأيقونية في الباحة.,position
02.03,3,إجراء المقارنات المعيارية مع المناطق المشابهة في محلياً ودولياً.,تحديد الفجوات الاستثمارية عبر سلاسل قيمة المنتجات الحيوانية الأيقونية، بما يشمل المدخلات والإنتاج والتجميع والتصنيع والتخزين والنقل والتسويق والخدمات الداعمة.,position
02.03,4,تطوير فرص استثمارية في الإنتاج الحيواني بناءً على نتائج والدراسات,تحديد وتقييم وترتيب الفرص الاستثمارية المرتبطة بالمنتجات الحيوانية الأيقونية وفق الجاذبية الاقتصادية، الأثر، قابلية التنفيذ، مستوى الجاهزية والطلب الاستثماري المتوقع.,position
02.03,5,إعداد ملفات الفرص الاستثمارية في الثروة الحيوانية الجاهزة للطرح على المستثمرين.,تطوير محفظة استثمارية متكاملة للفرص المرتبطة بالمنتجات الحيوانية الأيقونية، مصنفة حسب المنتج وحلقة سلسلة القيمة والأولوية والجاهزية الاستثمارية.,position
02.03,6,تطوير محفظة استثمارية لقطاع الثروة الحيوانية في المنطقة.,إعداد خطة استهداف واستقطاب للمستثمرين المناسبين للفرص الأيقونية المطورة، تتضمن الشرائح المستهدفة، قنوات التواصل، آليات عرض الفرص ومتابعتها.,position
02.03,7,تمكين منظومة الاستثمار وترويج الفرص الاستثمارية وجذب المستثمرين لقطاع الإنتاج الحيواني.,تفعيل الترويج الموجه للفرص الاستثمارية الأيقونية الجاهزة للطرح والتواصل مع المستثمرين والمشغلين المستهدفين.,position
02.03,8,دراسة تطوير أسواق الماشية المحلية,تقييم دور أسواق الماشية ضمن سلاسل قيمة المنتجات الحيوانية الأيقونية وتحديد الفجوات والفرص الاستثمارية المرتبطة بالتجميع والتداول والتسويق,position
02.03,9,تحليل واقع إنتاج واستهلاك الأعلاف في المنطقة,تحليل كفاءة وقدرات أسواق الماشية ذات الصلة بالمنتجات الأيقونية، وتحديد أثرها على سلسلة القيمة والفرص الممكنة لتطويرها,position
02.03,10,إعداد توصيات وخطة دعم لتنمية إنتاج الأعلاف المحلية,إعداد توصيات ومتطلبات تمكينية لتطوير الأسواق ذات الصلة بالمنتجات الحيوانية الأيقونية، وربطها بالفرص الاستثمارية المحددة,position
02.03,11,دراسة دعم الأعلاف المحلية,تقييم توافر واستدامة الأعلاف ومدخلات الإنتاج اللازمة للمنتجات الحيوانية الأيقونية، وتحديد الفجوات والفرص الاستثمارية ذات العلاقة,position
02.03,12,تحليل واقع إنتاج واستهلاك الأعلاف في المنطقة,تحليل العرض والطلب وتكلفة واستدامة الأعلاف المرتبطة بالمنتجات الحيوانية الأيقونية، وتحديد أثرها على الجدوى الاستثمارية للفرص المقترحة,position
02.03,13,إعداد توصيات وخطة دعم لتنمية إنتاج الأعلاف المحلية,تحديد البدائل والممكنات والفرص الاستثمارية المستدامة لتأمين احتياجات الأعلاف للمنتجات الحيوانية الأيقونية، مع مراعاة كفاءة استخدام المياه والموارد,position
02.04,6,دراسة إنشاء سوق منتجات المزارعين,إجراء دراسة لتحديد فرص تطوير وتسويق المنتجات المحلية مثل العسل والرمان وتعزيز القيمة المضافة لها.,name
02.04,7,تحليل العرض والطلب وتحديد النموذج المناسب للسوق,دراسة حجم الإنتاج المحلي وأنواع المنتجات ونموذج التشغيلي وفرص التسويق,name
02.04,8,إعداد دراسة الجدوى وخطة التنفيذ لإنشاء السوق,تطوير نموذج الإيرادات والتكاليف وخارطة طريق التنفيذ,name
02.04,9,دراسة دعم المنتجات المحلية (العسل – الرمان (,دراسة فرص تطوير وتسويق منتجات العسل والرمان المحلية.,name
02.04,10,تحليل سلاسل القيمة للمنتجات المحلية,دراسة مراحل الإنتاج والتجهيز والتسويق للعسل والرمان,name
02.04,11,إعداد برنامج دعم المنتج المحلي وخطة التنفيذ,تطوير آليات الدعم للمزارعين والمنتجين وخطة التنفيذ,name
02.05,0,تطوير وتفعيل التجارب السياحية الزراعية والغذائية القائمة على التجربة,"تصميم وتطوير وتشغيل تجارب سياحية تفاعلية مرتبطة بالمزارع والمنتجات الزراعية والغذائية المحلية، تشمل المشاركة في الأنشطة الزراعية، الحصاد والتذوق، ورش الطهي والإنتاج، وتجارب ""من المزرعة إلى المائدة""، مع تحديد نموذج التشغيل والتسعير والحجز ومتطلبات تجربة الزائر لكل تجربة",name
02.05,1,التجارب السياحية الزراعية والغذائية,تحديد وتصميم محفظة من التجارب الزراعية والغذائية القابلة للتشغيل والاستثمار، وتحديد محتوى كل تجربة، الفئة المستهدفة، رحلة الزائر، السعة، مدة التجربة، نموذج الإيرادات ومتطلبات التشغيل,name
02.05,3,الترويج والتمكين للمزارعين والإطلاق التجريبي,تأهيل المزارعين والمنتجين والأسر المنتجة لتقديم التجارب وفق المعايير المحددة، وتنفيذ إطلاق تجريبي للتجارب المختارة، واختبار تجربة الزائر ونموذج التشغيل والتسعير والتسويق قبل التوسع,name
02.05,4,دراسة مسارات السياحة الزراعية,تطوير مسارات تجريبية تربط مجموعة من التجارب الزراعية والغذائية المتكاملة، بحيث يقدم كل مسار رحلة واضحة للزائر تجمع بين الأنشطة الزراعية والتذوق والطعام والمنتجات المحلية,name
02.05,7,مهرجانات المزارع الموسمية,تطوير وتفعيل تجارب موسمية في المزارع مرتبطة بمواسم الإنتاج والحصاد والمنتجات المحلية، تتضمن أنشطة مشاركة وتذوق وتجارب غذائية وبيع المنتجات، بما يعزز تكرار الزيارة على مدار المواسم,name
02.05,10,برنامج المزرعة إلى المائدة,"تطوير وتفعيل تجربة ""من المزرعة إلى المائدة"" تربط المزارعين والمنتجين المحليين بالمطاعم والطهاة، وتتيح للزائر التعرف على مصدر المنتج والمشاركة في تجربة تذوق أو طهي أو تناول قائمة تعتمد على منتجات الباحة",name
03.01,0,مشروع إطلاق هوية سياحية متكاملة لمنطقة الباحة,يهدف المشروع إلى إطلاق وتفعيل هوية الباحة التي طورتها الهيئة السعودية للسياحة، من خلال إعداد وتنفيذ خطة إطلاق متكاملة، وتطبيق الهوية على مبادرات الاستراتيجية والمواد ونقاط الاتصال ذات الصلة، وتنفيذ الحملات الترويجية عبر القنوات المستهدفة، وقياس أثرها ومدى وصولها,position
03.01,1,إعداد خطة إطلاق وتفعيل الهوية,إعداد خطة الإطلاق وتحديد القنوات والفئات المستهدفة وآليات التطبيق والتنسيق مع الجهات ذات العلاقة,position
03.01,2,تطبيق الهوية على المبادرات والمواد ونقاط الاتصال,تطبيق الهوية المعتمدة على مبادرات الاستراتيجية والمواد الترويجية ونقاط الاتصال المستهدفة,position
03.01,3,تنفيذ إطلاق الهوية والحملات الترويجية,تنفيذ حملات الإطلاق والترويج عبر القنوات الرقمية والخارجية للوصول إلى الشرائح المستهدفة,position
03.01,4,قياس الأثر,قياس مدى الوصول والتفاعل ومستوى الالتزام بتطبيق الهوية ورفع نتائج الأداء,position
03.02,0,مشروع تفعيل المواقع التراثية البارزة,يهدف المشروع إلى تحديد المواقع التراثية البارزة والجاهزة للتفعيل، وتصميم نماذج تشغيل وتفعيل مناسبة لكل موقع بمشاركة القطاعين الخاص وغير الربحي، وتطوير التجارب والبرامج والفعاليات المرتبطة بالتراث المادي وغير المادي، وإعداد النماذج المالية والتشغيلية وفرص الاستثمار والرعاية والشراكة، وصولًا إلى تفعيل المواقع وتشغيلها بصورة مستدامة كوجهات ثقافية وسياحية جاذبة,position
03.02,1,حصر المواقع والمنتجات التراثية,حصر وتصنيف المواقع التراثية البارزة وفق الجاهزية والجاذبية وقابلية التفعيل، وتحديد المنتجات والتجارب والأنشطة التراثية المناسبة لكل موقع، مع تحديد نموذج مشاركة القطاع الخاص أو غير الربحي الأنسب لكل منها,position
03.02,2,تطوير التصور والنموذج التجاري والمالي,تطوير تصور متكامل للتجربة والبرامج الثقافية لكل موقع، وإعداد نموذج تشغيل وتمويل مستدام يحدد مصادر الإيرادات والتكاليف، ونموذج الاستثمار أو الرعاية أو التشغيل غير الربحي، والأدوار والمسؤوليات بين الأطراف,position
03.02,3,استقطاب وتمكين القطاعين الخاص وغير الربحي للتفعيل,تطوير نماذج الشراكة والتشغيل والرعاية المناسبة، واستهداف المستثمرين والمشغلين والمؤسسات والجمعيات غير الربحية ذات الصلة لتولي أدوار محددة في تشغيل المواقع والبرامج والتجارب التراثية,position
03.02,4,الترويج السياحي للزوار,إعداد وتنفيذ خطة تسويق وترويج للمواقع والتجارب المفعلة بالتنسيق مع المشغلين من القطاعين الخاص وغير الربحي، وربطها بالمسارات والمنتجات السياحية والثقافية في المنطقة,position
03.02,5,قياس الأثر,تطوير منظومة لقياس أداء المواقع بعد التفعيل تشمل أعداد الزوار، مستوى رضاهم، عدد التجارب والبرامج المفعلة، الإيرادات والاستدامة التشغيلية، ومستوى مشاركة القطاعين الخاص وغير الربحي والمجتمع المحلي,position
03.03,0,مشروع إعداد خطة لتأهيل البيوت التراثية في منطقة الباحة وتحويلها إلى نُزل ضيافة سياحية,خلال ترميم المنازل التراثية القديمة وتطويرها وتشغيلها من قبل الأسر المحلية، بما يسهم في تعزيز السياحة الثقافية ورفع دخل المجتمع المحلي.,position
03.03,1,التصور والنماذج الاستثمارية,تطوير التصور والنماذج الاستثمارية لتحقيق تجارب سياحية مرتبطة بالقطاع التراثي,position
03.03,2,خطة عمل,إعداد خطة عمل المشروع وتنفيذه,position
03.03,3,تمكين المجتمع المحلي,تمكين المجتمع المحلي من الاستثمار في تلك الأصول وتحقيق دعم ا لشركاء,position
04.01,0,إعداد واعتماد المخططات العمرانية للمراكز والقرى,إعداد المخططات العمرانية التفصيلية للمراكز والقرى غير المشمولة بالمخططات القائمة، واستكمال وتحديث المخططات القائمة منها، بما يوجه النمو العمراني وينظم استخدامات الأراضي والخدمات والبنية التحتية لها,position
04.01,1,دراسة وتحليل الوضع العمراني للمراكز والقرى,تحليل أنماط النمو العمراني والقضايا والفرص والاحتياجات المستقبلية للمراكز والقرى المستهدفة,position
04.01,2,تحديث البيانات المكانية والاجتماعية والاقتصادية للمراكز والقرى,تحديث الخرائط والإحصاءات والبيانات الاجتماعية والاقتصادية، وتنفيذ المسوح الميدانية للمراكز والقرى المستهدفة,position
04.01,3,تقييم الموارد الطبيعية والبنية التحتية,تقييم الموارد الطبيعية والتحديات البيئية، وشبكات الطرق والمياه والكهرباء والاتصالات والخدمات والمرافق في المراكز والقرى المستهدفة,position
04.01,4,تحليل استخدامات الأراضي والأنشطة الاقتصادية,تحليل وتصنيف استخدامات الأراضي الحالية والمستقبلية، وربطها بالأنشطة الاقتصادية لتحديد التوجهات العمرانية المناسبة للمراكز والقرى,position
04.01,5,إعداد المخططات العمرانية التفصيلية للمراكز,إعداد المخططات العمرانية التفصيلية للمراكز المستهدفة، بما يتناسب مع احتياجات النمو واستخدامات الأراضي وخصائصها الاجتماعية والبيئية والاقتصادية,position
04.01,6,إعداد المخططات العمرانية التفصيلية للقرى,إعداد المخططات العمرانية التفصيلية للقرى المستهدفة، بما يتناسب مع احتياجاتها التنموية وخصائصها الاجتماعية والبيئية والاقتصادية,position
04.01,7,صياغة السياسات والضوابط التخطيطية,صياغة السياسات والضوابط التنظيمية والتخطيطية اللازمة لتنظيم النمو العمراني وضمان التطوير المستدام والمتكامل للمراكز والقرى,position
04.01,8,تفعيل الكود العمراني وتطبيقاته,التنسيق مع وزارة البلديات والإسكان، ممثلةً في أمانة منطقة الباحة والبلديات التابعة، لاعتماد الكود العمراني والضوابط التفصيلية، ودمجها ضمن إجراءات التخطيط والتراخيص البلدية وتطبيقها في المراكز والقرى المستهدفة,position
04.02,1,حصر الاحتياج والتوزيع المكاني,دراسة الطلب والاحتياج وفقًا للتوزيع السكاني وأعداد الزوار والنطاقات السياحية، وتحديد المواقع ذات الأولوية وأنواع المرافق المناسبة لكل موقع,name
04.02,2,تطوير النموذج التجاري والمالي,تطوير التصور والنموذج التجاري والمالي لكل مشروع، وتحديد آلية الاستثمار ومصادر الإيرادات والتكاليف المتوقعة ومتطلبات الأراضي والبنية التحتية,name
04.02,3,حصر المحفزات وتمكين المستثمرين,حصر الحوافز التمويلية والتنظيمية المتاحة، والتنسيق مع الجهات المعنية لتفعيلها، وتحديد آليات دعم المستثمرين خلال مراحل الطرح والتنفيذ والتشغيل,name
04.03,0,تطوير وطرح مشروع مركز السياحة الصحية,إعداد المشروع كفرصة استثمارية متكاملة واستقطاب القطاع الخاص لتنفيذه وتشغيله، ويهدف المشروع إلى تطوير مركز للسياحة الصحية يقدم خدمات الاستشفاء والعلاج الطبيعي,position
04.03,1,تحليل الاحتياج واختيار الموقع,تقييم الطلب ( Demand ) لخدمات المركز والخدمات المطلوبة وتحديد الموقع الأنسب للمركز,position
04.03,2,إجراء المقارنات المعيارية,إجراء مقارنات معيارية دولية وإقليمية مع نماذج ناجحة لمراكز السياحة الصحية، مع تحديد عناصر النجاح وما يمكن تطبيقه ضمن المنطقة,position
04.03,3,تحديد الخدمات والتصور الفني,تحديد الخدمات والمرافق والطاقة الاستيعابية للمركز,position
04.03,4,تطوير النموذج التجاري والمالي,تحديد التكاليف والإيرادات وآلية الاستثمار والتشغيل,position
04.03,5,تحديد المحفزات والمتطلبات,حصر التراخيص والاشتراطات والمحفزات اللازمة لتنفيذ المشروع.,position
04.03,6,إعداد وطرح الفرصة الاستثمارية,إعداد الفرصة الاستثمارية بكامل التفاصيل المالية والتجارية والجدوى منها للتجهيز لطرحها للقطاع الخاص وجذب المستثمرين,position
04.03,7,استقطاب المستثمرين,تقييم العروض واختيار المستثمر واستكمال إجراءات التعاقد,position
04.04,0,تطوير وطرح مشروع مركز الأداء الرياضي العالي في المرتفعات ( HA-HPC ),إعداد المشروع كفرصة استثمارية متكاملة لتطوير مركز متخصص في الأداء الرياضي العالي والتدريب في المرتفعات، واستقطاب القطاع الخاص لتنفيذه وتشغيله,position
04.04,1,تحليل الاحتياج واختيار الموقع,تقييم الطلب ( Demand ) من الأندية والاتحادات والفرق الرياضية وتحديد الموقع الأنسب للمركز,position
04.04,2,إجراء المقارنات المعيارية,إجراء مقارنات معيارية مع مراكز الأداء الرياضي العالي ومراكز التدريب في المرتفعات محليًا ودوليًا لتحديد عناصر النجاح والمتطلبات الفنية والتشغيلية,position
04.04,3,تحديد المرافق والتصور الفني,تحديد مرافق الأداء العالي والتدريب والاستشفاء والطب الرياضي واللياقة والإقامة والمسارات الخارجية والطاقة الاستيعابية للمركز,position
04.04,4,تطوير النموذج التجاري والمالي,تحديد التكاليف والإيرادات وآلية الاستثمار والتشغيل,position
04.04,5,تحديد المحفزات والمتطلبات,حصر التراخيص والاشتراطات والمحفزات اللازمة لتنفيذ المشروع,position
04.04,6,إعداد وطرح الفرصة الاستثمارية,تجهيز ملف المشروع وتسويقه وطرحه على المستثمرين,position
04.04,7,استقطاب المستثمر والتعاقد معه,تقييم العروض واختيار المستثمر واستكمال إجراءات التعاقد,position
04.05,0,مشروع تطوير وتنفيذ برامج تنمية المهارات في القطاعات ذات الميزة التنافسية,تحديد المهارات المطلوبة وتصميم وتنفيذ برامج تدريبية ومهنية لسكان المنطقة بالشراكة مع القطاعين الخاص وغير الربحي.,position
04.05,1,حصر قائمة للأنشطة التجارية,تحديد الأنشطة ذات الأولوية والمهارات المطلوبة للعمل أو تأسيس الأعمال فيها,position
04.05,2,تدريب وتطوير,تصميم وتنفيذ برامج تنمية المهارات بالتعاون مع جهات التدريب والتوظيف,position
04.05,3,تطوير حاضنات ومسرعات أعمال,تطوير برامج احتضان وتسريع لتنمية المهارات الريادية ودعم المشاريع في القطاعات المستهدفة,position
05.01,0,تطوير وتفعيل إطار إدارة ورفع جاهزية المشاريع التنموية,يهدف المشروع إلى تقديم الدعم وتنسيق تنفيذ المشاريع التنموية ذات الأولوية ورفع جاهزيتها، ومتابعة تقدمها وتنسيق معالجة معوقاتها، بما يسهّل مشاركة قطاع الأعمال في منطقة الباحة.,position
05.01,1,حصر وتصنيف المشاريع التنموية,حصر المشاريع التنموية التي تؤثر على تمكين قطاع الأعمال، وتصنيفها بحسب القطاع والجهة المالكة والأولوية ومرحلة التنفيذ.,position
05.01,2,تقييم المشاريع وتحديد الأولويات وفجوات الجاهزية,تقييم حالة المشاريع ومتطلبات تنفيذها، وتحديد فجوات الجاهزية والمعوقات والاعتماديات المشتركة، وترتيبها بحسب أثرها على تمكين قطاع الأعمال.,position
05.01,3,إعداد وتنفيذ خطط رفع جاهزية المشاريع,إعداد خطط للمشاريع ذات الأولوية تحدد المتطلبات والمسؤوليات والإجراءات والمدد الزمنية، بالتنسيق مع الجهات المالكة والمعنية.,position
05.01,4,التنسيق والمتابعة المستمرة لتقدم المشاريع,متابعة تنفيذ الخطط، وتنسيق معالجة المعوقات المشتركة وتصعيدها عند الحاجة، وقياس تقدم المشاريع نحو مستويات الجاهزية المستهدفة,position
05.02,0,رفع جودة وجاهزية بيانات المرصد الحضري لدعم قطاع الأعمال,يركز المشروع على تحسين جودة وجاهزية بيانات المرصد الحضري القائمة لتلبية احتياجات قطاع الأعمال، من خلال تحديد البيانات ذات الأولوية، وتقييم فجوات الجودة، ومعالجة البيانات ومواءمتها بالتنسيق مع الجهات المالكة لها، وتفعيل حوكمة واضحة للتحديث والتحقق المستمر,position
05.02,1,تحديد البيانات ذات الأولوية ومتطلبات استخدامها,تحديد مجموعات البيانات والمؤشرات الحضرية الأكثر أهمية لقطاع الأعمال، وتحديد متطلبات جودتها واستخداماتها,position
05.02,2,تقييم جودة البيانات وحصر الفجوات,تقييم اكتمال ودقة وحداثة واتساق البيانات ذات الأولوية وتحديد الفجوات والتعارضات ومصادرها,position
05.02,3,تحسين ومواءمة بيانات المرصد الحضري,معالجة فجوات البيانات وتنقيتها وتوحيدها والتحقق منها بالتنسيق مع الجهات المالكة للبيانات,position
05.02,4,تفعيل حوكمة الجودة والتحديث المستمر,تحديد ملكيات البيانات ودوريات التحديث وآليات التحقق والمتابعة لضمان استدامة جودتها وجاهزيتها للاستخدام,position
