number,pillar,risk,pillar_mitigation
1,السياحة,المنافسة من المناطق السياحية المجاورة (عسير، الطائف) ذات البنية التحتية الأفضل,تطوير هوية سياحية فريدة للباحة مع عروض وحزم متكاملة تبرز الميزة التنافسية للمنطقة ؛ رفع جاهزية المواقع ذات الأولوية بالتعاون مع الجهات الحكومية ووضع معايير تشغيل واضحة ؛ تنويع المنتجات السياحية وتصميم فعاليات موسمية مستهدفة مع حزم تحفيزية خارج الذروة ؛ تعزيز التسويق الرقمي الموجه واستقطاب شرائح جديدة (رياضيين، شركات، طلاب)
2,السياحة,ضعف البنية التحتية السياحية وعدم جاهزية المواقع لاستقبال الأعداد المستهدفة من الزوار,تطوير هوية سياحية فريدة للباحة مع عروض وحزم متكاملة تبرز الميزة التنافسية للمنطقة ؛ رفع جاهزية المواقع ذات الأولوية بالتعاون مع الجهات الحكومية ووضع معايير تشغيل واضحة ؛ تنويع المنتجات السياحية وتصميم فعاليات موسمية مستهدفة مع حزم تحفيزية خارج الذروة ؛ تعزيز التسويق الرقمي الموجه واستقطاب شرائح جديدة (رياضيين، شركات، طلاب)
3,السياحة,ضعف الإقبال السياحي خارج مواسم الذروة وتذبذب الطلب الموسمي مما يؤثر على استدامة الإشغال والعائدات,تطوير هوية سياحية فريدة للباحة مع عروض وحزم متكاملة تبرز الميزة التنافسية للمنطقة ؛ رفع جاهزية المواقع ذات الأولوية بالتعاون مع الجهات الحكومية ووضع معايير تشغيل واضحة ؛ تنويع المنتجات السياحية وتصميم فعاليات موسمية مستهدفة مع حزم تحفيزية خارج الذروة ؛ تعزيز التسويق الرقمي الموجه واستقطاب شرائح جديدة (رياضيين، شركات، طلاب)
4,الزراعة والصناعات المرتبطة,تأخر جاهزية المواقع والأراضي والتصاريح لمشاريع التصنيع والمدن الزراعية,تشكيل فريق تنفيذي مشترك بصلاحيات واضحة والتنسيق المبكر مع الجهات التنظيمية لتسريع التصاريح ؛ تطبيق مزارع نموذجية مرجعية وإصدار أدلة معايير لسد فجوات المهارات والجودة ؛ تبني حلول الزراعة الذكية وترشيد المياه (ري بالتنقيط، أنظمة مراقبة، مياه معالجة)
5,الزراعة والصناعات المرتبطة,الخيارات الإستراتيجية والتوجهات,تشكيل فريق تنفيذي مشترك بصلاحيات واضحة والتنسيق المبكر مع الجهات التنظيمية لتسريع التصاريح ؛ تطبيق مزارع نموذجية مرجعية وإصدار أدلة معايير لسد فجوات المهارات والجودة ؛ تبني حلول الزراعة الذكية وترشيد المياه (ري بالتنقيط، أنظمة مراقبة، مياه معالجة)
6,الزراعة والصناعات المرتبطة,شح الموارد المائية وارتفاع تكلفة الإنتاج الزراعي,تشكيل فريق تنفيذي مشترك بصلاحيات واضحة والتنسيق المبكر مع الجهات التنظيمية لتسريع التصاريح ؛ تطبيق مزارع نموذجية مرجعية وإصدار أدلة معايير لسد فجوات المهارات والجودة ؛ تبني حلول الزراعة الذكية وترشيد المياه (ري بالتنقيط، أنظمة مراقبة، مياه معالجة)
7,هوية الباحة,ضعف الاستثمار في الفعاليات والمهرجانات الثقافية التي تبرز الهوية المحلية,تطوير روزنامة فعاليات ثقافية سنوية وجذب شراكات مع القطاع الخاص لتمويلها ؛ تكثيف الجهود الإعلامية للتعريف بهوية الباحة وتوثيق التراث والحرف التقليدية ونقلها للأجيال القادمة
8,هوية الباحة,ضعف التعريف بالهوية الثقافية والتراثية المميزة للباحة,تطوير روزنامة فعاليات ثقافية سنوية وجذب شراكات مع القطاع الخاص لتمويلها ؛ تكثيف الجهود الإعلامية للتعريف بهوية الباحة وتوثيق التراث والحرف التقليدية ونقلها للأجيال القادمة
9,المجتمع المحلي,الانتقال العكسي للكفاءات والشباب إلى المدن الكبرى بحثاً عن فرص أفضل,خلق فرص عمل نوعية في القطاعات الواعدة وتطوير بيئة جاذبة بالحوافز والتسهيلات ؛ تصميم برامج تدريبية مسرعة بالتعاون مع جامعة الباحة وهدف والقطاع الخاص لسد الفجوات المهارية
10,المجتمع المحلي,نقص البرامج التدريبية والتأهيلية التي تواكب احتياجات سوق العمل المستقبلي,خلق فرص عمل نوعية في القطاعات الواعدة وتطوير بيئة جاذبة بالحوافز والتسهيلات ؛ تصميم برامج تدريبية مسرعة بالتعاون مع جامعة الباحة وهدف والقطاع الخاص لسد الفجوات المهارية
11,المنظومة التمكينية,تعقيد الإجراءات الاستثمارية وعدم توحيد المسارات بين الجهات مما يعيق دخول المستثمرين,اعتماد مسارات خدمة موثقة واتفاقيات مستوى خدمة واضحة لتسهيل دخول المستثمرين ؛ جذب الاستثمار الخاص وتفعيل دور التعاونيات وتنويع مصادر التمويل عبر نماذج
12,المنظومة التمكينية,عدم كفاية التمويل المخصص لتنفيذ المبادرات الاستراتيجية الطموحة,اعتماد مسارات خدمة موثقة واتفاقيات مستوى خدمة واضحة لتسهيل دخول المستثمرين ؛ جذب الاستثمار الخاص وتفعيل دور التعاونيات وتنويع مصادر التمويل عبر نماذج
