number,pillar,risk
1,السياحة,المنافسة من المناطق السياحية المجاورة (عسير، الطائف) ذات البنية التحتية الأفضل
2,السياحة,ضعف البنية التحتية السياحية وعدم جاهزية المواقع لاستقبال الأعداد المستهدفة من الزوار
3,السياحة,ضعف الإقبال السياحي خارج مواسم الذروة وتذبذب الطلب الموسمي مما يؤثر على استدامة الإشغال والعائدات
4,الزراعة والصناعات المرتبطة,تأخر جاهزية المواقع والأراضي والتصاريح لمشاريع التصنيع والمدن الزراعية
5,الزراعة والصناعات المرتبطة,فجوات التشغيل والمهارات والجودة خاصة في الزراعة المحمية والتصنيع الغذائي
6,الزراعة والصناعات المرتبطة,شح الموارد المائية وارتفاع تكلفة الإنتاج الزراعي
7,هوية الباحة,ضعف الاستثمار في الفعاليات والمهرجانات الثقافية التي تبرز الهوية المحلية
8,هوية الباحة,ضعف التعريف بالهوية الثقافية والتراثية المميزة للباحة
9,المجتمع المحلي,الانتقال للخارج الكفاءات والشباب إلى المدن الكبرى بحثاً عن فرص أفضل
10,المجتمع المحلي,نقص البرامج التدريبية والتأهيلية التي تواكب احتياجات سوق العمل المستقبلي
11,المنظومة التمكينية,تعقيد الإجراءات الاستثمارية وعدم توحيد المسارات بين الجهات مما يعيق دخول المستثمرين
12,المنظومة التمكينية,عدم كفاية التمويل المخصص لتنفيذ المبادرات الاستراتيجية الطموحة
