code,strategic_link,pillar
01.01,ركيزة السياحة,السياحة
01.02,ركيزة السياحة,السياحة
01.03,ركيزة السياحة,السياحة
01.04,ركيزة السياحة,السياحة
02.01,ركيزة الزراعة,الزراعة والصناعات المرتبطة
02.02,ركيزة الزراعة,الزراعة والصناعات المرتبطة
02.03,ركيزة الزراعة,الزراعة والصناعات المرتبطة
02.04,,
02.05,ركيزة الزراعة,الزراعة والصناعات المرتبطة
03.01,,
03.02,الممكنات,
03.03,الممكنات,
04.01,الممكنات,
04.02,ركيزة السياحة,السياحة
04.03,ركيزة السياحة,السياحة
04.04,ركيزة السياحة,السياحة
04.05,الممكنات,
05.01,الممكنات,
05.02,الممكنات,
