category,number,name,owner_entity,sector,status,stage,budget_sar,progress_pct,note
supported_investment,1,سوق السبت ببلجرشي,,الاستثمار السياحي,معتمد,قيد التطوير والطرح,60000000,,
supported_investment,2,تطوير غابة خيرة,,الاستثمار السياحي,معتمد,قيد التطوير والطرح,90000000,,
supported_investment,3,مشروع المدينة الطبية (جبل النور),,الاستثمار السياحي,معتمد,متعاقد عليها وتم تخصيص أراضيها,7500000000,,
supported_investment,4,منتجع سد منتزه القمم,,الاستثمار السياحي,معتمد,قيد التطوير والطرح,55000000,,
supported_investment,5,مركز الأداء العالي للرياضات الجبلية,,الاستثمار السياحي,معتمد,متعاقد عليها وتم تخصيص أراضيها,500000000,,
supported_investment,6,فندق سيرا,,الاستثمار السياحي,معتمد,قيد الإنشاء,200000000,,
supported_investment,7,مدينة البن الغذائي,,الاستثمار الزراعي,معتمد,قيد التطوير والطرح,160000000,,
supported_investment,8,مدينة المواشي,,الاستثمار الزراعي,معتمد,متعاقد عليها وتم تخصيص أراضيها,320000000,,
supported_investment,9,مشروع مزارعنا (المسلخ),,الاستثمار الزراعي,معتمد,قيد الإنشاء,250000000,,
supported_investment,10,مدينة الزراعة المائية للخضروات والفواكه,,الاستثمار الزراعي,معتمد,قيد التطوير والطرح,750000000,,
third_sector,1,مشروع مدينة البن التنموية ببلجرشي,الجمعية التعاونية الزراعية ببلجرشي,,تحت الانشاء,,123750000,92,
third_sector,2,مشروع مروج,الجمعية التعاونية الزراعية ببلجرشي,,قيد التنفيذ,,12000000,100,
third_sector,3,مشروع البستاني,الجمعية التعاونية الزراعية ببلجرشي,,قيد التنفيذ,,1000000,100,
third_sector,4,مول تجاري,جمعية النحالين التعاونية,,تحت الإنشاء,,15000000,90,
third_sector,5,مشروع توريد أدوات النحالة,جمعية النحالين التعاونية,,قيد التنفيذ,,300900,100,
third_sector,6,مشروع دعم صغار النحالين,جمعية النحالين التعاونية,,قيد التنفيذ,,14000000,100,
third_sector,7,مشروع تلال الباحة,جمعية الإسكان التعاونية,,جاري البيع والانشاء,,55000000,45,
third_sector,8,مشروع تاون سكوير بلجرشي,جمعية الإسكان التعاونية,,جاري البيع والإنشاء,,37000000,80,
third_sector,9,مشروع فندق ومنتجع عالية الباحة,جمعية الإسكان التعاونية,,تحت الدراسة,الحصول على الموافقات التمويل,150000000,,
third_sector,10,مشروع بلجرشي بوليفارد,جمعية الإسكان التعاونية,,سيتم البدء في الإنشاءات,جاري الترسية على المقاول,18000000,,"الميزانية مكتوبة في المصدر 18,000,00 بخانة ناقصة"
