id,slide,name,root_cause
83,61,عدم الاستفادة الكاملة من الأصول الطبيعية والمناخية في توليد أثر اقتصادي وسياحي مستدام,توفر الأصول الطبيعية بشكل كبير، ولكن دون تحويلها بشكل كافٍ إلى منتجات وتجارب سياحية واستثمارية قابلة للتسويق؛ إضافة إلى غياب التخطيط المكاني التفصيلي للأنشطة المرتبطة بالطبيعة
84,61,انخفاض الاستغلال الاقتصادي للأراضي الزراعية رغم توفر أراضٍ صالحة للزراعة,تشتت الحيازات، ضعف البيانات التفصيلية عن خصائص الأراضي، محدودية الإرشاد والتوجيه للمحاصيل الأعلى جدوى، وضعف ربط الإنتاج بالتصنيع والتسويق
85,61,ضعف تحويل المنتجات الزراعية المميزة مثل العسل والرمان والبن الشدوي إلى علامات ومنتجات ذات قيمة مضافة,تركّز النشاط في الإنتاج الأولي، ضعف التعبئة والتغليف والتصنيع الغذائي والتسويق، وتفاوت قدرات المنتجين المحليين
86,61,الحاجة إلى حماية الغابات والغطاء النباتي من التدهور مع تنامي الاستخدام السياحي والعمراني,حساسية البيئة الطبيعية، انتشار بعض النباتات المتطفلة، ضغط التوسع العمراني، والحاجة إلى مراقبة وحوكمة أفضل لاستخدامات الغابات
87,61,وجود أصول تعدينية غير مستثمرة بالشكل الأمثل ضمن نموذج التنمية المتوازن,التركيز الاستراتيجي الحالي على السياحة والزراعة، مع عدم وضوح المسارات الاستثمارية الممكنة للأصول التعدينية وربطها بسلاسل القيمة أو الصناعات المساندة
88,63,محدودية الأصول العقارية عالية الجودة، خصوصًا الفنادق ومرافق الضيافة,سوق عقاري ناشئ، ضعف جاذبية الاستثمار الفندقي نتيجة موسمية الطلب، ومحدودية المنتجات السياحية المنظمة التي ترفع الإشغال على مدار العام
89,63,محدودية مرافق الترفيه ودور السينما والعروض العائلية,ضعف حجم السوق الحالي، موسمية الزوار، محدودية النماذج التجارية الجاهزة للمستثمرين، ونقص المواقع المطورة القابلة للتشغيل
90,63,انخفاض عدد المطاعم والمقاهي النوعية مقارنة بحجم السكان والزوار,ضعف الطلب المستقر على مدار العام، قلة الكثافة السياحية خارج الموسم، ومحدودية مناطق الجذب المشغلة تجاريًا
91,63,تحديات في تصنيف وملكية الأراضي، ووجود أراضٍ زراعية داخل النطاق العمراني,تداخل الاستخدامات العمرانية والزراعية، عدم اكتمال تحديث المخططات، وغياب قاعدة بيانات مكانية موحدة
92,65,أداء اقتصادي دون الإمكانات المتاحة للمنطقة,محدودية القطاعات المنتجة ذات القيمة المضافة، صغر حجم الأنشطة الاقتصادية، الاعتماد النسبي على القطاع العام، وضعف تنويع مصادر النمو
93,65,ارتفاع بطالة السعوديين، خصوصًا بين النساء والشباب,ضعف تنوع الفرص الوظيفية النوعية، محدودية القطاع الخاص المنتج، وضعف المواءمة بين المهارات والفرص المتاحة في المنطقة
94,65,محدودية مساهمة القطاع الخاص والاستثمار الأجنبي في المنطقة,ضعف جاهزية الفرص الاستثمارية، محدودية البيانات والحزم الاستثمارية، ومحدودية الخدمات الممكنة للمستثمرين موسمية السياحة وانخفاض مدة الإقامة والإنفاق اعتماد الصورة الذهنية على موسم الصيف، محدودية المنتجات والتجارب على مدار العام، وضعف الفعاليات المنظمة
95,65,ضعف تكامل سلاسل القيمة الزراعية والسياحية,وجود إنتاج زراعي وسياحي أولي دون ربط كافٍ بالتصنيع، التسويق، الضيافة، التجارب، والخدمات اللوجستية
96,65,محدودية الوجهات الجوية إلى مطار الباحة وتأثيرها على السياحة والاستثمار,انخفاض الربط الجوي، اعتماد كبير على الزوار المحليين، وصعوبة جذب سياح إقليميين ودوليين دون وصولية أفضل
97,67,تقادم المخططات واحتياج المنطقة إلى تحديث شامل للتخطيط العمراني والريفي,وجود مخطط إقليمي قديم ومخططات محلية محدودة، وتغير الاحتياجات التنموية بعد رؤية 2030
98,67,غياب قاعدة بيانات جيومكانية موحدة للمنطقة,تشتت البيانات بين الجهات، وجود قواعد بيانات قطاعية غير مترابطة، وغياب منصة موحدة لدعم القرار
99,67,العمران المتناثر وصعوبة موازنة التنمية بين المحافظات,طبيعة جغرافية جبلية، تشتت القرى والمراكز، وتفاوت جاهزية البنية التحتية والخدمات بين المواقع
100,67,التشوه البصري وتشتت الهوية العمرانية,غياب كود عمراني محلي مفعل، ضعف تطبيق الهوية البصرية، وتفاوت جودة التطوير العمراني
101,67,الزحف العمراني على البيئة الطبيعية,ضغط التوسع العمراني، تداخل الأراضي الزراعية والطبيعية مع النطاقات العمرانية، وضعف أدوات الرقابة المكانية غياب تصنيف ومعايير وحوكمة موحدة لمتابعة المشاريع التنموية تعدد الجهات المنفذة، غياب منهجية موحدة لتصنيف المشاريع حسب الأثر والأولوية، واعتماد المتابعة على التنسيق اليدوي بين الجهات
102,70,ارتفاع وفيات وإصابات الحوادث المرورية مقارنة بالمملكة,طبيعة جبلية، وجود عقبات وطرق خطرة، كثافة الضباب، وبعد خدمات الطوارئ عن بعض الطرق عالية الخطورة
103,70,محدودية الوصولية اللوجستية بسبب الطرق الجبلية والعقبات,طبيعة تضاريسية معقدة، محدودية الطرق المناسبة للشاحنات، وتأثير ذلك على تكلفة وسرعة نقل المواد والمشاريع
104,70,انخفاض تغطية شبكة الصرف الصحي مقارنة بالمتوسط الوطني,الطبيعة الجبلية وتفاوت الارتفاعات، ارتفاع تكلفة التمديدات، واعتماد الصرف على الانحدار والجاذبية
105,70,فجوات في خدمات المياه في بعض المحافظات والمراكز,تشتت التجمعات السكانية، اختلاف الارتفاعات، الحاجة إلى خزانات وخطوط ناقلة وشبكات مكلفة محدودية الألياف الضوئية مقارنة بالمعدل الوطني تضاريس المنطقة وتشتت التجمعات، وارتفاع تكلفة التغطية الرقمية لبعض المواقع
106,70,ضعف توفر الرعاية الصحية التخصصية وارتفاع الإحالات الطبية خارج المنطقة,محدودية الأجهزة والتخصصات الطبية المتقدمة، ضعف استثمار القطاع الخاص في الصحة، وعدم اكتمال جاهزية بعض الخدمات التخصصية
107,70,انخفاض نسبة اعتماد المستشفيات وضعف جودة بعض الخدمات الصحية,تفاوت جاهزية المنشآت، الحاجة إلى رفع معايير الجودة والاعتماد، وضعف التخصصات والخدمات المساندة
108,70,ارتفاع الأمية رغم وجود نتائج تعليمية جيدة لدى الأجيال الجديدة,تركيبة عمرية تضم نسبة أعلى من كبار السن، وصعوبة الوصول التاريخية للتعليم في القرى والمناطق الجبلية
110,72,ضعف تفعيل التراث الطبيعي والعمراني كمحرك اقتصادي وسياحي,وجود مواقع وموروث غني، لكن بعض المواقع تحتاج إلى تفعيل وتشغيل وتجارب وخطط استثمارية
111,72,عدم اكتمال هوية بصرية وترويجية موحدة للباحة,تنوع الهوية بين المحافظات والمواقع، وعدم وجود سردية موحدة تربط الطبيعة والتراث والزراعة
112,72,محدودية استفادة المجتمع المحلي من البيوت والمواقع التراثية,احتياج البيوت التراثية للتأهيل، ضعف النماذج الاستثمارية الصغيرة، ومحدودية قدرات المجتمع المحلي في التشغيل السياحي
113,72,ضعف ربط التراث غير المادي بالاقتصاد الإبداعي والسياحة,الموروث موجود في الفنون والأطباق والأسواق والمهرجانات، لكنه غير محول بما يكفي إلى منتجات وتجارب مدرة للدخل
114,74,ارتفاع الانتقال إلى خارج المنطقة، خصوصًا بين الشباب,قلة فرص العمل النوعية للخريجين، الرغبة في جودة حياة أفضل، محدودية الأنشطة والخدمات الحديثة
115,74,فقدان جزء من الطاقات الشابة والكوادر الواعدة,انتقال الفئة العمرية 18–29، خصوصًا خريجي الثانوية والطلبة الجامعيين، بسبب ضعف فرص العمل والتطوير المهني
116,74,ارتفاع نسبة كبار السن مقارنة بالمملكة,انتقال الشباب للخارج وبقاء الشرائح الأكبر سنًا، ما يغير هيكل الطلب على الخدمات
118,74,ضعف استبقاء الكفاءات والأسر الشابة,فجوات في الوظائف النوعية، التعليم، الترفيه، الصحة، والخدمات الحديثة
119,76,مركزية الحوكمة وتعدد الجهات ذات العلاقة,إشراف الوزارات المركزية على الجهات المحلية، وتعدد مستويات القرار بين الوطني والمنطقي والمحلي
120,76,ضعف التنسيق الأفقي بين الجهات المحلية والقطاعية,التنسيق يتم غالبًا عبر الجهات المركزية، مع اختلاف أولويات الجهات وتعدد مسارات المتابعة
121,76,ضعف الرصد والمتابعة المبنية على البيانات,غياب قاعدة بيانات موحدة ومؤشرات دورية كافية لقياس التقدم والأثر
123,76,محدودية جاهزية بعض الفرص الاستثمارية للترويج,وجود مقومات وفرص، لكن بعضها يحتاج إلى دراسات جدوى أولية وحزم استثمارية ومواقع محددة
122,76,عدم وضوح العلاقة بين المشاريع القائمة والمستهدفات التنموية,وجود مشاريع متعددة بتمويل وجهات مختلفة دون ربط واضح في الوثيقة بالتحديات والأثر المتوقع
