deck,slide,note_text
04,213,"الأثر المالي: 200,000 زائر إضافي متوسط إنفاق 1000 ريال إجمالي إنفاق = 200 مليون ريال إذا كان كل 200 ألف ريال تدعم وظيفة مباشرة واحدة 200,000,000 ÷ 200,000 = 1,000 وظيفة مباشرة الوظائف الغير مباشرة من الوظائف المباشرة 1.6 1,000 × 0.6 = 600 وظيفة غير مباشرة إجمالي الوظائف = 2,880 وظيفة تقريباً 213"
04,214,"الأثر المالي: 200,000 زائر إضافي متوسط إنفاق 1000 ريال إجمالي إنفاق = 200 مليون ريال إذا كان كل 200 ألف ريال تدعم وظيفة مباشرة واحدة 200,000,000 ÷ 200,000 = 1,000 وظيفة مباشرة الوظائف الغير مباشرة من الوظائف المباشرة 1.6 1,000 × 0.6 = 600 وظيفة غير مباشرة إجمالي الوظائف = 2,880 وظيفة تقريباً 214"
04,215,"الأثر المالي: 200,000 زائر إضافي متوسط إنفاق 1000 ريال إجمالي إنفاق = 200 مليون ريال إذا كان كل 200 ألف ريال تدعم وظيفة مباشرة واحدة 200,000,000 ÷ 200,000 = 1,000 وظيفة مباشرة الوظائف الغير مباشرة من الوظائف المباشرة 1.6 1,000 × 0.6 = 600 وظيفة غير مباشرة إجمالي الوظائف = 2,880 وظيفة تقريباً 215"
04,216,"الأثر المالي: 200,000 زائر إضافي متوسط إنفاق 1000 ريال إجمالي إنفاق = 200 مليون ريال إذا كان كل 200 ألف ريال تدعم وظيفة مباشرة واحدة 200,000,000 ÷ 200,000 = 1,000 وظيفة مباشرة الوظائف الغير مباشرة من الوظائف المباشرة 1.6 1,000 × 0.6 = 600 وظيفة غير مباشرة إجمالي الوظائف = 2,880 وظيفة تقريباً 216"
04,217,"الأثر المالي: 200,000 زائر إضافي متوسط إنفاق 1000 ريال إجمالي إنفاق = 200 مليون ريال إذا كان كل 200 ألف ريال تدعم وظيفة مباشرة واحدة 200,000,000 ÷ 200,000 = 1,000 وظيفة مباشرة الوظائف الغير مباشرة من الوظائف المباشرة 1.6 1,000 × 0.6 = 600 وظيفة غير مباشرة إجمالي الوظائف = 2,880 وظيفة تقريباً 217"
04,218,"الأثر المالي: 200,000 زائر إضافي متوسط إنفاق 1000 ريال إجمالي إنفاق = 200 مليون ريال إذا كان كل 200 ألف ريال تدعم وظيفة مباشرة واحدة 200,000,000 ÷ 200,000 = 1,000 وظيفة مباشرة الوظائف الغير مباشرة من الوظائف المباشرة 1.6 1,000 × 0.6 = 600 وظيفة غير مباشرة إجمالي الوظائف = 2,880 وظيفة تقريباً 218"
04,219,"الأثر المالي: 200,000 زائر إضافي متوسط إنفاق 1000 ريال إجمالي إنفاق = 200 مليون ريال إذا كان كل 200 ألف ريال تدعم وظيفة مباشرة واحدة 200,000,000 ÷ 200,000 = 1,000 وظيفة مباشرة الوظائف الغير مباشرة من الوظائف المباشرة 1.6 1,000 × 0.6 = 600 وظيفة غير مباشرة إجمالي الوظائف = 2,880 وظيفة تقريباً 219"
04,220,"الأثر المالي: 200,000 زائر إضافي متوسط إنفاق 1000 ريال إجمالي إنفاق = 200 مليون ريال إذا كان كل 200 ألف ريال تدعم وظيفة مباشرة واحدة 200,000,000 ÷ 200,000 = 1,000 وظيفة مباشرة الوظائف الغير مباشرة من الوظائف المباشرة 1.6 1,000 × 0.6 = 600 وظيفة غير مباشرة إجمالي الوظائف = 2,880 وظيفة تقريباً 220"
04,221,"الأثر المالي: 200,000 زائر إضافي متوسط إنفاق 1000 ريال إجمالي إنفاق = 200 مليون ريال إذا كان كل 200 ألف ريال تدعم وظيفة مباشرة واحدة 200,000,000 ÷ 200,000 = 1,000 وظيفة مباشرة الوظائف الغير مباشرة من الوظائف المباشرة 1.6 1,000 × 0.6 = 600 وظيفة غير مباشرة إجمالي الوظائف = 2,880 وظيفة تقريباً 221"
04,222,"الأثر المالي: 200,000 زائر إضافي متوسط إنفاق 1000 ريال إجمالي إنفاق = 200 مليون ريال إذا كان كل 200 ألف ريال تدعم وظيفة مباشرة واحدة 200,000,000 ÷ 200,000 = 1,000 وظيفة مباشرة الوظائف الغير مباشرة من الوظائف المباشرة 1.6 1,000 × 0.6 = 600 وظيفة غير مباشرة إجمالي الوظائف = 2,880 وظيفة تقريباً 222"
04,223,"الأثر المالي: 200,000 زائر إضافي متوسط إنفاق 1000 ريال إجمالي إنفاق = 200 مليون ريال إذا كان كل 200 ألف ريال تدعم وظيفة مباشرة واحدة 200,000,000 ÷ 200,000 = 1,000 وظيفة مباشرة الوظائف الغير مباشرة من الوظائف المباشرة 1.6 1,000 × 0.6 = 600 وظيفة غير مباشرة إجمالي الوظائف = 2,880 وظيفة تقريباً 223"
04,224,"الأثر المالي: 200,000 زائر إضافي متوسط إنفاق 1000 ريال إجمالي إنفاق = 200 مليون ريال إذا كان كل 200 ألف ريال تدعم وظيفة مباشرة واحدة 200,000,000 ÷ 200,000 = 1,000 وظيفة مباشرة الوظائف الغير مباشرة من الوظائف المباشرة 1.6 1,000 × 0.6 = 600 وظيفة غير مباشرة إجمالي الوظائف = 2,880 وظيفة تقريباً 224"
04,225,"الأثر المالي: 200,000 زائر إضافي متوسط إنفاق 1000 ريال إجمالي إنفاق = 200 مليون ريال إذا كان كل 200 ألف ريال تدعم وظيفة مباشرة واحدة 200,000,000 ÷ 200,000 = 1,000 وظيفة مباشرة الوظائف الغير مباشرة من الوظائف المباشرة 1.6 1,000 × 0.6 = 600 وظيفة غير مباشرة إجمالي الوظائف = 2,880 وظيفة تقريباً 225"
04,226,"الأثر المالي: 200,000 زائر إضافي متوسط إنفاق 1000 ريال إجمالي إنفاق = 200 مليون ريال إذا كان كل 200 ألف ريال تدعم وظيفة مباشرة واحدة 200,000,000 ÷ 200,000 = 1,000 وظيفة مباشرة الوظائف الغير مباشرة من الوظائف المباشرة 1.6 1,000 × 0.6 = 600 وظيفة غير مباشرة إجمالي الوظائف = 2,880 وظيفة تقريباً 226"
04,227,"الأثر المالي: 200,000 زائر إضافي متوسط إنفاق 1000 ريال إجمالي إنفاق = 200 مليون ريال إذا كان كل 200 ألف ريال تدعم وظيفة مباشرة واحدة 200,000,000 ÷ 200,000 = 1,000 وظيفة مباشرة الوظائف الغير مباشرة من الوظائف المباشرة 1.6 1,000 × 0.6 = 600 وظيفة غير مباشرة إجمالي الوظائف = 2,880 وظيفة تقريباً 227"
04,228,"الأثر المالي: 200,000 زائر إضافي متوسط إنفاق 1000 ريال إجمالي إنفاق = 200 مليون ريال إذا كان كل 200 ألف ريال تدعم وظيفة مباشرة واحدة 200,000,000 ÷ 200,000 = 1,000 وظيفة مباشرة الوظائف الغير مباشرة من الوظائف المباشرة 1.6 1,000 × 0.6 = 600 وظيفة غير مباشرة إجمالي الوظائف = 2,880 وظيفة تقريباً 228"
04,229,"الأثر المالي: 200,000 زائر إضافي متوسط إنفاق 1000 ريال إجمالي إنفاق = 200 مليون ريال إذا كان كل 200 ألف ريال تدعم وظيفة مباشرة واحدة 200,000,000 ÷ 200,000 = 1,000 وظيفة مباشرة الوظائف الغير مباشرة من الوظائف المباشرة 1.6 1,000 × 0.6 = 600 وظيفة غير مباشرة إجمالي الوظائف = 2,880 وظيفة تقريباً 229"
04,230,"الأثر المالي: 200,000 زائر إضافي متوسط إنفاق 1000 ريال إجمالي إنفاق = 200 مليون ريال إذا كان كل 200 ألف ريال تدعم وظيفة مباشرة واحدة 200,000,000 ÷ 200,000 = 1,000 وظيفة مباشرة الوظائف الغير مباشرة من الوظائف المباشرة 1.6 1,000 × 0.6 = 600 وظيفة غير مباشرة إجمالي الوظائف = 2,880 وظيفة تقريباً 230"
04,231,"الأثر المالي: 200,000 زائر إضافي متوسط إنفاق 1000 ريال إجمالي إنفاق = 200 مليون ريال إذا كان كل 200 ألف ريال تدعم وظيفة مباشرة واحدة 200,000,000 ÷ 200,000 = 1,000 وظيفة مباشرة الوظائف الغير مباشرة من الوظائف المباشرة 1.6 1,000 × 0.6 = 600 وظيفة غير مباشرة إجمالي الوظائف = 2,880 وظيفة تقريباً 231"
04,232,"الأثر المالي: 200,000 زائر إضافي متوسط إنفاق 1000 ريال إجمالي إنفاق = 200 مليون ريال إذا كان كل 200 ألف ريال تدعم وظيفة مباشرة واحدة 200,000,000 ÷ 200,000 = 1,000 وظيفة مباشرة الوظائف الغير مباشرة من الوظائف المباشرة 1.6 1,000 × 0.6 = 600 وظيفة غير مباشرة إجمالي الوظائف = 2,880 وظيفة تقريباً 232"
04,233,"الأثر المالي: 200,000 زائر إضافي متوسط إنفاق 1000 ريال إجمالي إنفاق = 200 مليون ريال إذا كان كل 200 ألف ريال تدعم وظيفة مباشرة واحدة 200,000,000 ÷ 200,000 = 1,000 وظيفة مباشرة الوظائف الغير مباشرة من الوظائف المباشرة 1.6 1,000 × 0.6 = 600 وظيفة غير مباشرة إجمالي الوظائف = 2,880 وظيفة تقريباً 233"
04,234,"الأثر المالي: 200,000 زائر إضافي متوسط إنفاق 1000 ريال إجمالي إنفاق = 200 مليون ريال إذا كان كل 200 ألف ريال تدعم وظيفة مباشرة واحدة 200,000,000 ÷ 200,000 = 1,000 وظيفة مباشرة الوظائف الغير مباشرة من الوظائف المباشرة 1.6 1,000 × 0.6 = 600 وظيفة غير مباشرة إجمالي الوظائف = 2,880 وظيفة تقريباً 234"
04,235,"الأثر المالي: 200,000 زائر إضافي متوسط إنفاق 1000 ريال إجمالي إنفاق = 200 مليون ريال إذا كان كل 200 ألف ريال تدعم وظيفة مباشرة واحدة 200,000,000 ÷ 200,000 = 1,000 وظيفة مباشرة الوظائف الغير مباشرة من الوظائف المباشرة 1.6 1,000 × 0.6 = 600 وظيفة غير مباشرة إجمالي الوظائف = 2,880 وظيفة تقريباً 235"
04,236,"الأثر المالي: 200,000 زائر إضافي متوسط إنفاق 1000 ريال إجمالي إنفاق = 200 مليون ريال إذا كان كل 200 ألف ريال تدعم وظيفة مباشرة واحدة 200,000,000 ÷ 200,000 = 1,000 وظيفة مباشرة الوظائف الغير مباشرة من الوظائف المباشرة 1.6 1,000 × 0.6 = 600 وظيفة غير مباشرة إجمالي الوظائف = 2,880 وظيفة تقريباً 236"
04,237,"الأثر المالي: 200,000 زائر إضافي متوسط إنفاق 1000 ريال إجمالي إنفاق = 200 مليون ريال إذا كان كل 200 ألف ريال تدعم وظيفة مباشرة واحدة 200,000,000 ÷ 200,000 = 1,000 وظيفة مباشرة الوظائف الغير مباشرة من الوظائف المباشرة 1.6 1,000 × 0.6 = 600 وظيفة غير مباشرة إجمالي الوظائف = 2,880 وظيفة تقريباً 237"
04,238,"الأثر المالي: 200,000 زائر إضافي متوسط إنفاق 1000 ريال إجمالي إنفاق = 200 مليون ريال إذا كان كل 200 ألف ريال تدعم وظيفة مباشرة واحدة 200,000,000 ÷ 200,000 = 1,000 وظيفة مباشرة الوظائف الغير مباشرة من الوظائف المباشرة 1.6 1,000 × 0.6 = 600 وظيفة غير مباشرة إجمالي الوظائف = 2,880 وظيفة تقريباً 238"
04,239,"الأثر المالي: 200,000 زائر إضافي متوسط إنفاق 1000 ريال إجمالي إنفاق = 200 مليون ريال إذا كان كل 200 ألف ريال تدعم وظيفة مباشرة واحدة 200,000,000 ÷ 200,000 = 1,000 وظيفة مباشرة الوظائف الغير مباشرة من الوظائف المباشرة 1.6 1,000 × 0.6 = 600 وظيفة غير مباشرة إجمالي الوظائف = 2,880 وظيفة تقريباً 239"
04,240,"الأثر المالي: 200,000 زائر إضافي متوسط إنفاق 1000 ريال إجمالي إنفاق = 200 مليون ريال إذا كان كل 200 ألف ريال تدعم وظيفة مباشرة واحدة 200,000,000 ÷ 200,000 = 1,000 وظيفة مباشرة الوظائف الغير مباشرة من الوظائف المباشرة 1.6 1,000 × 0.6 = 600 وظيفة غير مباشرة إجمالي الوظائف = 2,880 وظيفة تقريباً 240"
04,241,"الأثر المالي: 200,000 زائر إضافي متوسط إنفاق 1000 ريال إجمالي إنفاق = 200 مليون ريال إذا كان كل 200 ألف ريال تدعم وظيفة مباشرة واحدة 200,000,000 ÷ 200,000 = 1,000 وظيفة مباشرة الوظائف الغير مباشرة من الوظائف المباشرة 1.6 1,000 × 0.6 = 600 وظيفة غير مباشرة إجمالي الوظائف = 2,880 وظيفة تقريباً 241"
04,242,"الأثر المالي: 200,000 زائر إضافي متوسط إنفاق 1000 ريال إجمالي إنفاق = 200 مليون ريال إذا كان كل 200 ألف ريال تدعم وظيفة مباشرة واحدة 200,000,000 ÷ 200,000 = 1,000 وظيفة مباشرة الوظائف الغير مباشرة من الوظائف المباشرة 1.6 1,000 × 0.6 = 600 وظيفة غير مباشرة إجمالي الوظائف = 2,880 وظيفة تقريباً 242"
04,243,"الأثر المالي: 200,000 زائر إضافي متوسط إنفاق 1000 ريال إجمالي إنفاق = 200 مليون ريال إذا كان كل 200 ألف ريال تدعم وظيفة مباشرة واحدة 200,000,000 ÷ 200,000 = 1,000 وظيفة مباشرة الوظائف الغير مباشرة من الوظائف المباشرة 1.6 1,000 × 0.6 = 600 وظيفة غير مباشرة إجمالي الوظائف = 2,880 وظيفة تقريباً 243"
04,244,"الأثر المالي: 200,000 زائر إضافي متوسط إنفاق 1000 ريال إجمالي إنفاق = 200 مليون ريال إذا كان كل 200 ألف ريال تدعم وظيفة مباشرة واحدة 200,000,000 ÷ 200,000 = 1,000 وظيفة مباشرة الوظائف الغير مباشرة من الوظائف المباشرة 1.6 1,000 × 0.6 = 600 وظيفة غير مباشرة إجمالي الوظائف = 2,880 وظيفة تقريباً 244"
04,245,"الأثر المالي: 200,000 زائر إضافي متوسط إنفاق 1000 ريال إجمالي إنفاق = 200 مليون ريال إذا كان كل 200 ألف ريال تدعم وظيفة مباشرة واحدة 200,000,000 ÷ 200,000 = 1,000 وظيفة مباشرة الوظائف الغير مباشرة من الوظائف المباشرة 1.6 1,000 × 0.6 = 600 وظيفة غير مباشرة إجمالي الوظائف = 2,880 وظيفة تقريباً 245"
