number,title,program,initiative_codes
1,منتجع التخييم الفاخر في منطقة الباحة,الباحة 365,01.02
2,منطقة للمقطورات والعربات المتنقلة,الباحة 365,01.02
3,,هوية الباحة وإحياء التراث,03.01
4,نُزُل الأكواخ في الغابات​​,الباحة 365,01.02
5,منبر دوس الذي,هوية الباحة وإحياء التراث,03.02
6,منتجع الباحة للفروسية ​,البرامج والمبادرات,04.02
7,.7,البرامج والمبادرات,04.02
8,منتجع عائلي شامل كليًا وعضوي​,البرامج والمبادرات,02.03
9,,البرامج والمبادرات,04.02
10,سوق الباحة الزراعي​,البرامج والمبادرات,02.03
11,فندق التراث,هوية الباحة وإحياء التراث,03.03
12,مركز أنشطة رياضية شاهق الارتفاع,,04.04
13,منتجع المندق الصحي,,04.03
14,مركز الرياضات الجبلية,الباحة 365,01.03
15,المحور الترفيهي والرياضي حول السدود,الباحة 365,01.03
16,ساحة الأنشطة,,04.02
17,مركز أنشطة المغامرات في الغابة,الباحة 365,01.03
18,منتجع العسل,,03.05
19,قرية التراث,هوية الباحة وإحياء التراث,03.02
20,أماكن الإقامة وسط الطبيعة,الباحة 365,01.03
21,. منتجع الباحة الجبلي,الباحة 365,01.03
22,,الباحة 365,01.03
23,,خيرات الباحة,02.05
24,,خيرات الباحة,02.04
25,,هوية الباحة,03.03
26,,,02.05
27,,خيرات الباحة,02.05
28,,خيرات الباحة,02.05
29,,الارتقاء بجودة الحياة,04.02
30,,الباحة 365,01.03
