old_code,new_code,name
KPI-02,KPI-01,"الناتج المحلي الإجمالي"
KPI-03,KPI-02,"مساهمة القطاع الخاص في الناتج المحلي"
KPI-04,KPI-03,"نسبة المحتوى المحلي في مشاريع الاستراتيجية الوطنية لمنطقة الباحة"
KPI-05,KPI-04,"معدل البطالة بين السعوديين"
KPI-06,KPI-05,"مساهمة الباحة في الإيرادات غير النفطية"
KPI-07,KPI-06,"ترتيب الباحة في المؤشر الوطني ""جودة الحياة في المدن"""
KPI-08,KPI-07,"نسبة المواقع التراثية المعاد تأهيلها في منطقة الباحة"
KPI-09,KPI-08,"نسبة المنتقلين إلى الخارج من سكان المنطقة"
KPI-10,KPI-09,"عدد الوظائف المستحدثة"
KPI-12,KPI-10,"عدد وجهات الاستجمام المفعلة في منطقة الباحة"
KPI-13,KPI-11,"عدد الزوار السياحيين لمنطقة الباحة"
KPI-14,KPI-12,"إجمالي الإنفاق السياحي السنوي في منطقة الباحة"
KPI-15,KPI-13,"درجة مؤشر التوصية بالوجهة السياحية في الباحة - NPS"
KPI-16,KPI-14,"نسبة رضا الزوار عن التجربة السياحية في منطقة الباحة"
KPI-17,KPI-15,"إجمالي حجم إنتاج منطقة الباحة من المنتجات الزراعية المنتقاة بالطن"
KPI-18,KPI-16,"عدد منشآت الصناعات الغذائية التحويلية المرخصة في منطقة الباحة"
KPI-19,KPI-17,"معدل كفاءة الإنتاج الزراعي لكل متر مكعب من المياه المستخدمة"
KPI-20,KPI-18,"نسبة المواقع التراثية المعاد تأهيلها في منطقة الباحة"
KPI-21,KPI-19,"عدد الفعاليات الثقافية والسياحية والتراثية المقامة في منطقة الباحة"
KPI-22,KPI-20,"عدد خريجي برامج التدريب والتأهيل في القطاعات ذات الأولوية"
KPI-23,KPI-21,"عدد الكيانات المجتمعية الاقتصادية المرخصة في منطقة الباحة"
KPI-24,KPI-22,"إجمالي عدد مفاتيح مرافق الإيواء السياحي المرخصة في منطقة الباحة"
KPI-25,KPI-23,"إجمالي عدد المسافرين عبر مطار الباحة سنويًا"
KPI-26,KPI-24,"إجمالي قيمة الاستثمارات الخاصة المنفذة في القطاعات ذات الأولوية بمنطقة الباحة"
